Row,City,City Name,Country,Checkin_Date,Source,Price,Air Price,# Days,Hotel Name,URL,url_flight,Final Price
102,CXJ,Caxias do Sul,Brazil,2026-10-31,booking,4033,1223.3,2,Pousada Quinta do Vale (snowland),https://www.booking.com/searchresults.pt-br.html?ss=Pousada+Quinta+do+Vale%2C+Gramado%2C+Rio+Grande+do+Sul%2C+Brasil&checkin=2026-10-31&checkout=2026-11-02&group_adults=8&no_rooms=4&group_children=1&age=4&selected_currency=BRL,https://www.latamairlines.com/br/pt/oferta-voos?origin=SAO&outbound=2026-11-06T00%3A00%3A00.000Z&destination=SDU&inbound=2026-11-09T00%3A00%3A00.000Z&adt=1&chd=0&inf=0&trip=RT&cabin=Economy&redemption=true&sort=PRICE%2Casc,11372.8
71,CAC,Cascavel,Brazil,2026-10-31,booking,5100,1121.3,2,Catarina,https://www.booking.com/searchresults.pt-br.html?ss=Recanto+Catarina%2C+Cascavel&checkin=2026-10-31&checkout=2026-11-02&group_adults=8&no_rooms=4&group_children=1&age=4&selected_currency=BRL,https://www.latamairlines.com/br/pt/oferta-voos?origin=SAO&outbound=2026-11-06T00%3A00%3A00.000Z&destination=SDU&inbound=2026-11-09T00%3A00%3A00.000Z&adt=1&chd=0&inf=0&trip=RT&cabin=Economy&redemption=true&sort=PRICE%2Casc,11827.8
98,NVT,Navegantes,Brazil,2026-10-31,booking,4682,1380.08,2,B14 Suítes (Beto),https://www.booking.com/searchresults.pt-br.html?ss=B14+Su%C3%ADtes%2C+Penha%2C+Santa+Catarina%2C+Brasil&checkin=2026-10-31&checkout=2026-11-02&group_adults=8&no_rooms=4&group_children=1&age=4&selected_currency=BRL,https://www.latamairlines.com/br/pt/oferta-voos?origin=SAO&outbound=2026-11-06T00%3A00%3A00.000Z&destination=SDU&inbound=2026-11-09T00%3A00%3A00.000Z&adt=1&chd=0&inf=0&trip=RT&cabin=Economy&redemption=true&sort=PRICE%2Casc,12962.48
82,THE,Teresina,Brazil,2026-10-31,booking,5806,1342.16,2,Mikiki,https://www.booking.com/searchresults.pt-br.html?ss=Mikiki+Lifestyle+Hotel%2C+Barra+Grande&checkin=2026-10-31&checkout=2026-11-02&group_adults=8&no_rooms=4&group_children=1&age=4&selected_currency=BRL,https://www.latamairlines.com/br/pt/oferta-voos?origin=SAO&outbound=2026-11-06T00%3A00%3A00.000Z&destination=SDU&inbound=2026-11-09T00%3A00%3A00.000Z&adt=1&chd=0&inf=0&trip=RT&cabin=Economy&redemption=true&sort=PRICE%2Casc,13858.960000000001
69,MOC,Montes Claros,Brazil,2026-10-31,booking,5745,1367.3,2,Casarão Diamantina,https://www.booking.com/searchresults.pt-br.html?ss=Casar%C3%A3o+Diamantina%2C+Diamantina%2C+Minas+Gerais%2C+Brasil&checkin=2026-10-31&checkout=2026-11-02&group_adults=8&no_rooms=4&group_children=1&age=4&selected_currency=BRL,https://www.latamairlines.com/br/pt/oferta-voos?origin=SAO&outbound=2026-11-06T00%3A00%3A00.000Z&destination=SDU&inbound=2026-11-09T00%3A00%3A00.000Z&adt=1&chd=0&inf=0&trip=RT&cabin=Economy&redemption=true&sort=PRICE%2Casc,13948.8
70,CAC,Cascavel,Brazil,2026-10-30,booking,7650,1095.3,3,Catarina,https://www.booking.com/searchresults.pt-br.html?ss=Recanto+Catarina%2C+Cascavel&checkin=2026-10-30&checkout=2026-11-02&group_adults=8&no_rooms=4&group_children=1&age=4&selected_currency=BRL,https://www.latamairlines.com/br/pt/oferta-voos?origin=SAO&outbound=2026-11-06T00%3A00%3A00.000Z&destination=SDU&inbound=2026-11-09T00%3A00%3A00.000Z&adt=1&chd=0&inf=0&trip=RT&cabin=Economy&redemption=true&sort=PRICE%2Casc,14221.8
96,CGR,Campo Grande,Brazil,2026-10-31,booking,8450,1119.3,2,Pousada Pantanal Experiência (190km),https://www.booking.com/searchresults.pt-br.html?ss=Pousada+Pantanal+Experi%C3%AAncia%2C+Miranda&checkin=2026-10-31&checkout=2026-11-02&group_adults=8&no_rooms=4&group_children=1&age=4&selected_currency=BRL,https://www.latamairlines.com/br/pt/oferta-voos?origin=SAO&outbound=2026-11-06T00%3A00%3A00.000Z&destination=SDU&inbound=2026-11-09T00%3A00%3A00.000Z&adt=1&chd=0&inf=0&trip=RT&cabin=Economy&redemption=true&sort=PRICE%2Casc,15165.8
86,CNF,Belo Horizonte,Brazil,2026-10-31,booking,7438,1385.3,2,Classica (Ouro Preto),https://www.booking.com/searchresults.pt-br.html?ss=Hotel+Pousada+Cl%C3%A1ssica%2C+Ouro+Preto%2C+Minas+Gerais&checkin=2026-10-31&checkout=2026-11-02&group_adults=8&no_rooms=4&group_children=1&age=4&selected_currency=BRL,https://www.latamairlines.com/br/pt/oferta-voos?origin=SAO&outbound=2026-11-06T00%3A00%3A00.000Z&destination=SDU&inbound=2026-11-09T00%3A00%3A00.000Z&adt=1&chd=0&inf=0&trip=RT&cabin=Economy&redemption=true&sort=PRICE%2Casc,15749.8
100,PMW,Palmas,Brazil,2026-10-31,booking,3710,2065.3,2,Pousada Águas do Jalapão,https://www.booking.com/searchresults.pt-br.html?ss=Pousada+%C3%81guas+do+Jalap%C3%A3o%2C+Ponte+Alta+do+Tocantins%2C+Tocantins+%28Norte+do+Brasil&checkin=2026-10-31&checkout=2026-11-02&group_adults=8&no_rooms=4&group_children=1&age=4&selected_currency=BRL,https://www.latamairlines.com/br/pt/oferta-voos?origin=SAO&outbound=2026-11-06T00%3A00%3A00.000Z&destination=SDU&inbound=2026-11-09T00%3A00%3A00.000Z&adt=1&chd=0&inf=0&trip=RT&cabin=Economy&redemption=true&sort=PRICE%2Casc,16101.800000000001
97,NVT,Navegantes,Brazil,2026-10-30,booking,7023,1536.08,3,B14 Suítes (Beto),https://www.booking.com/searchresults.pt-br.html?ss=B14+Su%C3%ADtes%2C+Penha%2C+Santa+Catarina%2C+Brasil&checkin=2026-10-30&checkout=2026-11-02&group_adults=8&no_rooms=4&group_children=1&age=4&selected_currency=BRL,https://www.latamairlines.com/br/pt/oferta-voos?origin=SAO&outbound=2026-11-06T00%3A00%3A00.000Z&destination=SDU&inbound=2026-11-09T00%3A00%3A00.000Z&adt=1&chd=0&inf=0&trip=RT&cabin=Economy&redemption=true&sort=PRICE%2Casc,16239.48
85,CNF,Belo Horizonte,Brazil,2026-10-30,booking,10598,972.08,3,Classica (Ouro Preto),https://www.booking.com/searchresults.pt-br.html?ss=Hotel+Pousada+Cl%C3%A1ssica%2C+Ouro+Preto%2C+Minas+Gerais&checkin=2026-10-30&checkout=2026-11-02&group_adults=8&no_rooms=4&group_children=1&age=4&selected_currency=BRL,https://www.latamairlines.com/br/pt/oferta-voos?origin=SAO&outbound=2026-11-06T00%3A00%3A00.000Z&destination=SDU&inbound=2026-11-09T00%3A00%3A00.000Z&adt=1&chd=0&inf=0&trip=RT&cabin=Economy&redemption=true&sort=PRICE%2Casc,16430.48
95,CGR,Campo Grande,Brazil,2026-10-30,booking,8520,1333.3,3,Pousada Girassol (Bonito),https://www.booking.com/searchresults.pt-br.html?ss=Pousada+Girassol%2C+Bonito&checkin=2026-10-30&checkout=2026-11-02&group_adults=8&no_rooms=4&group_children=1&age=4&selected_currency=BRL,https://www.latamairlines.com/br/pt/oferta-voos?origin=SAO&outbound=2026-11-06T00%3A00%3A00.000Z&destination=SDU&inbound=2026-11-09T00%3A00%3A00.000Z&adt=1&chd=0&inf=0&trip=RT&cabin=Economy&redemption=true&sort=PRICE%2Casc,16519.8
100,PMW,Palmas,Brazil,2026-10-31,booking,4451,2065.3,2,Pousada Casa de Naná,https://www.booking.com/searchresults.pt-br.html?ss=Pousada+Casa+de+Nan%C3%A1%2C+Palmas%2C+Tocantins%2C+Brasil&checkin=2026-10-31&checkout=2026-11-02&group_adults=8&no_rooms=4&group_children=1&age=4&selected_currency=BRL,https://www.latamairlines.com/br/pt/oferta-voos?origin=SAO&outbound=2026-11-06T00%3A00%3A00.000Z&destination=SDU&inbound=2026-11-09T00%3A00%3A00.000Z&adt=1&chd=0&inf=0&trip=RT&cabin=Economy&redemption=true&sort=PRICE%2Casc,16842.800000000003
98,NVT,Navegantes,Brazil,2026-10-31,booking,8777,1380.08,2,Liwe Hotels,https://www.booking.com/searchresults.pt-br.html?ss=Liwe+Hotels%2C+Penha%2C+Santa+Catarina%2C+Brasil&checkin=2026-10-31&checkout=2026-11-02&group_adults=8&no_rooms=4&group_children=1&age=4&selected_currency=BRL,https://www.latamairlines.com/br/pt/oferta-voos?origin=SAO&outbound=2026-11-06T00%3A00%3A00.000Z&destination=SDU&inbound=2026-11-09T00%3A00%3A00.000Z&adt=1&chd=0&inf=0&trip=RT&cabin=Economy&redemption=true&sort=PRICE%2Casc,17057.48
100,PMW,Palmas,Brazil,2026-10-31,booking,4706,2065.3,2,Pousada Divino Toca,https://www.booking.com/searchresults.pt-br.html?ss=Pousada+Divino+Toca%2C+Palmas%2C+Tocantins%2C+Brasil&checkin=2026-10-31&checkout=2026-11-02&group_adults=8&no_rooms=4&group_children=1&age=4&selected_currency=BRL,https://www.latamairlines.com/br/pt/oferta-voos?origin=SAO&outbound=2026-11-06T00%3A00%3A00.000Z&destination=SDU&inbound=2026-11-09T00%3A00%3A00.000Z&adt=1&chd=0&inf=0&trip=RT&cabin=Economy&redemption=true&sort=PRICE%2Casc,17097.800000000003
91,BYO,Bonito,Brazil,2026-10-30,booking,8520,1447.3,3,Pousada Girassol (Bonito),https://www.booking.com/searchresults.pt-br.html?ss=Pousada+Girassol%2C+Bonito&checkin=2026-10-30&checkout=2026-11-02&group_adults=8&no_rooms=4&group_children=1&age=4&selected_currency=BRL,https://www.latamairlines.com/br/pt/oferta-voos?origin=SAO&outbound=2026-11-06T00%3A00%3A00.000Z&destination=SDU&inbound=2026-11-09T00%3A00%3A00.000Z&adt=1&chd=0&inf=0&trip=RT&cabin=Economy&redemption=true&sort=PRICE%2Casc,17203.8
86,CNF,Belo Horizonte,Brazil,2026-10-31,booking,9930,1385.3,2,Recanto do Ouro (Ouro Preto),https://www.booking.com/searchresults.pt-br.html?ss=Hotel+Recanto+do+Ouro%2C+Ouro+Preto%2C+Minas+Gerais&checkin=2026-10-31&checkout=2026-11-02&group_adults=8&no_rooms=4&group_children=1&age=4&selected_currency=BRL,https://www.latamairlines.com/br/pt/oferta-voos?origin=SAO&outbound=2026-11-06T00%3A00%3A00.000Z&destination=SDU&inbound=2026-11-09T00%3A00%3A00.000Z&adt=1&chd=0&inf=0&trip=RT&cabin=Economy&redemption=true&sort=PRICE%2Casc,18241.8
90,BVB,Boa Vista,Brazil,2026-10-31,booking,3716,2435.3,2,Ibis Styles,https://www.booking.com/searchresults.pt-br.html?ss=ibis+Styles+Boa+Vista%2C+Boa+Vista%2C+Roraima&checkin=2026-10-31&checkout=2026-11-02&group_adults=8&no_rooms=4&group_children=1&age=4&selected_currency=BRL,https://www.latamairlines.com/br/pt/oferta-voos?origin=SAO&outbound=2026-11-06T00%3A00%3A00.000Z&destination=SDU&inbound=2026-11-09T00%3A00%3A00.000Z&adt=1&chd=0&inf=0&trip=RT&cabin=Economy&redemption=true&sort=PRICE%2Casc,18327.800000000003
86,CNF,Belo Horizonte,Brazil,2026-10-31,booking,10528,1385.3,2,Vila Galé Collection Ouro Preto,https://www.booking.com/searchresults.pt-br.html?ss=Vila+Gal%C3%A9+Collection+Ouro+Preto%2C+Ouro+Preto%2C+Minas+Gerais&checkin=2026-10-31&checkout=2026-11-02&group_adults=8&no_rooms=4&group_children=1&age=4&selected_currency=BRL,https://www.latamairlines.com/br/pt/oferta-voos?origin=SAO&outbound=2026-11-06T00%3A00%3A00.000Z&destination=SDU&inbound=2026-11-09T00%3A00%3A00.000Z&adt=1&chd=0&inf=0&trip=RT&cabin=Economy&redemption=true&sort=PRICE%2Casc,18839.8
86,CNF,Belo Horizonte,Brazil,2026-10-31,booking,10590,1385.3,2,Hotel Luxor (Ouro Preto),https://www.booking.com/searchresults.pt-br.html?ss=Hotel+Luxor%2C+Ouro+Preto%2C+Minas+Gerais&checkin=2026-10-31&checkout=2026-11-02&group_adults=8&no_rooms=4&group_children=1&age=4&selected_currency=BRL,https://www.latamairlines.com/br/pt/oferta-voos?origin=SAO&outbound=2026-11-06T00%3A00%3A00.000Z&destination=SDU&inbound=2026-11-09T00%3A00%3A00.000Z&adt=1&chd=0&inf=0&trip=RT&cabin=Economy&redemption=true&sort=PRICE%2Casc,18901.8
85,CNF,Belo Horizonte,Brazil,2026-10-30,booking,13795,972.08,3,Recanto do Ouro (Ouro Preto),https://www.booking.com/searchresults.pt-br.html?ss=Hotel+Recanto+do+Ouro%2C+Ouro+Preto%2C+Minas+Gerais&checkin=2026-10-30&checkout=2026-11-02&group_adults=8&no_rooms=4&group_children=1&age=4&selected_currency=BRL,https://www.latamairlines.com/br/pt/oferta-voos?origin=SAO&outbound=2026-11-06T00%3A00%3A00.000Z&destination=SDU&inbound=2026-11-09T00%3A00%3A00.000Z&adt=1&chd=0&inf=0&trip=RT&cabin=Economy&redemption=true&sort=PRICE%2Casc,19627.48
71,CAC,Cascavel,Brazil,2026-10-31,booking,13293,1121.3,2,Sanma (prox Aero),https://www.booking.com/searchresults.pt-br.html?ss=Sanma+Hotel%2C+Foz+do+Igua%C3%A7u%2C+Paran%C3%A1&checkin=2026-10-31&checkout=2026-11-02&group_adults=8&no_rooms=4&group_children=1&age=4&selected_currency=BRL,https://www.latamairlines.com/br/pt/oferta-voos?origin=SAO&outbound=2026-11-06T00%3A00%3A00.000Z&destination=SDU&inbound=2026-11-09T00%3A00%3A00.000Z&adt=1&chd=0&inf=0&trip=RT&cabin=Economy&redemption=true&sort=PRICE%2Casc,20020.8
99,PMW,Palmas,Brazil,2026-10-30,booking,5565,2428.86,3,Pousada Águas do Jalapão,https://www.booking.com/searchresults.pt-br.html?ss=Pousada+%C3%81guas+do+Jalap%C3%A3o%2C+Ponte+Alta+do+Tocantins%2C+Tocantins+%28Norte+do+Brasil&checkin=2026-10-30&checkout=2026-11-02&group_adults=8&no_rooms=4&group_children=1&age=4&selected_currency=BRL,https://www.latamairlines.com/br/pt/oferta-voos?origin=SAO&outbound=2026-11-06T00%3A00%3A00.000Z&destination=SDU&inbound=2026-11-09T00%3A00%3A00.000Z&adt=1&chd=0&inf=0&trip=RT&cabin=Economy&redemption=true&sort=PRICE%2Casc,20138.16
95,CGR,Campo Grande,Brazil,2026-10-30,booking,12675,1333.3,3,Pousada Pantanal Experiência (190km),https://www.booking.com/searchresults.pt-br.html?ss=Pousada+Pantanal+Experi%C3%AAncia%2C+Miranda&checkin=2026-10-30&checkout=2026-11-02&group_adults=8&no_rooms=4&group_children=1&age=4&selected_currency=BRL,https://www.latamairlines.com/br/pt/oferta-voos?origin=SAO&outbound=2026-11-06T00%3A00%3A00.000Z&destination=SDU&inbound=2026-11-09T00%3A00%3A00.000Z&adt=1&chd=0&inf=0&trip=RT&cabin=Economy&redemption=true&sort=PRICE%2Casc,20674.8
99,PMW,Palmas,Brazil,2026-10-30,booking,6482,2428.86,3,Pousada Casa de Naná,https://www.booking.com/searchresults.pt-br.html?ss=Pousada+Casa+de+Nan%C3%A1%2C+Palmas%2C+Tocantins%2C+Brasil&checkin=2026-10-30&checkout=2026-11-02&group_adults=8&no_rooms=4&group_children=1&age=4&selected_currency=BRL,https://www.latamairlines.com/br/pt/oferta-voos?origin=SAO&outbound=2026-11-06T00%3A00%3A00.000Z&destination=SDU&inbound=2026-11-09T00%3A00%3A00.000Z&adt=1&chd=0&inf=0&trip=RT&cabin=Economy&redemption=true&sort=PRICE%2Casc,21055.16
85,CNF,Belo Horizonte,Brazil,2026-10-30,booking,15456,972.08,3,Vila Galé Collection Ouro Preto,https://www.booking.com/searchresults.pt-br.html?ss=Vila+Gal%C3%A9+Collection+Ouro+Preto%2C+Ouro+Preto%2C+Minas+Gerais&checkin=2026-10-30&checkout=2026-11-02&group_adults=8&no_rooms=4&group_children=1&age=4&selected_currency=BRL,https://www.latamairlines.com/br/pt/oferta-voos?origin=SAO&outbound=2026-11-06T00%3A00%3A00.000Z&destination=SDU&inbound=2026-11-09T00%3A00%3A00.000Z&adt=1&chd=0&inf=0&trip=RT&cabin=Economy&redemption=true&sort=PRICE%2Casc,21288.48
91,BYO,Bonito,Brazil,2026-10-30,booking,12675,1447.3,3,Pousada Pantanal Experiência,https://www.booking.com/searchresults.pt-br.html?ss=Pousada+Pantanal+Experi%C3%AAncia%2C+Miranda&checkin=2026-10-30&checkout=2026-11-02&group_adults=8&no_rooms=4&group_children=1&age=4&selected_currency=BRL,https://www.latamairlines.com/br/pt/oferta-voos?origin=SAO&outbound=2026-11-06T00%3A00%3A00.000Z&destination=SDU&inbound=2026-11-09T00%3A00%3A00.000Z&adt=1&chd=0&inf=0&trip=RT&cabin=Economy&redemption=true&sort=PRICE%2Casc,21358.8
82,THE,Teresina,Brazil,2026-10-31,booking,13395,1342.16,2,Mona,https://www.booking.com/searchresults.pt-br.html?ss=Mon%C3%A3+Hotel%2C+Teresina&checkin=2026-10-31&checkout=2026-11-02&group_adults=8&no_rooms=4&group_children=1&age=4&selected_currency=BRL,https://www.latamairlines.com/br/pt/oferta-voos?origin=SAO&outbound=2026-11-06T00%3A00%3A00.000Z&destination=SDU&inbound=2026-11-09T00%3A00%3A00.000Z&adt=1&chd=0&inf=0&trip=RT&cabin=Economy&redemption=true&sort=PRICE%2Casc,21447.96
99,PMW,Palmas,Brazil,2026-10-30,booking,7059,2428.86,3,Pousada Divino Toca,https://www.booking.com/searchresults.pt-br.html?ss=Pousada+Divino+Toca%2C+Palmas%2C+Tocantins%2C+Brasil&checkin=2026-10-30&checkout=2026-11-02&group_adults=8&no_rooms=4&group_children=1&age=4&selected_currency=BRL,https://www.latamairlines.com/br/pt/oferta-voos?origin=SAO&outbound=2026-11-06T00%3A00%3A00.000Z&destination=SDU&inbound=2026-11-09T00%3A00%3A00.000Z&adt=1&chd=0&inf=0&trip=RT&cabin=Economy&redemption=true&sort=PRICE%2Casc,21632.16
85,CNF,Belo Horizonte,Brazil,2026-10-30,booking,15885,972.08,3,Hotel Luxor (Ouro Preto),https://www.booking.com/searchresults.pt-br.html?ss=Hotel+Luxor%2C+Ouro+Preto%2C+Minas+Gerais&checkin=2026-10-30&checkout=2026-11-02&group_adults=8&no_rooms=4&group_children=1&age=4&selected_currency=BRL,https://www.latamairlines.com/br/pt/oferta-voos?origin=SAO&outbound=2026-11-06T00%3A00%3A00.000Z&destination=SDU&inbound=2026-11-09T00%3A00%3A00.000Z&adt=1&chd=0&inf=0&trip=RT&cabin=Economy&redemption=true&sort=PRICE%2Casc,21717.48
102,CXJ,Caxias do Sul,Brazil,2026-10-31,booking,14502,1223.3,2,249 DESIGN (Gramado),https://www.booking.com/searchresults.pt-br.html?ss=249+DESIGN+HOTEL%2C+Gramado&checkin=2026-10-31&checkout=2026-11-02&group_adults=8&no_rooms=4&group_children=1&age=4&selected_currency=BRL,https://www.latamairlines.com/br/pt/oferta-voos?origin=SAO&outbound=2026-11-06T00%3A00%3A00.000Z&destination=SDU&inbound=2026-11-09T00%3A00%3A00.000Z&adt=1&chd=0&inf=0&trip=RT&cabin=Economy&redemption=true&sort=PRICE%2Casc,21841.8
81,THE,Teresina,Brazil,2026-10-30,booking,8982,2153.42,3,Mikiki,https://www.booking.com/searchresults.pt-br.html?ss=Mikiki+Lifestyle+Hotel%2C+Barra+Grande&checkin=2026-10-30&checkout=2026-11-02&group_adults=8&no_rooms=4&group_children=1&age=4&selected_currency=BRL,https://www.latamairlines.com/br/pt/oferta-voos?origin=SAO&outbound=2026-11-06T00%3A00%3A00.000Z&destination=SDU&inbound=2026-11-09T00%3A00%3A00.000Z&adt=1&chd=0&inf=0&trip=RT&cabin=Economy&redemption=true&sort=PRICE%2Casc,21902.52
97,NVT,Navegantes,Brazil,2026-10-30,booking,13165,1536.08,3,Liwe Hotels,https://www.booking.com/searchresults.pt-br.html?ss=Liwe+Hotels%2C+Penha%2C+Santa+Catarina%2C+Brasil&checkin=2026-10-30&checkout=2026-11-02&group_adults=8&no_rooms=4&group_children=1&age=4&selected_currency=BRL,https://www.latamairlines.com/br/pt/oferta-voos?origin=SAO&outbound=2026-11-06T00%3A00%3A00.000Z&destination=SDU&inbound=2026-11-09T00%3A00%3A00.000Z&adt=1&chd=0&inf=0&trip=RT&cabin=Economy&redemption=true&sort=PRICE%2Casc,22381.48
78,FOR,Fortaleza,Brazil,2026-10-31,booking,10070,2117.3,2,Beach Park Resort,https://www.booking.com/searchresults.pt-br.html?ss=Beach+Park+Resort+-+Suites&checkin=2026-10-31&checkout=2026-11-02&group_adults=8&no_rooms=4&group_children=1&age=4&selected_currency=BRL,https://www.latamairlines.com/br/pt/oferta-voos?origin=SAO&outbound=2026-11-06T00%3A00%3A00.000Z&destination=SDU&inbound=2026-11-09T00%3A00%3A00.000Z&adt=1&chd=0&inf=0&trip=RT&cabin=Economy&redemption=true&sort=PRICE%2Casc,22773.800000000003
57,LPB,La Paz,Bolivia,2026-10-31,booking,5180,2937.16,2,Hotel Boutique Rosario Sur,https://www.booking.com/searchresults.pt-br.html?ss=Hotel+Boutique+Rosario+Sur%2C+La+Paz%2C+La+Paz+Region%2C+Bol%C3%Advia&checkin=2026-10-31&checkout=2026-11-02&group_adults=8&no_rooms=4&group_children=1&age=4&selected_currency=BRL,https://www.latamairlines.com/br/pt/oferta-voos?origin=SAO&outbound=2026-11-06T00%3A00%3A00.000Z&destination=MCZ&inbound=2026-11-09T00%3A00%3A00.000Z&adt=1&chd=0&inf=0&trip=RT&cabin=Economy&redemption=true&sort=PRICE%2Casc,22802.96
80,SSA,Salvador,Brazil,2026-10-31,booking,13000,1663.3,2,Casa Kuará Praia do Forte,https://www.booking.com/searchresults.pt-br.html?ss=Casa+Kuar%C3%A1+Praia+do+Forte%2C+Mata+de+S%C3%A3o+Jo%C3%A3o%2C+Bahia+%28Nordeste+do+Brasil%29%2C+Brasil&checkin=2026-10-31&checkout=2026-11-02&group_adults=8&no_rooms=4&group_children=1&age=4&selected_currency=BRL,https://www.latamairlines.com/br/pt/oferta-voos?origin=SAO&outbound=2026-11-06T00%3A00%3A00.000Z&destination=SDU&inbound=2026-11-09T00%3A00%3A00.000Z&adt=1&chd=0&inf=0&trip=RT&cabin=Economy&redemption=true&sort=PRICE%2Casc,22979.8
68,UBA,Uberaba,Brazil,2026-10-31,booking,16000,1277.32,2,Vila Mattuto - Casa Paiol (24pax),https://www.booking.com/searchresults.pt-br.html?ss=Vila+Mattuto+-+Casa+Paiol%2C+Miguel%C3%B3polis%2C+Estado+de+S%C3%A3o+Paulo%2C+Brasil&checkin=2026-10-31&checkout=2026-11-02&group_adults=8&no_rooms=4&group_children=1&age=4&selected_currency=BRL,https://www.latamairlines.com/br/pt/oferta-voos?origin=SAO&outbound=2026-11-06T00%3A00%3A00.000Z&destination=SDU&inbound=2026-11-09T00%3A00%3A00.000Z&adt=1&chd=0&inf=0&trip=RT&cabin=Economy&redemption=true&sort=PRICE%2Casc,23663.92
102,CXJ,Caxias do Sul,Brazil,2026-10-31,booking,16499,1223.3,2,Hubertus (Gramado),https://www.booking.com/searchresults.pt-br.html?ss=Hotel+Estalagem+St.+Hubertus%2C+Gramado&checkin=2026-10-31&checkout=2026-11-02&group_adults=8&no_rooms=4&group_children=1&age=4&selected_currency=BRL,https://www.latamairlines.com/br/pt/oferta-voos?origin=SAO&outbound=2026-11-06T00%3A00%3A00.000Z&destination=SDU&inbound=2026-11-09T00%3A00%3A00.000Z&adt=1&chd=0&inf=0&trip=RT&cabin=Economy&redemption=true&sort=PRICE%2Casc,23838.8
57,LPB,La Paz,Bolivia,2026-10-31,booking,6368,2937.16,2,Stannum Boutique Hotel & Spa,https://www.booking.com/searchresults.pt-br.html?ss=Stannum+Boutique+Hotel+%26+Spa%2C+La+Paz%2C+La+Paz+Region%2C+Bol%C3%Advia&checkin=2026-10-31&checkout=2026-11-02&group_adults=8&no_rooms=4&group_children=1&age=4&selected_currency=BRL,https://www.latamairlines.com/br/pt/oferta-voos?origin=SAO&outbound=2026-11-06T00%3A00%3A00.000Z&destination=MCZ&inbound=2026-11-09T00%3A00%3A00.000Z&adt=1&chd=0&inf=0&trip=RT&cabin=Economy&redemption=true&sort=PRICE%2Casc,23990.96
94,NAT,Natal,Brazil,2026-10-31,booking,12646,1969.3,2,Vogal Luxury (40km),https://www.booking.com/searchresults.pt-br.html?ss=Vogal+Luxury+Beach+Hotel+%26+SPA%2C+Natal&checkin=2026-10-31&checkout=2026-11-02&group_adults=8&no_rooms=4&group_children=1&age=4&selected_currency=BRL,https://www.latamairlines.com/br/pt/oferta-voos?origin=SAO&outbound=2026-11-06T00%3A00%3A00.000Z&destination=SDU&inbound=2026-11-09T00%3A00%3A00.000Z&adt=1&chd=0&inf=0&trip=RT&cabin=Economy&redemption=true&sort=PRICE%2Casc,24461.8
95,CGR,Campo Grande,Brazil,2026-10-30,booking,16577,1333.3,3,Zagaia Eco Resort,https://www.booking.com/searchresults.pt-br.html?ss=Zagaia+Eco+Resort%2C+Bonito&checkin=2026-10-30&checkout=2026-11-02&group_adults=8&no_rooms=4&group_children=1&age=4&selected_currency=BRL,https://www.latamairlines.com/br/pt/oferta-voos?origin=SAO&outbound=2026-11-06T00%3A00%3A00.000Z&destination=SDU&inbound=2026-11-09T00%3A00%3A00.000Z&adt=1&chd=0&inf=0&trip=RT&cabin=Economy&redemption=true&sort=PRICE%2Casc,24576.8
94,NAT,Natal,Brazil,2026-10-31,booking,13106,1969.3,2,Wish Natal,https://www.booking.com/searchresults.pt-br.html?ss=Wish+Natal%2C+Natal%2C+Rio+Grande+do+Norte&checkin=2026-10-31&checkout=2026-11-02&group_adults=8&no_rooms=4&group_children=1&age=4&selected_currency=BRL,https://www.latamairlines.com/br/pt/oferta-voos?origin=SAO&outbound=2026-11-06T00%3A00%3A00.000Z&destination=SDU&inbound=2026-11-09T00%3A00%3A00.000Z&adt=1&chd=0&inf=0&trip=RT&cabin=Economy&redemption=true&sort=PRICE%2Casc,24921.8
78,FOR,Fortaleza,Brazil,2026-10-31,booking,12470,2117.3,2,Beach Park Acqua,https://www.booking.com/searchresults.pt-br.html?ss=Beach+Park+Resort+-+Acqua&checkin=2026-10-31&checkout=2026-11-02&group_adults=8&no_rooms=4&group_children=1&age=4&selected_currency=BRL,https://www.latamairlines.com/br/pt/oferta-voos?origin=SAO&outbound=2026-11-06T00%3A00%3A00.000Z&destination=SDU&inbound=2026-11-09T00%3A00%3A00.000Z&adt=1&chd=0&inf=0&trip=RT&cabin=Economy&redemption=true&sort=PRICE%2Casc,25173.800000000003
91,BYO,Bonito,Brazil,2026-10-30,booking,16577,1447.3,3,Zagaia Eco Resort,https://www.booking.com/searchresults.pt-br.html?ss=Zagaia+Eco+Resort%2C+Bonito&checkin=2026-10-30&checkout=2026-11-02&group_adults=8&no_rooms=4&group_children=1&age=4&selected_currency=BRL,https://www.latamairlines.com/br/pt/oferta-voos?origin=SAO&outbound=2026-11-06T00%3A00%3A00.000Z&destination=SDU&inbound=2026-11-09T00%3A00%3A00.000Z&adt=1&chd=0&inf=0&trip=RT&cabin=Economy&redemption=true&sort=PRICE%2Casc,25260.8
89,BVB,Boa Vista,Brazil,2026-10-30,booking,5603,3276.96,3,Ibis Styles,https://www.booking.com/searchresults.pt-br.html?ss=ibis+Styles+Boa+Vista%2C+Boa+Vista%2C+Roraima&checkin=2026-10-30&checkout=2026-11-02&group_adults=8&no_rooms=4&group_children=1&age=4&selected_currency=BRL,https://www.latamairlines.com/br/pt/oferta-voos?origin=SAO&outbound=2026-11-06T00%3A00%3A00.000Z&destination=SDU&inbound=2026-11-09T00%3A00%3A00.000Z&adt=1&chd=0&inf=0&trip=RT&cabin=Economy&redemption=true&sort=PRICE%2Casc,25264.760000000002
71,CAC,Cascavel,Brazil,2026-10-31,booking,18566,1121.3,2,Loi Suites (ARG),https://www.booking.com/searchresults.pt-br.html?ss=Loi+Suites+Iguazu+Hotel%2C+Puerto+Iguaz%C3%BA%2C+Misiones&checkin=2026-10-31&checkout=2026-11-02&group_adults=8&no_rooms=4&group_children=1&age=4&selected_currency=BRL,https://www.latamairlines.com/br/pt/oferta-voos?origin=SAO&outbound=2026-11-06T00%3A00%3A00.000Z&destination=SDU&inbound=2026-11-09T00%3A00%3A00.000Z&adt=1&chd=0&inf=0&trip=RT&cabin=Economy&redemption=true&sort=PRICE%2Casc,25293.8
58,VVI,Santa Cruz de La Sierra,Bolivia,2026-10-30,booking,7776,2937.16,3,Alfonsina Hotel Boutique,https://www.booking.com/searchresults.pt-br.html?ss=Alfonsina+Hotel+Boutique%2C+Santa+Cruz+de+la+Sierra&checkin=2026-10-30&checkout=2026-11-02&group_adults=8&no_rooms=4&group_children=1&age=4&selected_currency=BRL,https://www.latamairlines.com/br/pt/oferta-voos?origin=SAO&outbound=2026-11-06T00%3A00%3A00.000Z&destination=BHZ&inbound=2026-11-09T00%3A00%3A00.000Z&adt=1&chd=0&inf=0&trip=RT&cabin=Economy&redemption=true&sort=PRICE%2Casc,25398.96
94,NAT,Natal,Brazil,2026-10-31,booking,13600,1969.3,2,Casa da Gameleira (12pax),https://www.booking.com/searchresults.pt-br.html?ss=Casa+da+Gameleira%2C+Ba%C3%ADa+Formosa%2C+Rio+Grande+do+Norte&checkin=2026-10-31&checkout=2026-11-02&group_adults=8&no_rooms=4&group_children=1&age=4&selected_currency=BRL,https://www.latamairlines.com/br/pt/oferta-voos?origin=SAO&outbound=2026-11-06T00%3A00%3A00.000Z&destination=SDU&inbound=2026-11-09T00%3A00%3A00.000Z&adt=1&chd=0&inf=0&trip=RT&cabin=Economy&redemption=true&sort=PRICE%2Casc,25415.8
85,CNF,Belo Horizonte,Brazil,2026-10-30,booking,19593,972.08,3,Hotel Solar do Rosário,https://www.booking.com/searchresults.pt-br.html?ss=Hotel+Solar+do+Ros%C3%A1rio%2C+Ouro+Preto&checkin=2026-10-30&checkout=2026-11-02&group_adults=8&no_rooms=4&group_children=1&age=4&selected_currency=BRL,https://www.latamairlines.com/br/pt/oferta-voos?origin=SAO&outbound=2026-11-06T00%3A00%3A00.000Z&destination=SDU&inbound=2026-11-09T00%3A00%3A00.000Z&adt=1&chd=0&inf=0&trip=RT&cabin=Economy&redemption=true&sort=PRICE%2Casc,25425.48
71,CAC,Cascavel,Brazil,2026-10-31,booking,18725,1121.3,2,Recanto Cataratas,https://www.booking.com/searchresults.pt-br.html?ss=Recanto+Cataratas+-+Thermas%2C+Resort+e+Convention%2C+Foz+do+Igua%C3%A7u%2C+Paran%C3%A1&checkin=2026-10-31&checkout=2026-11-02&group_adults=8&no_rooms=4&group_children=1&age=4&selected_currency=BRL,https://www.latamairlines.com/br/pt/oferta-voos?origin=SAO&outbound=2026-11-06T00%3A00%3A00.000Z&destination=SDU&inbound=2026-11-09T00%3A00%3A00.000Z&adt=1&chd=0&inf=0&trip=RT&cabin=Economy&redemption=true&sort=PRICE%2Casc,25452.8
92,CPV,Campina Grande,Brazil,2026-10-30,booking,12880,2101.82,3,LS Hotel,https://www.booking.com/searchresults.pt-br.html?ss=LS+Hotel%2C+Jo%C3%A3o+Pessoa&checkin=2026-10-30&checkout=2026-11-02&group_adults=8&no_rooms=4&group_children=1&age=4&selected_currency=BRL,https://www.latamairlines.com/br/pt/oferta-voos?origin=SAO&outbound=2026-11-06T00%3A00%3A00.000Z&destination=SDU&inbound=2026-11-09T00%3A00%3A00.000Z&adt=1&chd=0&inf=0&trip=RT&cabin=Economy&redemption=true&sort=PRICE%2Casc,25490.920000000002
70,CAC,Cascavel,Brazil,2026-10-30,booking,20493,1095.3,3,Sanma (prox Aero),https://www.booking.com/searchresults.pt-br.html?ss=Sanma+Hotel%2C+Foz+do+Igua%C3%A7u%2C+Paran%C3%A1&checkin=2026-10-30&checkout=2026-11-02&group_adults=8&no_rooms=4&group_children=1&age=4&selected_currency=BRL,https://www.latamairlines.com/br/pt/oferta-voos?origin=SAO&outbound=2026-11-06T00%3A00%3A00.000Z&destination=SDU&inbound=2026-11-09T00%3A00%3A00.000Z&adt=1&chd=0&inf=0&trip=RT&cabin=Economy&redemption=true&sort=PRICE%2Casc,27064.8
86,CNF,Belo Horizonte,Brazil,2026-10-31,booking,18930,1385.3,2,Pousada do Mondego Ouro Preto,https://www.booking.com/searchresults.pt-br.html?ss=Pousada+do+Mondego%2C+Ouro+Preto%2C+Minas+Gerais&checkin=2026-10-31&checkout=2026-11-02&group_adults=8&no_rooms=4&group_children=1&age=4&selected_currency=BRL,https://www.latamairlines.com/br/pt/oferta-voos?origin=SAO&outbound=2026-11-06T00%3A00%3A00.000Z&destination=SDU&inbound=2026-11-09T00%3A00%3A00.000Z&adt=1&chd=0&inf=0&trip=RT&cabin=Economy&redemption=true&sort=PRICE%2Casc,27241.8
101,CXJ,Caxias do Sul,Brazil,2026-10-30,booking,6050,3629.3,3,Pousada Quinta do Vale (snowland),https://www.booking.com/searchresults.pt-br.html?ss=Pousada+Quinta+do+Vale%2C+Gramado%2C+Rio+Grande+do+Sul%2C+Brasil&checkin=2026-10-30&checkout=2026-11-02&group_adults=8&no_rooms=4&group_children=1&age=4&selected_currency=BRL,https://www.latamairlines.com/br/pt/oferta-voos?origin=SAO&outbound=2026-11-06T00%3A00%3A00.000Z&destination=SDU&inbound=2026-11-09T00%3A00%3A00.000Z&adt=1&chd=0&inf=0&trip=RT&cabin=Economy&redemption=true&sort=PRICE%2Casc,27825.800000000003
57,LPB,La Paz,Bolivia,2026-10-31,booking,10296,2937.16,2,"Atix Hotel, a Member of Design Hotels",https://www.booking.com/searchresults.pt-br.html?ss=Atix+Hotel%2C+a+Member+of+Design+Hotels%2C+La+Paz%2C+La+Paz+Region%2C+Bol%C3%Advia&checkin=2026-10-31&checkout=2026-11-02&group_adults=8&no_rooms=4&group_children=1&age=4&selected_currency=BRL,https://www.latamairlines.com/br/pt/oferta-voos?origin=SAO&outbound=2026-11-06T00%3A00%3A00.000Z&destination=MCZ&inbound=2026-11-09T00%3A00%3A00.000Z&adt=1&chd=0&inf=0&trip=RT&cabin=Economy&redemption=true&sort=PRICE%2Casc,27918.96
97,NVT,Navegantes,Brazil,2026-10-30,booking,18908,1536.08,3,Pousada Pedra da Ilha (Beto) 10km,https://www.booking.com/searchresults.pt-br.html?ss=Pousada+Pedra+da+Ilha%2C+Penha%2C+Santa+Catarina&checkin=2026-10-30&checkout=2026-11-02&group_adults=8&no_rooms=4&group_children=1&age=4&selected_currency=BRL,https://www.latamairlines.com/br/pt/oferta-voos?origin=SAO&outbound=2026-11-06T00%3A00%3A00.000Z&destination=SDU&inbound=2026-11-09T00%3A00%3A00.000Z&adt=1&chd=0&inf=0&trip=RT&cabin=Economy&redemption=true&sort=PRICE%2Casc,28124.48
5,MDZ,Mendoza,Argentina,2026-10-31,booking,13753,2460.94,2,La Morada Lodge,https://www.booking.com/searchresults.pt-br.html?ss=La+Morada+Lodge%2C+Vista+Flores&checkin=2026-10-31&checkout=2026-11-02&group_adults=8&no_rooms=4&group_children=1&age=4&selected_currency=BRL,https://www.latamairlines.com/br/pt/oferta-voos?origin=SAO&outbound=2026-11-06T00%3A00%3A00.000Z&destination=FEN&inbound=2026-11-09T00%3A00%3A00.000Z&adt=1&chd=0&inf=0&trip=RT&cabin=Economy&redemption=true&sort=PRICE%2Casc,28518.64
77,FOR,Fortaleza,Brazil,2026-10-30,booking,15105,2280.96,3,Beach Park Resort,https://www.booking.com/searchresults.pt-br.html?ss=Beach+Park+Resort+-+Suites&checkin=2026-10-30&checkout=2026-11-02&group_adults=8&no_rooms=4&group_children=1&age=4&selected_currency=BRL,https://www.latamairlines.com/br/pt/oferta-voos?origin=SAO&outbound=2026-11-06T00%3A00%3A00.000Z&destination=SDU&inbound=2026-11-09T00%3A00%3A00.000Z&adt=1&chd=0&inf=0&trip=RT&cabin=Economy&redemption=true&sort=PRICE%2Casc,28790.760000000002
58,VVI,Santa Cruz de La Sierra,Bolivia,2026-10-30,booking,12458,2937.16,3,Hotel Camino Real ,https://www.booking.com/searchresults.pt-br.html?ss=Hotel+Camino+Real%2C+Santa+Cruz+de+la+Sierra&checkin=2026-10-30&checkout=2026-11-02&group_adults=8&no_rooms=4&group_children=1&age=4&selected_currency=BRL,https://www.latamairlines.com/br/pt/oferta-voos?origin=SAO&outbound=2026-11-06T00%3A00%3A00.000Z&destination=BHZ&inbound=2026-11-09T00%3A00%3A00.000Z&adt=1&chd=0&inf=0&trip=RT&cabin=Economy&redemption=true&sort=PRICE%2Casc,30080.96
79,SSA,Salvador,Brazil,2026-10-30,booking,18252,2024.08,3,Casa luxuosa em Praia do Castelo,https://www.booking.com/searchresults.pt-br.html?ss=Casa+luxuosa+em+Praia+do+Castelo+-+Praia+do+Forte%2C+Mata+de+S%C3%A3o+Jo%C3%A3o%2C+Bahia%2C+Brasil&checkin=2026-10-30&checkout=2026-11-02&group_adults=8&no_rooms=4&group_children=1&age=4&selected_currency=BRL,https://www.latamairlines.com/br/pt/oferta-voos?origin=SAO&outbound=2026-11-06T00%3A00%3A00.000Z&destination=SDU&inbound=2026-11-09T00%3A00%3A00.000Z&adt=1&chd=0&inf=0&trip=RT&cabin=Economy&redemption=true&sort=PRICE%2Casc,30396.48
56,LPB,La Paz,Bolivia,2026-10-30,booking,7762,3793.88,3,Hotel Boutique Rosario Sur,https://www.booking.com/searchresults.pt-br.html?ss=Hotel+Boutique+Rosario+Sur%2C+La+Paz%2C+La+Paz+Region%2C+Bol%C3%Advia&checkin=2026-10-30&checkout=2026-11-02&group_adults=8&no_rooms=4&group_children=1&age=4&selected_currency=BRL,https://www.latamairlines.com/br/pt/oferta-voos?origin=SAO&outbound=2026-11-06T00%3A00%3A00.000Z&destination=VDC&inbound=2026-11-09T00%3A00%3A00.000Z&adt=1&chd=0&inf=0&trip=RT&cabin=Economy&redemption=true&sort=PRICE%2Casc,30525.28
93,NAT,Natal,Brazil,2026-10-30,booking,18969,1969.3,3,Vogal Luxury (40km),https://www.booking.com/searchresults.pt-br.html?ss=Vogal+Luxury+Beach+Hotel+%26+SPA%2C+Natal&checkin=2026-10-30&checkout=2026-11-02&group_adults=8&no_rooms=4&group_children=1&age=4&selected_currency=BRL,https://www.latamairlines.com/br/pt/oferta-voos?origin=SAO&outbound=2026-11-06T00%3A00%3A00.000Z&destination=SDU&inbound=2026-11-09T00%3A00%3A00.000Z&adt=1&chd=0&inf=0&trip=RT&cabin=Economy&redemption=true&sort=PRICE%2Casc,30784.8
13,COR,Córdoba,Argentina,2026-10-30,booking,16839,2331.2,3,"Böden Hotel & Spa, AKEN SOUL",https://www.booking.com/searchresults.pt-br.html?ss=B%C3%B6den+Hotel+%26+Spa%2C+AKEN+SOUL%2C+Villa+General+Belgrano%2C+Prov%C3%ADncia+de+C%C3%B3rdoba%2C+Argentina&checkin=2026-10-30&checkout=2026-11-02&group_adults=8&no_rooms=4&group_children=1&age=4&selected_currency=BRL,https://www.latamairlines.com/br/pt/oferta-voos?origin=SAO&outbound=2026-11-06T00%3A00%3A00.000Z&destination=BYO&inbound=2026-11-09T00%3A00%3A00.000Z&adt=1&chd=0&inf=0&trip=RT&cabin=Economy&redemption=true&sort=PRICE%2Casc,30826.199999999997
13,COR,Córdoba,Argentina,2026-10-30,booking,16910,2331.2,3,"Get Hotel Molvento, AKEN SOUL Collection",https://www.booking.com/searchresults.pt-br.html?ss=Get+Hotel+Molvento%2C+AKEN+SOUL+Collection%2C+Villa+General+Belgrano%2C+Prov%C3%ADncia+de+C%C3%B3rdoba%2C+Argentina&checkin=2026-10-30&checkout=2026-11-02&group_adults=8&no_rooms=4&group_children=1&age=4&selected_currency=BRL,https://www.latamairlines.com/br/pt/oferta-voos?origin=SAO&outbound=2026-11-06T00%3A00%3A00.000Z&destination=BYO&inbound=2026-11-09T00%3A00%3A00.000Z&adt=1&chd=0&inf=0&trip=RT&cabin=Economy&redemption=true&sort=PRICE%2Casc,30897.199999999997
20,EZE,Unknown,Unknown,2026-10-31,booking,12396,3147.3,2,AQ Tailored Suites,https://www.booking.com/searchresults.pt-br.html?ss=AQ+Tailored+Suites%2C+Buenos+Aires%2C+Argentina&checkin=2026-10-31&checkout=2026-11-02&group_adults=8&no_rooms=4&group_children=1&age=4&selected_currency=BRL,https://www.latamairlines.com/br/pt/oferta-voos?origin=SAO&outbound=2026-11-06T00%3A00%3A00.000Z&destination=PFB&inbound=2026-11-09T00%3A00%3A00.000Z&adt=1&chd=0&inf=0&trip=RT&cabin=Economy&redemption=true&sort=PRICE%2Casc,31279.800000000003
3,AEP,Buenos Aires,Argentina,2026-10-31,booking,12751,3147.3,2,AQ Tailored Suites,https://www.booking.com/searchresults.pt-br.html?ss=AQ+Tailored+Suites%2C+Buenos+Aires%2C+Argentina&checkin=2026-10-31&checkout=2026-11-02&group_adults=8&no_rooms=4&group_children=1&age=4&selected_currency=BRL,https://www.latamairlines.com/br/pt/oferta-voos?origin=SAO&outbound=2026-11-06T00%3A00%3A00.000Z&destination=DOU&inbound=2026-11-09T00%3A00%3A00.000Z&adt=1&chd=0&inf=0&trip=RT&cabin=Economy&redemption=true&sort=PRICE%2Casc,31634.800000000003
79,SSA,Salvador,Brazil,2026-10-30,booking,19500,2024.08,3,Casa Kuará Praia do Forte,https://www.booking.com/searchresults.pt-br.html?ss=Casa+Kuar%C3%A1+Praia+do+Forte%2C+Mata+de+S%C3%A3o+Jo%C3%A3o%2C+Bahia+%28Nordeste+do+Brasil%29%2C+Brasil&checkin=2026-10-30&checkout=2026-11-02&group_adults=8&no_rooms=4&group_children=1&age=4&selected_currency=BRL,https://www.latamairlines.com/br/pt/oferta-voos?origin=SAO&outbound=2026-11-06T00%3A00%3A00.000Z&destination=SDU&inbound=2026-11-09T00%3A00%3A00.000Z&adt=1&chd=0&inf=0&trip=RT&cabin=Economy&redemption=true&sort=PRICE%2Casc,31644.48
93,NAT,Natal,Brazil,2026-10-30,booking,20400,1969.3,3,Casa da Gameleira (12pax),https://www.booking.com/searchresults.pt-br.html?ss=Casa+da+Gameleira%2C+Ba%C3%ADa+Formosa%2C+Rio+Grande+do+Norte&checkin=2026-10-30&checkout=2026-11-02&group_adults=8&no_rooms=4&group_children=1&age=4&selected_currency=BRL,https://www.latamairlines.com/br/pt/oferta-voos?origin=SAO&outbound=2026-11-06T00%3A00%3A00.000Z&destination=SDU&inbound=2026-11-09T00%3A00%3A00.000Z&adt=1&chd=0&inf=0&trip=RT&cabin=Economy&redemption=true&sort=PRICE%2Casc,32215.8
56,LPB,La Paz,Bolivia,2026-10-30,booking,9659,3793.88,3,Stannum Boutique Hotel & Spa,https://www.booking.com/searchresults.pt-br.html?ss=Stannum+Boutique+Hotel+%26+Spa%2C+La+Paz%2C+La+Paz+Region%2C+Bol%C3%Advia&checkin=2026-10-30&checkout=2026-11-02&group_adults=8&no_rooms=4&group_children=1&age=4&selected_currency=BRL,https://www.latamairlines.com/br/pt/oferta-voos?origin=SAO&outbound=2026-11-06T00%3A00%3A00.000Z&destination=VDC&inbound=2026-11-09T00%3A00%3A00.000Z&adt=1&chd=0&inf=0&trip=RT&cabin=Economy&redemption=true&sort=PRICE%2Casc,32422.28
58,VVI,Santa Cruz de La Sierra,Bolivia,2026-10-30,booking,15005,2937.16,3,Novotel Santa Cruz,https://www.booking.com/searchresults.pt-br.html?ss=Novotel+Santa+Cruz+De+La+Sierra%2C+Santa+Cruz+de+la+Sierra&checkin=2026-10-30&checkout=2026-11-02&group_adults=8&no_rooms=4&group_children=1&age=4&selected_currency=BRL,https://www.latamairlines.com/br/pt/oferta-voos?origin=SAO&outbound=2026-11-06T00%3A00%3A00.000Z&destination=BHZ&inbound=2026-11-09T00%3A00%3A00.000Z&adt=1&chd=0&inf=0&trip=RT&cabin=Economy&redemption=true&sort=PRICE%2Casc,32627.96
81,THE,Teresina,Brazil,2026-10-30,booking,19929,2153.42,3,Mona,https://www.booking.com/searchresults.pt-br.html?ss=Mon%C3%A3+Hotel%2C+Teresina&checkin=2026-10-30&checkout=2026-11-02&group_adults=8&no_rooms=4&group_children=1&age=4&selected_currency=BRL,https://www.latamairlines.com/br/pt/oferta-voos?origin=SAO&outbound=2026-11-06T00%3A00%3A00.000Z&destination=SDU&inbound=2026-11-09T00%3A00%3A00.000Z&adt=1&chd=0&inf=0&trip=RT&cabin=Economy&redemption=true&sort=PRICE%2Casc,32849.520000000004
101,CXJ,Caxias do Sul,Brazil,2026-10-30,booking,11352,3629.3,3,Wyndham (snowland),https://www.booking.com/searchresults.pt-br.html?ss=Wyndham+Gramado+Termas+Resort+%26+Spa%2C+Gramado%2C+Rio+Grande+do+Sul&checkin=2026-10-30&checkout=2026-11-02&group_adults=8&no_rooms=4&group_children=1&age=4&selected_currency=BRL,https://www.latamairlines.com/br/pt/oferta-voos?origin=SAO&outbound=2026-11-06T00%3A00%3A00.000Z&destination=SDU&inbound=2026-11-09T00%3A00%3A00.000Z&adt=1&chd=0&inf=0&trip=RT&cabin=Economy&redemption=true&sort=PRICE%2Casc,33127.8
92,CPV,Campina Grande,Brazil,2026-10-30,booking,21430,2101.82,3,Oceana,https://www.booking.com/searchresults.pt-br.html?ss=Oceana+Atl%C3%A2ntico+Hotel%2C+Jo%C3%A3o+Pessoa&checkin=2026-10-30&checkout=2026-11-02&group_adults=8&no_rooms=4&group_children=1&age=4&selected_currency=BRL,https://www.latamairlines.com/br/pt/oferta-voos?origin=SAO&outbound=2026-11-06T00%3A00%3A00.000Z&destination=SDU&inbound=2026-11-09T00%3A00%3A00.000Z&adt=1&chd=0&inf=0&trip=RT&cabin=Economy&redemption=true&sort=PRICE%2Casc,34040.92
85,CNF,Belo Horizonte,Brazil,2026-10-30,booking,28395,972.08,3,Pousada do Mondego Ouro Preto,https://www.booking.com/searchresults.pt-br.html?ss=Pousada+do+Mondego%2C+Ouro+Preto%2C+Minas+Gerais&checkin=2026-10-30&checkout=2026-11-02&group_adults=8&no_rooms=4&group_children=1&age=4&selected_currency=BRL,https://www.latamairlines.com/br/pt/oferta-voos?origin=SAO&outbound=2026-11-06T00%3A00%3A00.000Z&destination=SDU&inbound=2026-11-09T00%3A00%3A00.000Z&adt=1&chd=0&inf=0&trip=RT&cabin=Economy&redemption=true&sort=PRICE%2Casc,34227.48
70,CAC,Cascavel,Brazil,2026-10-30,booking,27843,1095.3,3,Recanto Cataratas,https://www.booking.com/searchresults.pt-br.html?ss=Recanto+Cataratas+-+Thermas%2C+Resort+e+Convention%2C+Foz+do+Igua%C3%A7u%2C+Paran%C3%A1&checkin=2026-10-30&checkout=2026-11-02&group_adults=8&no_rooms=4&group_children=1&age=4&selected_currency=BRL,https://www.latamairlines.com/br/pt/oferta-voos?origin=SAO&outbound=2026-11-06T00%3A00%3A00.000Z&destination=SDU&inbound=2026-11-09T00%3A00%3A00.000Z&adt=1&chd=0&inf=0&trip=RT&cabin=Economy&redemption=true&sort=PRICE%2Casc,34414.8
3,AEP,Buenos Aires,Argentina,2026-10-31,booking,15633,3147.3,2,Hilton Buenos Aires,https://www.booking.com/searchresults.pt-br.html?ss=Hilton+Buenos+Aires%2C+Buenos+Aires%2C+Argentina&checkin=2026-10-31&checkout=2026-11-02&group_adults=8&no_rooms=4&group_children=1&age=4&selected_currency=BRL,https://www.latamairlines.com/br/pt/oferta-voos?origin=SAO&outbound=2026-11-06T00%3A00%3A00.000Z&destination=DOU&inbound=2026-11-09T00%3A00%3A00.000Z&adt=1&chd=0&inf=0&trip=RT&cabin=Economy&redemption=true&sort=PRICE%2Casc,34516.8
20,EZE,Unknown,Unknown,2026-10-31,booking,15633,3147.3,2,Hilton Buenos Aires,https://www.booking.com/searchresults.pt-br.html?ss=Hilton+Buenos+Aires%2C+Buenos+Aires%2C+Argentina&checkin=2026-10-31&checkout=2026-11-02&group_adults=8&no_rooms=4&group_children=1&age=4&selected_currency=BRL,https://www.latamairlines.com/br/pt/oferta-voos?origin=SAO&outbound=2026-11-06T00%3A00%3A00.000Z&destination=PFB&inbound=2026-11-09T00%3A00%3A00.000Z&adt=1&chd=0&inf=0&trip=RT&cabin=Economy&redemption=true&sort=PRICE%2Casc,34516.8
70,CAC,Cascavel,Brazil,2026-10-30,booking,28116,1095.3,3,Loi Suites (ARG),https://www.booking.com/searchresults.pt-br.html?ss=Loi+Suites+Iguazu+Hotel%2C+Puerto+Iguaz%C3%BA%2C+Misiones&checkin=2026-10-30&checkout=2026-11-02&group_adults=8&no_rooms=4&group_children=1&age=4&selected_currency=BRL,https://www.latamairlines.com/br/pt/oferta-voos?origin=SAO&outbound=2026-11-06T00%3A00%3A00.000Z&destination=SDU&inbound=2026-11-09T00%3A00%3A00.000Z&adt=1&chd=0&inf=0&trip=RT&cabin=Economy&redemption=true&sort=PRICE%2Casc,34687.8
59,VVI,Santa Cruz de La Sierra,Bolivia,2026-10-31,booking,5184,4964.0,2,Alfonsina Hotel Boutique,https://www.booking.com/searchresults.pt-br.html?ss=Alfonsina+Hotel+Boutique%2C+Santa+Cruz+de+la+Sierra&checkin=2026-10-31&checkout=2026-11-02&group_adults=8&no_rooms=4&group_children=1&age=4&selected_currency=BRL,https://www.latamairlines.com/br/pt/oferta-voos?origin=SAO&outbound=2026-11-06T00%3A00%3A00.000Z&destination=SDU&inbound=2026-11-09T00%3A00%3A00.000Z&adt=1&chd=0&inf=0&trip=RT&cabin=Economy&redemption=true&sort=PRICE%2Casc,34968.0
102,CXJ,Caxias do Sul,Brazil,2026-10-31,booking,28276,1223.3,2,Hotel Valle D'incanto,https://www.booking.com/searchresults.pt-br.html?ss=Hotel+Valle+Dincanto%2C+Gramado&checkin=2026-10-31&checkout=2026-11-02&group_adults=8&no_rooms=4&group_children=1&age=4&selected_currency=BRL,https://www.latamairlines.com/br/pt/oferta-voos?origin=SAO&outbound=2026-11-06T00%3A00%3A00.000Z&destination=SDU&inbound=2026-11-09T00%3A00%3A00.000Z&adt=1&chd=0&inf=0&trip=RT&cabin=Economy&redemption=true&sort=PRICE%2Casc,35615.8
88,MAO,Manaus,Brazil,2026-10-31,booking,23744,2031.3,2,Hotel Villa Amazônia (Centro),https://www.booking.com/searchresults.pt-br.html?ss=Hotel+Villa+Amaz%C3%B4nia%2C+Manaus&checkin=2026-10-31&checkout=2026-11-02&group_adults=8&no_rooms=4&group_children=1&age=4&selected_currency=BRL,https://www.latamairlines.com/br/pt/oferta-voos?origin=SAO&outbound=2026-11-06T00%3A00%3A00.000Z&destination=SDU&inbound=2026-11-09T00%3A00%3A00.000Z&adt=1&chd=0&inf=0&trip=RT&cabin=Economy&redemption=true&sort=PRICE%2Casc,35931.8
59,VVI,Santa Cruz de La Sierra,Bolivia,2026-10-31,booking,6446,4964.0,2,Novotel Santa Cruz,https://www.booking.com/searchresults.pt-br.html?ss=Novotel+Santa+Cruz+De+La+Sierra%2C+Santa+Cruz+de+la+Sierra&checkin=2026-10-31&checkout=2026-11-02&group_adults=8&no_rooms=4&group_children=1&age=4&selected_currency=BRL,https://www.latamairlines.com/br/pt/oferta-voos?origin=SAO&outbound=2026-11-06T00%3A00%3A00.000Z&destination=SDU&inbound=2026-11-09T00%3A00%3A00.000Z&adt=1&chd=0&inf=0&trip=RT&cabin=Economy&redemption=true&sort=PRICE%2Casc,36230.0
77,FOR,Fortaleza,Brazil,2026-10-30,booking,23640,2280.96,3,Beach Park Acqua,https://www.booking.com/searchresults.pt-br.html?ss=Beach+Park+Resort+-+Acqua&checkin=2026-10-30&checkout=2026-11-02&group_adults=8&no_rooms=4&group_children=1&age=4&selected_currency=BRL,https://www.latamairlines.com/br/pt/oferta-voos?origin=SAO&outbound=2026-11-06T00%3A00%3A00.000Z&destination=SDU&inbound=2026-11-09T00%3A00%3A00.000Z&adt=1&chd=0&inf=0&trip=RT&cabin=Economy&redemption=true&sort=PRICE%2Casc,37325.76
20,EZE,Unknown,Unknown,2026-10-31,booking,18676,3147.3,2,SLS Buenos Aires Puerto Madero,https://www.booking.com/searchresults.pt-br.html?ss=SLS+Buenos+Aires+Puerto+Madero%2C+Buenos+Aires%2C+Argentina&checkin=2026-10-31&checkout=2026-11-02&group_adults=8&no_rooms=4&group_children=1&age=4&selected_currency=BRL,https://www.latamairlines.com/br/pt/oferta-voos?origin=SAO&outbound=2026-11-06T00%3A00%3A00.000Z&destination=PFB&inbound=2026-11-09T00%3A00%3A00.000Z&adt=1&chd=0&inf=0&trip=RT&cabin=Economy&redemption=true&sort=PRICE%2Casc,37559.8
3,AEP,Buenos Aires,Argentina,2026-10-31,booking,18676,3147.3,2,SLS Buenos Aires Puerto Madero,https://www.booking.com/searchresults.pt-br.html?ss=SLS+Buenos+Aires+Puerto+Madero%2C+Buenos+Aires%2C+Argentina&checkin=2026-10-31&checkout=2026-11-02&group_adults=8&no_rooms=4&group_children=1&age=4&selected_currency=BRL,https://www.latamairlines.com/br/pt/oferta-voos?origin=SAO&outbound=2026-11-06T00%3A00%3A00.000Z&destination=DOU&inbound=2026-11-09T00%3A00%3A00.000Z&adt=1&chd=0&inf=0&trip=RT&cabin=Economy&redemption=true&sort=PRICE%2Casc,37559.8
18,BUE,Unknown,Unknown,2026-10-31,booking,12751,4149.08,2,AQ Tailored Suites,https://www.booking.com/searchresults.pt-br.html?ss=AQ+Tailored+Suites%2C+Buenos+Aires%2C+Argentina&checkin=2026-10-31&checkout=2026-11-02&group_adults=8&no_rooms=4&group_children=1&age=4&selected_currency=BRL,https://www.latamairlines.com/br/pt/oferta-voos?origin=SAO&outbound=2026-11-06T00%3A00%3A00.000Z&destination=PMW&inbound=2026-11-09T00%3A00%3A00.000Z&adt=1&chd=0&inf=0&trip=RT&cabin=Economy&redemption=true&sort=PRICE%2Casc,37645.479999999996
88,MAO,Manaus,Brazil,2026-10-31,booking,25751,2031.3,2,Juma Opera,https://www.booking.com/searchresults.pt-br.html?ss=Juma+%C3%93pera+Boutique+Hotel+%26+Spa&checkin=2026-10-31&checkout=2026-11-02&group_adults=8&no_rooms=4&group_children=1&age=4&selected_currency=BRL,https://www.latamairlines.com/br/pt/oferta-voos?origin=SAO&outbound=2026-11-06T00%3A00%3A00.000Z&destination=SDU&inbound=2026-11-09T00%3A00%3A00.000Z&adt=1&chd=0&inf=0&trip=RT&cabin=Economy&redemption=true&sort=PRICE%2Casc,37938.8
92,CPV,Campina Grande,Brazil,2026-10-30,booking,25347,2101.82,3,Ba Ra,https://www.booking.com/searchresults.pt-br.html?ss=BA%27RA+Hotel%2C+Jo%C3%A3o+Pessoa&checkin=2026-10-30&checkout=2026-11-02&group_adults=8&no_rooms=4&group_children=1&age=4&selected_currency=BRL,https://www.latamairlines.com/br/pt/oferta-voos?origin=SAO&outbound=2026-11-06T00%3A00%3A00.000Z&destination=SDU&inbound=2026-11-09T00%3A00%3A00.000Z&adt=1&chd=0&inf=0&trip=RT&cabin=Economy&redemption=true&sort=PRICE%2Casc,37957.92
56,LPB,La Paz,Bolivia,2026-10-30,booking,15445,3793.88,3,"Atix Hotel, a Member of Design Hotels",https://www.booking.com/searchresults.pt-br.html?ss=Atix+Hotel%2C+a+Member+of+Design+Hotels%2C+La+Paz%2C+La+Paz+Region%2C+Bol%C3%Advia&checkin=2026-10-30&checkout=2026-11-02&group_adults=8&no_rooms=4&group_children=1&age=4&selected_currency=BRL,https://www.latamairlines.com/br/pt/oferta-voos?origin=SAO&outbound=2026-11-06T00%3A00%3A00.000Z&destination=VDC&inbound=2026-11-09T00%3A00%3A00.000Z&adt=1&chd=0&inf=0&trip=RT&cabin=Economy&redemption=true&sort=PRICE%2Casc,38208.28
59,VVI,Santa Cruz de La Sierra,Bolivia,2026-10-31,booking,8619,4964.0,2,Hotel Camino Real ,https://www.booking.com/searchresults.pt-br.html?ss=Hotel+Camino+Real%2C+Santa+Cruz+de+la+Sierra&checkin=2026-10-31&checkout=2026-11-02&group_adults=8&no_rooms=4&group_children=1&age=4&selected_currency=BRL,https://www.latamairlines.com/br/pt/oferta-voos?origin=SAO&outbound=2026-11-06T00%3A00%3A00.000Z&destination=SDU&inbound=2026-11-09T00%3A00%3A00.000Z&adt=1&chd=0&inf=0&trip=RT&cabin=Economy&redemption=true&sort=PRICE%2Casc,38403.0
20,EZE,Unknown,Unknown,2026-10-31,booking,19552,3147.3,2,"Recoleta Grand, Buenos Aires, a Tribute Portfolio Hotel",https://www.booking.com/searchresults.pt-br.html?ss=Recoleta+Grand%2C+Buenos+Aires%2C+a+Tribute+Portfolio+Hotel%2C+Buenos+Aires%2C+Argentina&checkin=2026-10-31&checkout=2026-11-02&group_adults=8&no_rooms=4&group_children=1&age=4&selected_currency=BRL,https://www.latamairlines.com/br/pt/oferta-voos?origin=SAO&outbound=2026-11-06T00%3A00%3A00.000Z&destination=PFB&inbound=2026-11-09T00%3A00%3A00.000Z&adt=1&chd=0&inf=0&trip=RT&cabin=Economy&redemption=true&sort=PRICE%2Casc,38435.8
3,AEP,Buenos Aires,Argentina,2026-10-31,booking,19552,3147.3,2,"Recoleta Grand, Buenos Aires, a Tribute Portfolio Hotel",https://www.booking.com/searchresults.pt-br.html?ss=Recoleta+Grand%2C+Buenos+Aires%2C+a+Tribute+Portfolio+Hotel%2C+Buenos+Aires%2C+Argentina&checkin=2026-10-31&checkout=2026-11-02&group_adults=8&no_rooms=4&group_children=1&age=4&selected_currency=BRL,https://www.latamairlines.com/br/pt/oferta-voos?origin=SAO&outbound=2026-11-06T00%3A00%3A00.000Z&destination=DOU&inbound=2026-11-09T00%3A00%3A00.000Z&adt=1&chd=0&inf=0&trip=RT&cabin=Economy&redemption=true&sort=PRICE%2Casc,38435.8
101,CXJ,Caxias do Sul,Brazil,2026-10-30,booking,16662,3629.3,3,249 DESIGN (Gramado),https://www.booking.com/searchresults.pt-br.html?ss=249+DESIGN+HOTEL%2C+Gramado&checkin=2026-10-30&checkout=2026-11-02&group_adults=8&no_rooms=4&group_children=1&age=4&selected_currency=BRL,https://www.latamairlines.com/br/pt/oferta-voos?origin=SAO&outbound=2026-11-06T00%3A00%3A00.000Z&destination=SDU&inbound=2026-11-09T00%3A00%3A00.000Z&adt=1&chd=0&inf=0&trip=RT&cabin=Economy&redemption=true&sort=PRICE%2Casc,38437.8
4,MDZ,Mendoza,Argentina,2026-10-30,booking,21288,3083.44,3,La Morada Lodge,https://www.booking.com/searchresults.pt-br.html?ss=La+Morada+Lodge%2C+Vista+Flores&checkin=2026-10-30&checkout=2026-11-02&group_adults=8&no_rooms=4&group_children=1&age=4&selected_currency=BRL,https://www.latamairlines.com/br/pt/oferta-voos?origin=SAO&outbound=2026-11-06T00%3A00%3A00.000Z&destination=PET&inbound=2026-11-09T00%3A00%3A00.000Z&adt=1&chd=0&inf=0&trip=RT&cabin=Economy&redemption=true&sort=PRICE%2Casc,39788.64
101,CXJ,Caxias do Sul,Brazil,2026-10-30,booking,18094,3629.3,3,Alpestre (Gramado),https://www.booking.com/searchresults.pt-br.html?ss=Hotel+Alpestre%2C+Gramado&checkin=2026-10-30&checkout=2026-11-02&group_adults=8&no_rooms=4&group_children=1&age=4&selected_currency=BRL,https://www.latamairlines.com/br/pt/oferta-voos?origin=SAO&outbound=2026-11-06T00%3A00%3A00.000Z&destination=SDU&inbound=2026-11-09T00%3A00%3A00.000Z&adt=1&chd=0&inf=0&trip=RT&cabin=Economy&redemption=true&sort=PRICE%2Casc,39869.8
3,AEP,Buenos Aires,Argentina,2026-10-31,booking,21425,3147.3,2,Casa Lucia Member of Melia Collection,https://www.booking.com/searchresults.pt-br.html?ss=Casa+Lucia+Member+of+Melia+Collection%2C+Buenos+Aires%2C+Argentina&checkin=2026-10-31&checkout=2026-11-02&group_adults=8&no_rooms=4&group_children=1&age=4&selected_currency=BRL,https://www.latamairlines.com/br/pt/oferta-voos?origin=SAO&outbound=2026-11-06T00%3A00%3A00.000Z&destination=DOU&inbound=2026-11-09T00%3A00%3A00.000Z&adt=1&chd=0&inf=0&trip=RT&cabin=Economy&redemption=true&sort=PRICE%2Casc,40308.8
20,EZE,Unknown,Unknown,2026-10-31,booking,21425,3147.3,2,Casa Lucia Member of Melia Collection,https://www.booking.com/searchresults.pt-br.html?ss=Casa+Lucia+Member+of+Melia+Collection%2C+Buenos+Aires%2C+Argentina&checkin=2026-10-31&checkout=2026-11-02&group_adults=8&no_rooms=4&group_children=1&age=4&selected_currency=BRL,https://www.latamairlines.com/br/pt/oferta-voos?origin=SAO&outbound=2026-11-06T00%3A00%3A00.000Z&destination=PFB&inbound=2026-11-09T00%3A00%3A00.000Z&adt=1&chd=0&inf=0&trip=RT&cabin=Economy&redemption=true&sort=PRICE%2Casc,40308.8
19,EZE,Unknown,Unknown,2026-10-30,booking,18501,3637.16,3,AQ Tailored Suites,https://www.booking.com/searchresults.pt-br.html?ss=AQ+Tailored+Suites%2C+Buenos+Aires%2C+Argentina&checkin=2026-10-30&checkout=2026-11-02&group_adults=8&no_rooms=4&group_children=1&age=4&selected_currency=BRL,https://www.latamairlines.com/br/pt/oferta-voos?origin=SAO&outbound=2026-11-06T00%3A00%3A00.000Z&destination=CXJ&inbound=2026-11-09T00%3A00%3A00.000Z&adt=1&chd=0&inf=0&trip=RT&cabin=Economy&redemption=true&sort=PRICE%2Casc,40323.96
18,BUE,Unknown,Unknown,2026-10-31,booking,15633,4149.08,2,Hilton Buenos Aires,https://www.booking.com/searchresults.pt-br.html?ss=Hilton+Buenos+Aires%2C+Buenos+Aires%2C+Argentina&checkin=2026-10-31&checkout=2026-11-02&group_adults=8&no_rooms=4&group_children=1&age=4&selected_currency=BRL,https://www.latamairlines.com/br/pt/oferta-voos?origin=SAO&outbound=2026-11-06T00%3A00%3A00.000Z&destination=PMW&inbound=2026-11-09T00%3A00%3A00.000Z&adt=1&chd=0&inf=0&trip=RT&cabin=Economy&redemption=true&sort=PRICE%2Casc,40527.479999999996
97,NVT,Navegantes,Brazil,2026-10-30,booking,31366,1536.08,3,Felissimo 5 Star (17km),https://www.booking.com/searchresults.pt-br.html?ss=Felissimo+Exclusive+Hotel%2C+Balne%C3%A1rio+Cambori%C3%BA%2C+Santa+Catarina&checkin=2026-10-30&checkout=2026-11-02&group_adults=8&no_rooms=4&group_children=1&age=4&selected_currency=BRL,https://www.latamairlines.com/br/pt/oferta-voos?origin=SAO&outbound=2026-11-06T00%3A00%3A00.000Z&destination=SDU&inbound=2026-11-09T00%3A00%3A00.000Z&adt=1&chd=0&inf=0&trip=RT&cabin=Economy&redemption=true&sort=PRICE%2Casc,40582.479999999996
103,PFB,Passo Fundo,Brazil,2026-10-30,booking,29150,1910.08,3,Machadinho,https://www.booking.com/searchresults.pt-br.html?ss=Machadinho+Thermas+Resort+SPA&checkin=2026-10-30&checkout=2026-11-02&group_adults=8&no_rooms=4&group_children=1&age=4&selected_currency=BRL,https://www.latamairlines.com/br/pt/oferta-voos?origin=SAO&outbound=2026-11-06T00%3A00%3A00.000Z&destination=SDU&inbound=2026-11-09T00%3A00%3A00.000Z&adt=1&chd=0&inf=0&trip=RT&cabin=Economy&redemption=true&sort=PRICE%2Casc,40610.479999999996
17,BUE,Unknown,Unknown,2026-10-30,booking,19035,3637.16,3,AQ Tailored Suites,https://www.booking.com/searchresults.pt-br.html?ss=AQ+Tailored+Suites%2C+Buenos+Aires%2C+Argentina&checkin=2026-10-30&checkout=2026-11-02&group_adults=8&no_rooms=4&group_children=1&age=4&selected_currency=BRL,https://www.latamairlines.com/br/pt/oferta-voos?origin=SAO&outbound=2026-11-06T00%3A00%3A00.000Z&destination=NVT&inbound=2026-11-09T00%3A00%3A00.000Z&adt=1&chd=0&inf=0&trip=RT&cabin=Economy&redemption=true&sort=PRICE%2Casc,40857.96
2,AEP,Buenos Aires,Argentina,2026-10-30,booking,19035,3637.16,3,AQ Tailored Suites,https://www.booking.com/searchresults.pt-br.html?ss=AQ+Tailored+Suites%2C+Buenos+Aires%2C+Argentina&checkin=2026-10-30&checkout=2026-11-02&group_adults=8&no_rooms=4&group_children=1&age=4&selected_currency=BRL,https://www.latamairlines.com/br/pt/oferta-voos?origin=SAO&outbound=2026-11-06T00%3A00%3A00.000Z&destination=CAC&inbound=2026-11-09T00%3A00%3A00.000Z&adt=1&chd=0&inf=0&trip=RT&cabin=Economy&redemption=true&sort=PRICE%2Casc,40857.96
105,JJD,Cruz (Jericoacoara),Brazil,2026-10-30,booking,16647,4045.3,3,Villa Odara,https://www.booking.com/searchresults.pt-br.html?ss=Villa+Odara%2C+Jericoacoara&checkin=2026-10-30&checkout=2026-11-02&group_adults=8&no_rooms=4&group_children=1&age=4&selected_currency=BRL,https://www.latamairlines.com/br/pt/oferta-voos?origin=SAO&outbound=2026-11-06T00%3A00%3A00.000Z&destination=SDU&inbound=2026-11-09T00%3A00%3A00.000Z&adt=1&chd=0&inf=0&trip=RT&cabin=Economy&redemption=true&sort=PRICE%2Casc,40918.8
97,NVT,Navegantes,Brazil,2026-10-30,booking,33048,1536.08,3,Fazzenda Park Resort (42km),https://www.booking.com/searchresults.pt-br.html?ss=Fazzenda+Park+Resort%2C+Gaspar%2C+Santa+Catarina&checkin=2026-10-30&checkout=2026-11-02&group_adults=8&no_rooms=4&group_children=1&age=4&selected_currency=BRL,https://www.latamairlines.com/br/pt/oferta-voos?origin=SAO&outbound=2026-11-06T00%3A00%3A00.000Z&destination=SDU&inbound=2026-11-09T00%3A00%3A00.000Z&adt=1&chd=0&inf=0&trip=RT&cabin=Economy&redemption=true&sort=PRICE%2Casc,42264.479999999996
20,EZE,Unknown,Unknown,2026-10-31,booking,23645,3147.3,2,Faena Hotel Buenos Aires,https://www.booking.com/searchresults.pt-br.html?ss=Faena+Hotel+Buenos+Aires%2C+Buenos+Aires%2C+Argentina&checkin=2026-10-31&checkout=2026-11-02&group_adults=8&no_rooms=4&group_children=1&age=4&selected_currency=BRL,https://www.latamairlines.com/br/pt/oferta-voos?origin=SAO&outbound=2026-11-06T00%3A00%3A00.000Z&destination=PFB&inbound=2026-11-09T00%3A00%3A00.000Z&adt=1&chd=0&inf=0&trip=RT&cabin=Economy&redemption=true&sort=PRICE%2Casc,42528.8
3,AEP,Buenos Aires,Argentina,2026-10-31,booking,23645,3147.3,2,Faena Hotel Buenos Aires,https://www.booking.com/searchresults.pt-br.html?ss=Faena+Hotel+Buenos+Aires%2C+Buenos+Aires%2C+Argentina&checkin=2026-10-31&checkout=2026-11-02&group_adults=8&no_rooms=4&group_children=1&age=4&selected_currency=BRL,https://www.latamairlines.com/br/pt/oferta-voos?origin=SAO&outbound=2026-11-06T00%3A00%3A00.000Z&destination=DOU&inbound=2026-11-09T00%3A00%3A00.000Z&adt=1&chd=0&inf=0&trip=RT&cabin=Economy&redemption=true&sort=PRICE%2Casc,42528.8
18,BUE,Unknown,Unknown,2026-10-31,booking,18676,4149.08,2,SLS Buenos Aires Puerto Madero,https://www.booking.com/searchresults.pt-br.html?ss=SLS+Buenos+Aires+Puerto+Madero%2C+Buenos+Aires%2C+Argentina&checkin=2026-10-31&checkout=2026-11-02&group_adults=8&no_rooms=4&group_children=1&age=4&selected_currency=BRL,https://www.latamairlines.com/br/pt/oferta-voos?origin=SAO&outbound=2026-11-06T00%3A00%3A00.000Z&destination=PMW&inbound=2026-11-09T00%3A00%3A00.000Z&adt=1&chd=0&inf=0&trip=RT&cabin=Economy&redemption=true&sort=PRICE%2Casc,43570.479999999996
101,CXJ,Caxias do Sul,Brazil,2026-10-30,booking,22425,3629.3,3,Celeiro Lake Village,https://www.booking.com/searchresults.pt-br.html?ss=Celeiro+Lake+Village%2C+S%C3%A3o+Francisco+de+Paula&checkin=2026-10-30&checkout=2026-11-02&group_adults=8&no_rooms=4&group_children=1&age=4&selected_currency=BRL,https://www.latamairlines.com/br/pt/oferta-voos?origin=SAO&outbound=2026-11-06T00%3A00%3A00.000Z&destination=SDU&inbound=2026-11-09T00%3A00%3A00.000Z&adt=1&chd=0&inf=0&trip=RT&cabin=Economy&redemption=true&sort=PRICE%2Casc,44200.8
18,BUE,Unknown,Unknown,2026-10-31,booking,19552,4149.08,2,"Recoleta Grand, Buenos Aires, a Tribute Portfolio Hotel",https://www.booking.com/searchresults.pt-br.html?ss=Recoleta+Grand%2C+Buenos+Aires%2C+a+Tribute+Portfolio+Hotel%2C+Buenos+Aires%2C+Argentina&checkin=2026-10-31&checkout=2026-11-02&group_adults=8&no_rooms=4&group_children=1&age=4&selected_currency=BRL,https://www.latamairlines.com/br/pt/oferta-voos?origin=SAO&outbound=2026-11-06T00%3A00%3A00.000Z&destination=PMW&inbound=2026-11-09T00%3A00%3A00.000Z&adt=1&chd=0&inf=0&trip=RT&cabin=Economy&redemption=true&sort=PRICE%2Casc,44446.479999999996
17,BUE,Unknown,Unknown,2026-10-30,booking,23690,3637.16,3,Hilton Buenos Aires,https://www.booking.com/searchresults.pt-br.html?ss=Hilton+Buenos+Aires%2C+Buenos+Aires%2C+Argentina&checkin=2026-10-30&checkout=2026-11-02&group_adults=8&no_rooms=4&group_children=1&age=4&selected_currency=BRL,https://www.latamairlines.com/br/pt/oferta-voos?origin=SAO&outbound=2026-11-06T00%3A00%3A00.000Z&destination=NVT&inbound=2026-11-09T00%3A00%3A00.000Z&adt=1&chd=0&inf=0&trip=RT&cabin=Economy&redemption=true&sort=PRICE%2Casc,45512.96
2,AEP,Buenos Aires,Argentina,2026-10-30,booking,23690,3637.16,3,Hilton Buenos Aires,https://www.booking.com/searchresults.pt-br.html?ss=Hilton+Buenos+Aires%2C+Buenos+Aires%2C+Argentina&checkin=2026-10-30&checkout=2026-11-02&group_adults=8&no_rooms=4&group_children=1&age=4&selected_currency=BRL,https://www.latamairlines.com/br/pt/oferta-voos?origin=SAO&outbound=2026-11-06T00%3A00%3A00.000Z&destination=CAC&inbound=2026-11-09T00%3A00%3A00.000Z&adt=1&chd=0&inf=0&trip=RT&cabin=Economy&redemption=true&sort=PRICE%2Casc,45512.96
19,EZE,Unknown,Unknown,2026-10-30,booking,23690,3637.16,3,Hilton Buenos Aires,https://www.booking.com/searchresults.pt-br.html?ss=Hilton+Buenos+Aires%2C+Buenos+Aires%2C+Argentina&checkin=2026-10-30&checkout=2026-11-02&group_adults=8&no_rooms=4&group_children=1&age=4&selected_currency=BRL,https://www.latamairlines.com/br/pt/oferta-voos?origin=SAO&outbound=2026-11-06T00%3A00%3A00.000Z&destination=CXJ&inbound=2026-11-09T00%3A00%3A00.000Z&adt=1&chd=0&inf=0&trip=RT&cabin=Economy&redemption=true&sort=PRICE%2Casc,45512.96
20,EZE,Unknown,Unknown,2026-10-31,booking,26713,3147.3,2,Alvear Palace Hotel - Leading Hotels of the World,https://www.booking.com/searchresults.pt-br.html?ss=Alvear+Palace+Hotel+-+Leading+Hotels+of+the+World%2C+Buenos+Aires%2C+Argentina&checkin=2026-10-31&checkout=2026-11-02&group_adults=8&no_rooms=4&group_children=1&age=4&selected_currency=BRL,https://www.latamairlines.com/br/pt/oferta-voos?origin=SAO&outbound=2026-11-06T00%3A00%3A00.000Z&destination=PFB&inbound=2026-11-09T00%3A00%3A00.000Z&adt=1&chd=0&inf=0&trip=RT&cabin=Economy&redemption=true&sort=PRICE%2Casc,45596.8
3,AEP,Buenos Aires,Argentina,2026-10-31,booking,26713,3147.3,2,Alvear Palace Hotel - Leading Hotels of the World,https://www.booking.com/searchresults.pt-br.html?ss=Alvear+Palace+Hotel+-+Leading+Hotels+of+the+World%2C+Buenos+Aires%2C+Argentina&checkin=2026-10-31&checkout=2026-11-02&group_adults=8&no_rooms=4&group_children=1&age=4&selected_currency=BRL,https://www.latamairlines.com/br/pt/oferta-voos?origin=SAO&outbound=2026-11-06T00%3A00%3A00.000Z&destination=DOU&inbound=2026-11-09T00%3A00%3A00.000Z&adt=1&chd=0&inf=0&trip=RT&cabin=Economy&redemption=true&sort=PRICE%2Casc,45596.8
3,AEP,Buenos Aires,Argentina,2026-10-31,booking,27165,3147.3,2,Palacio Duhau - Park Hyatt Buenos Aires,https://www.booking.com/searchresults.pt-br.html?ss=Palacio+Duhau+-+Park+Hyatt+Buenos+Aires%2C+Buenos+Aires%2C+Argentina&checkin=2026-10-31&checkout=2026-11-02&group_adults=8&no_rooms=4&group_children=1&age=4&selected_currency=BRL,https://www.latamairlines.com/br/pt/oferta-voos?origin=SAO&outbound=2026-11-06T00%3A00%3A00.000Z&destination=DOU&inbound=2026-11-09T00%3A00%3A00.000Z&adt=1&chd=0&inf=0&trip=RT&cabin=Economy&redemption=true&sort=PRICE%2Casc,46048.8
20,EZE,Unknown,Unknown,2026-10-31,booking,27165,3147.3,2,Palacio Duhau - Park Hyatt Buenos Aires,https://www.booking.com/searchresults.pt-br.html?ss=Palacio+Duhau+-+Park+Hyatt+Buenos+Aires%2C+Buenos+Aires%2C+Argentina&checkin=2026-10-31&checkout=2026-11-02&group_adults=8&no_rooms=4&group_children=1&age=4&selected_currency=BRL,https://www.latamairlines.com/br/pt/oferta-voos?origin=SAO&outbound=2026-11-06T00%3A00%3A00.000Z&destination=PFB&inbound=2026-11-09T00%3A00%3A00.000Z&adt=1&chd=0&inf=0&trip=RT&cabin=Economy&redemption=true&sort=PRICE%2Casc,46048.8
18,BUE,Unknown,Unknown,2026-10-31,booking,21425,4149.08,2,Casa Lucia Member of Melia Collection,https://www.booking.com/searchresults.pt-br.html?ss=Casa+Lucia+Member+of+Melia+Collection%2C+Buenos+Aires%2C+Argentina&checkin=2026-10-31&checkout=2026-11-02&group_adults=8&no_rooms=4&group_children=1&age=4&selected_currency=BRL,https://www.latamairlines.com/br/pt/oferta-voos?origin=SAO&outbound=2026-11-06T00%3A00%3A00.000Z&destination=PMW&inbound=2026-11-09T00%3A00%3A00.000Z&adt=1&chd=0&inf=0&trip=RT&cabin=Economy&redemption=true&sort=PRICE%2Casc,46319.479999999996
77,FOR,Fortaleza,Brazil,2026-10-30,booking,32760,2280.96,3,Vila Selvagem,https://www.booking.com/searchresults.pt-br.html?ss=Vila+Selvagem+Hotel+Contemporaneo&checkin=2026-10-30&checkout=2026-11-02&group_adults=8&no_rooms=4&group_children=1&age=4&selected_currency=BRL,https://www.latamairlines.com/br/pt/oferta-voos?origin=SAO&outbound=2026-11-06T00%3A00%3A00.000Z&destination=SDU&inbound=2026-11-09T00%3A00%3A00.000Z&adt=1&chd=0&inf=0&trip=RT&cabin=Economy&redemption=true&sort=PRICE%2Casc,46445.76
101,CXJ,Caxias do Sul,Brazil,2026-10-30,booking,24749,3629.3,3,Hubertus (Gramado),https://www.booking.com/searchresults.pt-br.html?ss=Hotel+Estalagem+St.+Hubertus%2C+Gramado&checkin=2026-10-30&checkout=2026-11-02&group_adults=8&no_rooms=4&group_children=1&age=4&selected_currency=BRL,https://www.latamairlines.com/br/pt/oferta-voos?origin=SAO&outbound=2026-11-06T00%3A00%3A00.000Z&destination=SDU&inbound=2026-11-09T00%3A00%3A00.000Z&adt=1&chd=0&inf=0&trip=RT&cabin=Economy&redemption=true&sort=PRICE%2Casc,46524.8
2,AEP,Buenos Aires,Argentina,2026-10-30,booking,25592,3637.16,3,"Recoleta Grand, Buenos Aires, a Tribute Portfolio Hotel",https://www.booking.com/searchresults.pt-br.html?ss=Recoleta+Grand%2C+Buenos+Aires%2C+a+Tribute+Portfolio+Hotel%2C+Buenos+Aires%2C+Argentina&checkin=2026-10-30&checkout=2026-11-02&group_adults=8&no_rooms=4&group_children=1&age=4&selected_currency=BRL,https://www.latamairlines.com/br/pt/oferta-voos?origin=SAO&outbound=2026-11-06T00%3A00%3A00.000Z&destination=CAC&inbound=2026-11-09T00%3A00%3A00.000Z&adt=1&chd=0&inf=0&trip=RT&cabin=Economy&redemption=true&sort=PRICE%2Casc,47414.96
19,EZE,Unknown,Unknown,2026-10-30,booking,25592,3637.16,3,"Recoleta Grand, Buenos Aires, a Tribute Portfolio Hotel",https://www.booking.com/searchresults.pt-br.html?ss=Recoleta+Grand%2C+Buenos+Aires%2C+a+Tribute+Portfolio+Hotel%2C+Buenos+Aires%2C+Argentina&checkin=2026-10-30&checkout=2026-11-02&group_adults=8&no_rooms=4&group_children=1&age=4&selected_currency=BRL,https://www.latamairlines.com/br/pt/oferta-voos?origin=SAO&outbound=2026-11-06T00%3A00%3A00.000Z&destination=CXJ&inbound=2026-11-09T00%3A00%3A00.000Z&adt=1&chd=0&inf=0&trip=RT&cabin=Economy&redemption=true&sort=PRICE%2Casc,47414.96
17,BUE,Unknown,Unknown,2026-10-30,booking,25592,3637.16,3,"Recoleta Grand, Buenos Aires, a Tribute Portfolio Hotel",https://www.booking.com/searchresults.pt-br.html?ss=Recoleta+Grand%2C+Buenos+Aires%2C+a+Tribute+Portfolio+Hotel%2C+Buenos+Aires%2C+Argentina&checkin=2026-10-30&checkout=2026-11-02&group_adults=8&no_rooms=4&group_children=1&age=4&selected_currency=BRL,https://www.latamairlines.com/br/pt/oferta-voos?origin=SAO&outbound=2026-11-06T00%3A00%3A00.000Z&destination=NVT&inbound=2026-11-09T00%3A00%3A00.000Z&adt=1&chd=0&inf=0&trip=RT&cabin=Economy&redemption=true&sort=PRICE%2Casc,47414.96
79,SSA,Salvador,Brazil,2026-10-30,booking,36325,2024.08,3,Tivoli,https://www.booking.com/searchresults.pt-br.html?ss=Tivoli+Ecoresort+Praia+do+Forte&checkin=2026-10-30&checkout=2026-11-02&group_adults=8&no_rooms=4&group_children=1&age=4&selected_currency=BRL,https://www.latamairlines.com/br/pt/oferta-voos?origin=SAO&outbound=2026-11-06T00%3A00%3A00.000Z&destination=SDU&inbound=2026-11-09T00%3A00%3A00.000Z&adt=1&chd=0&inf=0&trip=RT&cabin=Economy&redemption=true&sort=PRICE%2Casc,48469.479999999996
18,BUE,Unknown,Unknown,2026-10-31,booking,23645,4149.08,2,Faena Hotel Buenos Aires,https://www.booking.com/searchresults.pt-br.html?ss=Faena+Hotel+Buenos+Aires%2C+Buenos+Aires%2C+Argentina&checkin=2026-10-31&checkout=2026-11-02&group_adults=8&no_rooms=4&group_children=1&age=4&selected_currency=BRL,https://www.latamairlines.com/br/pt/oferta-voos?origin=SAO&outbound=2026-11-06T00%3A00%3A00.000Z&destination=PMW&inbound=2026-11-09T00%3A00%3A00.000Z&adt=1&chd=0&inf=0&trip=RT&cabin=Economy&redemption=true&sort=PRICE%2Casc,48539.479999999996
87,MAO,Manaus,Brazil,2026-10-30,booking,36859,2031.3,3,Juma Opera,https://www.booking.com/searchresults.pt-br.html?ss=Juma+%C3%93pera+Boutique+Hotel+%26+Spa&checkin=2026-10-30&checkout=2026-11-02&group_adults=8&no_rooms=4&group_children=1&age=4&selected_currency=BRL,https://www.latamairlines.com/br/pt/oferta-voos?origin=SAO&outbound=2026-11-06T00%3A00%3A00.000Z&destination=SDU&inbound=2026-11-09T00%3A00%3A00.000Z&adt=1&chd=0&inf=0&trip=RT&cabin=Economy&redemption=true&sort=PRICE%2Casc,49046.8
102,CXJ,Caxias do Sul,Brazil,2026-10-31,booking,41784,1223.3,2,Castelo Saint Andrews,https://www.booking.com/searchresults.pt-br.html?ss=Castelo+Saint+Andrews%2C+Gramado%2C+Rio+Grande+do+Sul%2C+Brasil&checkin=2026-10-31&checkout=2026-11-02&group_adults=8&no_rooms=4&group_children=1&age=4&selected_currency=BRL,https://www.latamairlines.com/br/pt/oferta-voos?origin=SAO&outbound=2026-11-06T00%3A00%3A00.000Z&destination=SDU&inbound=2026-11-09T00%3A00%3A00.000Z&adt=1&chd=0&inf=0&trip=RT&cabin=Economy&redemption=true&sort=PRICE%2Casc,49123.8
19,EZE,Unknown,Unknown,2026-10-30,booking,27687,3637.16,3,SLS Buenos Aires Puerto Madero,https://www.booking.com/searchresults.pt-br.html?ss=SLS+Buenos+Aires+Puerto+Madero%2C+Buenos+Aires%2C+Argentina&checkin=2026-10-30&checkout=2026-11-02&group_adults=8&no_rooms=4&group_children=1&age=4&selected_currency=BRL,https://www.latamairlines.com/br/pt/oferta-voos?origin=SAO&outbound=2026-11-06T00%3A00%3A00.000Z&destination=CXJ&inbound=2026-11-09T00%3A00%3A00.000Z&adt=1&chd=0&inf=0&trip=RT&cabin=Economy&redemption=true&sort=PRICE%2Casc,49509.96
17,BUE,Unknown,Unknown,2026-10-30,booking,27687,3637.16,3,SLS Buenos Aires Puerto Madero,https://www.booking.com/searchresults.pt-br.html?ss=SLS+Buenos+Aires+Puerto+Madero%2C+Buenos+Aires%2C+Argentina&checkin=2026-10-30&checkout=2026-11-02&group_adults=8&no_rooms=4&group_children=1&age=4&selected_currency=BRL,https://www.latamairlines.com/br/pt/oferta-voos?origin=SAO&outbound=2026-11-06T00%3A00%3A00.000Z&destination=NVT&inbound=2026-11-09T00%3A00%3A00.000Z&adt=1&chd=0&inf=0&trip=RT&cabin=Economy&redemption=true&sort=PRICE%2Casc,49509.96
2,AEP,Buenos Aires,Argentina,2026-10-30,booking,27687,3637.16,3,SLS Buenos Aires Puerto Madero,https://www.booking.com/searchresults.pt-br.html?ss=SLS+Buenos+Aires+Puerto+Madero%2C+Buenos+Aires%2C+Argentina&checkin=2026-10-30&checkout=2026-11-02&group_adults=8&no_rooms=4&group_children=1&age=4&selected_currency=BRL,https://www.latamairlines.com/br/pt/oferta-voos?origin=SAO&outbound=2026-11-06T00%3A00%3A00.000Z&destination=CAC&inbound=2026-11-09T00%3A00%3A00.000Z&adt=1&chd=0&inf=0&trip=RT&cabin=Economy&redemption=true&sort=PRICE%2Casc,49509.96
14,COR,Córdoba,Argentina,2026-10-31,booking,10039,6698.3,2,"Get Hotel Molvento, AKEN SOUL Collection",https://www.booking.com/searchresults.pt-br.html?ss=Get+Hotel+Molvento%2C+AKEN+SOUL+Collection%2C+Villa+General+Belgrano%2C+Prov%C3%ADncia+de+C%C3%B3rdoba%2C+Argentina&checkin=2026-10-31&checkout=2026-11-02&group_adults=8&no_rooms=4&group_children=1&age=4&selected_currency=BRL,https://www.latamairlines.com/br/pt/oferta-voos?origin=SAO&outbound=2026-11-06T00%3A00%3A00.000Z&destination=CPV&inbound=2026-11-09T00%3A00%3A00.000Z&adt=1&chd=0&inf=0&trip=RT&cabin=Economy&redemption=true&sort=PRICE%2Casc,50228.8
18,BUE,Unknown,Unknown,2026-10-31,booking,26713,4149.08,2,Alvear Palace Hotel - Leading Hotels of the World,https://www.booking.com/searchresults.pt-br.html?ss=Alvear+Palace+Hotel+-+Leading+Hotels+of+the+World%2C+Buenos+Aires%2C+Argentina&checkin=2026-10-31&checkout=2026-11-02&group_adults=8&no_rooms=4&group_children=1&age=4&selected_currency=BRL,https://www.latamairlines.com/br/pt/oferta-voos?origin=SAO&outbound=2026-11-06T00%3A00%3A00.000Z&destination=PMW&inbound=2026-11-09T00%3A00%3A00.000Z&adt=1&chd=0&inf=0&trip=RT&cabin=Economy&redemption=true&sort=PRICE%2Casc,51607.479999999996
14,COR,Córdoba,Argentina,2026-10-31,booking,11796,6698.3,2,"Böden Hotel & Spa, AKEN SOUL",https://www.booking.com/searchresults.pt-br.html?ss=B%C3%B6den+Hotel+%26+Spa%2C+AKEN+SOUL%2C+Villa+General+Belgrano%2C+Prov%C3%ADncia+de+C%C3%B3rdoba%2C+Argentina&checkin=2026-10-31&checkout=2026-11-02&group_adults=8&no_rooms=4&group_children=1&age=4&selected_currency=BRL,https://www.latamairlines.com/br/pt/oferta-voos?origin=SAO&outbound=2026-11-06T00%3A00%3A00.000Z&destination=CPV&inbound=2026-11-09T00%3A00%3A00.000Z&adt=1&chd=0&inf=0&trip=RT&cabin=Economy&redemption=true&sort=PRICE%2Casc,51985.8
18,BUE,Unknown,Unknown,2026-10-31,booking,27165,4149.08,2,Palacio Duhau - Park Hyatt Buenos Aires,https://www.booking.com/searchresults.pt-br.html?ss=Palacio+Duhau+-+Park+Hyatt+Buenos+Aires%2C+Buenos+Aires%2C+Argentina&checkin=2026-10-31&checkout=2026-11-02&group_adults=8&no_rooms=4&group_children=1&age=4&selected_currency=BRL,https://www.latamairlines.com/br/pt/oferta-voos?origin=SAO&outbound=2026-11-06T00%3A00%3A00.000Z&destination=PMW&inbound=2026-11-09T00%3A00%3A00.000Z&adt=1&chd=0&inf=0&trip=RT&cabin=Economy&redemption=true&sort=PRICE%2Casc,52059.479999999996
93,NAT,Natal,Brazil,2026-10-30,booking,40503,1969.3,3,Filha da Lua Ecolodge (94km),https://www.booking.com/searchresults.pt-br.html?ss=Filha+Da+Lua+Ecolodge%2C+Pipa&checkin=2026-10-30&checkout=2026-11-02&group_adults=8&no_rooms=4&group_children=1&age=4&selected_currency=BRL,https://www.latamairlines.com/br/pt/oferta-voos?origin=SAO&outbound=2026-11-06T00%3A00%3A00.000Z&destination=SDU&inbound=2026-11-09T00%3A00%3A00.000Z&adt=1&chd=0&inf=0&trip=RT&cabin=Economy&redemption=true&sort=PRICE%2Casc,52318.8
92,CPV,Campina Grande,Brazil,2026-10-30,booking,40503,2101.82,3,Filha da Lua Ecolodge (145km),https://www.booking.com/searchresults.pt-br.html?ss=Filha+Da+Lua+Ecolodge&checkin=2026-10-30&checkout=2026-11-02&group_adults=8&no_rooms=4&group_children=1&age=4&selected_currency=BRL,https://www.latamairlines.com/br/pt/oferta-voos?origin=SAO&outbound=2026-11-06T00%3A00%3A00.000Z&destination=SDU&inbound=2026-11-09T00%3A00%3A00.000Z&adt=1&chd=0&inf=0&trip=RT&cabin=Economy&redemption=true&sort=PRICE%2Casc,53113.92
5,MDZ,Mendoza,Argentina,2026-10-31,booking,38572,2460.94,2,Chozos Resort,https://www.booking.com/searchresults.pt-br.html?ss=Chozos+Resort%2C+Agrelo%2C+Prov%C3%ADncia+de+Mendoza%2C+Argentina&checkin=2026-10-31&checkout=2026-11-02&group_adults=8&no_rooms=4&group_children=1&age=4&selected_currency=BRL,https://www.latamairlines.com/br/pt/oferta-voos?origin=SAO&outbound=2026-11-06T00%3A00%3A00.000Z&destination=FEN&inbound=2026-11-09T00%3A00%3A00.000Z&adt=1&chd=0&inf=0&trip=RT&cabin=Economy&redemption=true&sort=PRICE%2Casc,53337.64
77,FOR,Fortaleza,Brazil,2026-10-30,booking,40092,2280.96,3,Jaguarindia,https://www.booking.com/searchresults.pt-br.html?ss=Jaguar%C3%ADndia+Village&checkin=2026-10-30&checkout=2026-11-02&group_adults=8&no_rooms=4&group_children=1&age=4&selected_currency=BRL,https://www.latamairlines.com/br/pt/oferta-voos?origin=SAO&outbound=2026-11-06T00%3A00%3A00.000Z&destination=SDU&inbound=2026-11-09T00%3A00%3A00.000Z&adt=1&chd=0&inf=0&trip=RT&cabin=Economy&redemption=true&sort=PRICE%2Casc,53777.76
88,MAO,Manaus,Brazil,2026-10-31,booking,43910,2031.3,2,Amazon Ecopark Jungle Lodge,https://www.booking.com/searchresults.pt-br.html?ss=Amazon+Ecopark+Jungle+Lodge%2C+Manaus&checkin=2026-10-31&checkout=2026-11-02&group_adults=8&no_rooms=4&group_children=1&age=4&selected_currency=BRL,https://www.latamairlines.com/br/pt/oferta-voos?origin=SAO&outbound=2026-11-06T00%3A00%3A00.000Z&destination=SDU&inbound=2026-11-09T00%3A00%3A00.000Z&adt=1&chd=0&inf=0&trip=RT&cabin=Economy&redemption=true&sort=PRICE%2Casc,56097.8
17,BUE,Unknown,Unknown,2026-10-30,booking,35466,3637.16,3,Faena Hotel Buenos Aires,https://www.booking.com/searchresults.pt-br.html?ss=Faena+Hotel+Buenos+Aires%2C+Buenos+Aires%2C+Argentina&checkin=2026-10-30&checkout=2026-11-02&group_adults=8&no_rooms=4&group_children=1&age=4&selected_currency=BRL,https://www.latamairlines.com/br/pt/oferta-voos?origin=SAO&outbound=2026-11-06T00%3A00%3A00.000Z&destination=NVT&inbound=2026-11-09T00%3A00%3A00.000Z&adt=1&chd=0&inf=0&trip=RT&cabin=Economy&redemption=true&sort=PRICE%2Casc,57288.96
19,EZE,Unknown,Unknown,2026-10-30,booking,35466,3637.16,3,Faena Hotel Buenos Aires,https://www.booking.com/searchresults.pt-br.html?ss=Faena+Hotel+Buenos+Aires%2C+Buenos+Aires%2C+Argentina&checkin=2026-10-30&checkout=2026-11-02&group_adults=8&no_rooms=4&group_children=1&age=4&selected_currency=BRL,https://www.latamairlines.com/br/pt/oferta-voos?origin=SAO&outbound=2026-11-06T00%3A00%3A00.000Z&destination=CXJ&inbound=2026-11-09T00%3A00%3A00.000Z&adt=1&chd=0&inf=0&trip=RT&cabin=Economy&redemption=true&sort=PRICE%2Casc,57288.96
2,AEP,Buenos Aires,Argentina,2026-10-30,booking,35466,3637.16,3,Faena Hotel Buenos Aires,https://www.booking.com/searchresults.pt-br.html?ss=Faena+Hotel+Buenos+Aires%2C+Buenos+Aires%2C+Argentina&checkin=2026-10-30&checkout=2026-11-02&group_adults=8&no_rooms=4&group_children=1&age=4&selected_currency=BRL,https://www.latamairlines.com/br/pt/oferta-voos?origin=SAO&outbound=2026-11-06T00%3A00%3A00.000Z&destination=CAC&inbound=2026-11-09T00%3A00%3A00.000Z&adt=1&chd=0&inf=0&trip=RT&cabin=Economy&redemption=true&sort=PRICE%2Casc,57288.96
75,PET,Pelotas,Brazil,2026-10-31,booking,15999,6909.7,2,Giardino 8.3 (Rio Quente Resort),https://www.booking.com/searchresults.pt-br.html?ss=Rio+Quente+Resorts+-+Hotel+Giardino%2C+Rio+Quente%2C+Goi%C3%A1s%2C+Brasil&ssne=Rio+Quente&checkin=2026-10-31&checkout=2026-11-02&group_adults=8&no_rooms=4&group_children=1&age=4&selected_currency=BRL,https://www.latamairlines.com/br/pt/oferta-voos?origin=SAO&outbound=2026-11-06T00%3A00%3A00.000Z&destination=SDU&inbound=2026-11-09T00%3A00%3A00.000Z&adt=1&chd=0&inf=0&trip=RT&cabin=Economy&redemption=true&sort=PRICE%2Casc,57457.2
74,PET,Pelotas,Brazil,2026-10-30,booking,18984,6445.12,3,Pirineus (128km),https://www.booking.com/searchresults.pt-br.html?ss=Pousada+dos+Pireneus%2C+Piren%C3%B3polis%2C+Goi%C3%A1s&checkin=2026-10-30&checkout=2026-11-02&group_adults=8&no_rooms=4&group_children=1&age=4&selected_currency=BRL,https://www.latamairlines.com/br/pt/oferta-voos?origin=SAO&outbound=2026-11-06T00%3A00%3A00.000Z&destination=SDU&inbound=2026-11-09T00%3A00%3A00.000Z&adt=1&chd=0&inf=0&trip=RT&cabin=Economy&redemption=true&sort=PRICE%2Casc,57654.72
105,JJD,Cruz (Jericoacoara),Brazil,2026-10-30,booking,34707,4045.3,3,Casa Siará (5s),https://www.booking.com/searchresults.pt-br.html?ss=Casa+Siar%C3%A1+-+Hotel+%26+Vilas%2C+Praia+do+Pre%C3%A1%2C+Cear%C3%A1%2C+Brasil&checkin=2026-10-30&checkout=2026-11-02&group_adults=8&no_rooms=4&group_children=1&age=4&selected_currency=BRL,https://www.latamairlines.com/br/pt/oferta-voos?origin=SAO&outbound=2026-11-06T00%3A00%3A00.000Z&destination=SDU&inbound=2026-11-09T00%3A00%3A00.000Z&adt=1&chd=0&inf=0&trip=RT&cabin=Economy&redemption=true&sort=PRICE%2Casc,58978.8
76,FEN,Fernando de Noronha,Brazil,2026-10-30,booking,38952,3417.3,3,Pousada Topázio by Amana,https://www.booking.com/searchresults.pt-br.html?ss=Pousada+Top%C3%A1zio+by+Amana%2C+Fernando+de+Noronha&checkin=2026-10-30&checkout=2026-11-02&group_adults=8&no_rooms=4&group_children=1&age=4&selected_currency=BRL,https://www.latamairlines.com/br/pt/oferta-voos?origin=SAO&outbound=2026-11-06T00%3A00%3A00.000Z&destination=SDU&inbound=2026-11-09T00%3A00%3A00.000Z&adt=1&chd=0&inf=0&trip=RT&cabin=Economy&redemption=true&sort=PRICE%2Casc,59455.8
74,PET,Pelotas,Brazil,2026-10-30,booking,21280,6445.12,3,Cavaleiro dos Pireneus,https://www.booking.com/searchresults.pt-br.html?ss=Pousada+Cavaleiro+dos+Pireneus%2C+Piren%C3%B3polis&checkin=2026-10-30&checkout=2026-11-02&group_adults=8&no_rooms=4&group_children=1&age=4&selected_currency=BRL,https://www.latamairlines.com/br/pt/oferta-voos?origin=SAO&outbound=2026-11-06T00%3A00%3A00.000Z&destination=SDU&inbound=2026-11-09T00%3A00%3A00.000Z&adt=1&chd=0&inf=0&trip=RT&cabin=Economy&redemption=true&sort=PRICE%2Casc,59950.72
10,BRC,Bariloche,Argentina,2026-10-31,booking,8646,8559.14,2,La Cascada Casa Patagónica by DON,https://www.booking.com/searchresults.pt-br.html?ss=La+Cascada+Casa+Patag%C3%B3nica+by+DON%2C+San+Carlos+de+Bariloche&checkin=2026-10-31&checkout=2026-11-02&group_adults=8&no_rooms=4&group_children=1&age=4&selected_currency=BRL,https://www.latamairlines.com/br/pt/oferta-voos?origin=SAO&outbound=2026-11-06T00%3A00%3A00.000Z&destination=CNF&inbound=2026-11-09T00%3A00%3A00.000Z&adt=1&chd=0&inf=0&trip=RT&cabin=Economy&redemption=true&sort=PRICE%2Casc,60000.84
17,BUE,Unknown,Unknown,2026-10-30,booking,38503,3637.16,3,Alvear Palace Hotel - Leading Hotels of the World,https://www.booking.com/searchresults.pt-br.html?ss=Alvear+Palace+Hotel+-+Leading+Hotels+of+the+World%2C+Buenos+Aires%2C+Argentina&checkin=2026-10-30&checkout=2026-11-02&group_adults=8&no_rooms=4&group_children=1&age=4&selected_currency=BRL,https://www.latamairlines.com/br/pt/oferta-voos?origin=SAO&outbound=2026-11-06T00%3A00%3A00.000Z&destination=NVT&inbound=2026-11-09T00%3A00%3A00.000Z&adt=1&chd=0&inf=0&trip=RT&cabin=Economy&redemption=true&sort=PRICE%2Casc,60325.96
19,EZE,Unknown,Unknown,2026-10-30,booking,38503,3637.16,3,Alvear Palace Hotel - Leading Hotels of the World,https://www.booking.com/searchresults.pt-br.html?ss=Alvear+Palace+Hotel+-+Leading+Hotels+of+the+World%2C+Buenos+Aires%2C+Argentina&checkin=2026-10-30&checkout=2026-11-02&group_adults=8&no_rooms=4&group_children=1&age=4&selected_currency=BRL,https://www.latamairlines.com/br/pt/oferta-voos?origin=SAO&outbound=2026-11-06T00%3A00%3A00.000Z&destination=CXJ&inbound=2026-11-09T00%3A00%3A00.000Z&adt=1&chd=0&inf=0&trip=RT&cabin=Economy&redemption=true&sort=PRICE%2Casc,60325.96
2,AEP,Buenos Aires,Argentina,2026-10-30,booking,38503,3637.16,3,Alvear Palace Hotel - Leading Hotels of the World,https://www.booking.com/searchresults.pt-br.html?ss=Alvear+Palace+Hotel+-+Leading+Hotels+of+the+World%2C+Buenos+Aires%2C+Argentina&checkin=2026-10-30&checkout=2026-11-02&group_adults=8&no_rooms=4&group_children=1&age=4&selected_currency=BRL,https://www.latamairlines.com/br/pt/oferta-voos?origin=SAO&outbound=2026-11-06T00%3A00%3A00.000Z&destination=CAC&inbound=2026-11-09T00%3A00%3A00.000Z&adt=1&chd=0&inf=0&trip=RT&cabin=Economy&redemption=true&sort=PRICE%2Casc,60325.96
10,BRC,Bariloche,Argentina,2026-10-31,booking,9272,8559.14,2,Nido del Condor Hotel & Spa,https://www.booking.com/searchresults.pt-br.html?ss=Nido+del+C%C3%B3ndor+Hotel+%26+Spa%2C+San+Carlos+de+Bariloche&checkin=2026-10-31&checkout=2026-11-02&group_adults=8&no_rooms=4&group_children=1&age=4&selected_currency=BRL,https://www.latamairlines.com/br/pt/oferta-voos?origin=SAO&outbound=2026-11-06T00%3A00%3A00.000Z&destination=CNF&inbound=2026-11-09T00%3A00%3A00.000Z&adt=1&chd=0&inf=0&trip=RT&cabin=Economy&redemption=true&sort=PRICE%2Casc,60626.84
20,EZE,Unknown,Unknown,2026-10-31,booking,41772,3147.3,2,Four Seasons Hotel Buenos Aires,https://www.booking.com/searchresults.pt-br.html?ss=Four+Seasons+Hotel+Buenos+Aires%2C+Buenos+Aires%2C+Argentina&checkin=2026-10-31&checkout=2026-11-02&group_adults=8&no_rooms=4&group_children=1&age=4&selected_currency=BRL,https://www.latamairlines.com/br/pt/oferta-voos?origin=SAO&outbound=2026-11-06T00%3A00%3A00.000Z&destination=PFB&inbound=2026-11-09T00%3A00%3A00.000Z&adt=1&chd=0&inf=0&trip=RT&cabin=Economy&redemption=true&sort=PRICE%2Casc,60655.8
3,AEP,Buenos Aires,Argentina,2026-10-31,booking,41772,3147.3,2,Four Seasons Hotel Buenos Aires,https://www.booking.com/searchresults.pt-br.html?ss=Four+Seasons+Hotel+Buenos+Aires%2C+Buenos+Aires%2C+Argentina&checkin=2026-10-31&checkout=2026-11-02&group_adults=8&no_rooms=4&group_children=1&age=4&selected_currency=BRL,https://www.latamairlines.com/br/pt/oferta-voos?origin=SAO&outbound=2026-11-06T00%3A00%3A00.000Z&destination=DOU&inbound=2026-11-09T00%3A00%3A00.000Z&adt=1&chd=0&inf=0&trip=RT&cabin=Economy&redemption=true&sort=PRICE%2Casc,60655.8
80,SSA,Salvador,Brazil,2026-10-31,booking,52000,1663.3,2,Mansão de Luxo em Praia do Forte,https://www.booking.com/searchresults.pt-br.html?ss=Mans%C3%A3o+de+Luxo+em+Praia+do+Forte+com+Acesso+%C3%A0+Praia%2C+Mata+de+S%C3%A3o+Jo%C3%A3o%2C+Bahia+%28Nordeste+do+Brasil%29%2C+Brasil&checkin=2026-10-31&checkout=2026-11-02&group_adults=8&no_rooms=4&group_children=1&age=4&selected_currency=BRL,https://www.latamairlines.com/br/pt/oferta-voos?origin=SAO&outbound=2026-11-06T00%3A00%3A00.000Z&destination=SDU&inbound=2026-11-09T00%3A00%3A00.000Z&adt=1&chd=0&inf=0&trip=RT&cabin=Economy&redemption=true&sort=PRICE%2Casc,61979.8
74,PET,Pelotas,Brazil,2026-10-30,booking,23773,6445.12,3,Giardino 8.3 (Rio Quente Resort),https://www.booking.com/searchresults.pt-br.html?ss=Rio+Quente+Resorts+-+Hotel+Giardino%2C+Rio+Quente%2C+Goi%C3%A1s%2C+Brasil&ssne=Rio+Quente&checkin=2026-10-30&checkout=2026-11-02&group_adults=8&no_rooms=4&group_children=1&age=4&selected_currency=BRL,https://www.latamairlines.com/br/pt/oferta-voos?origin=SAO&outbound=2026-11-06T00%3A00%3A00.000Z&destination=SDU&inbound=2026-11-09T00%3A00%3A00.000Z&adt=1&chd=0&inf=0&trip=RT&cabin=Economy&redemption=true&sort=PRICE%2Casc,62443.72
101,CXJ,Caxias do Sul,Brazil,2026-10-30,booking,41553,3629.3,3,Hotel Valle D'incanto,https://www.booking.com/searchresults.pt-br.html?ss=Hotel+Valle+Dincanto%2C+Gramado&checkin=2026-10-30&checkout=2026-11-02&group_adults=8&no_rooms=4&group_children=1&age=4&selected_currency=BRL,https://www.latamairlines.com/br/pt/oferta-voos?origin=SAO&outbound=2026-11-06T00%3A00%3A00.000Z&destination=SDU&inbound=2026-11-09T00%3A00%3A00.000Z&adt=1&chd=0&inf=0&trip=RT&cabin=Economy&redemption=true&sort=PRICE%2Casc,63328.8
19,EZE,Unknown,Unknown,2026-10-30,booking,41834,3637.16,3,Four Seasons Hotel Buenos Aires,https://www.booking.com/searchresults.pt-br.html?ss=Four+Seasons+Hotel+Buenos+Aires%2C+Buenos+Aires%2C+Argentina&checkin=2026-10-30&checkout=2026-11-02&group_adults=8&no_rooms=4&group_children=1&age=4&selected_currency=BRL,https://www.latamairlines.com/br/pt/oferta-voos?origin=SAO&outbound=2026-11-06T00%3A00%3A00.000Z&destination=CXJ&inbound=2026-11-09T00%3A00%3A00.000Z&adt=1&chd=0&inf=0&trip=RT&cabin=Economy&redemption=true&sort=PRICE%2Casc,63656.96
17,BUE,Unknown,Unknown,2026-10-30,booking,41834,3637.16,3,Four Seasons Hotel Buenos Aires,https://www.booking.com/searchresults.pt-br.html?ss=Four+Seasons+Hotel+Buenos+Aires%2C+Buenos+Aires%2C+Argentina&checkin=2026-10-30&checkout=2026-11-02&group_adults=8&no_rooms=4&group_children=1&age=4&selected_currency=BRL,https://www.latamairlines.com/br/pt/oferta-voos?origin=SAO&outbound=2026-11-06T00%3A00%3A00.000Z&destination=NVT&inbound=2026-11-09T00%3A00%3A00.000Z&adt=1&chd=0&inf=0&trip=RT&cabin=Economy&redemption=true&sort=PRICE%2Casc,63656.96
2,AEP,Buenos Aires,Argentina,2026-10-30,booking,41834,3637.16,3,Four Seasons Hotel Buenos Aires,https://www.booking.com/searchresults.pt-br.html?ss=Four+Seasons+Hotel+Buenos+Aires%2C+Buenos+Aires%2C+Argentina&checkin=2026-10-30&checkout=2026-11-02&group_adults=8&no_rooms=4&group_children=1&age=4&selected_currency=BRL,https://www.latamairlines.com/br/pt/oferta-voos?origin=SAO&outbound=2026-11-06T00%3A00%3A00.000Z&destination=CAC&inbound=2026-11-09T00%3A00%3A00.000Z&adt=1&chd=0&inf=0&trip=RT&cabin=Economy&redemption=true&sort=PRICE%2Casc,63656.96
6,USH,Ushuaia,Argentina,2026-10-30,booking,20377,7391.66,3,Las Hayas Ushuaia Resort,https://www.booking.com/searchresults.pt-br.html?ss=Las+Hayas+Ushuaia+Resort%2C+Ushuaia%2C+Terra+do+Fogo+%28Ushuaia+Ski%29%2C+Argentina&checkin=2026-10-30&checkout=2026-11-02&group_adults=8&no_rooms=4&group_children=1&age=4&selected_currency=BRL,https://www.latamairlines.com/br/pt/oferta-voos?origin=SAO&outbound=2026-11-06T00%3A00%3A00.000Z&destination=FOR&inbound=2026-11-09T00%3A00%3A00.000Z&adt=1&chd=0&inf=0&trip=RT&cabin=Economy&redemption=true&sort=PRICE%2Casc,64726.96
71,CAC,Cascavel,Brazil,2026-10-31,booking,58431,1121.3,2,Gran Melia (ARG),https://www.booking.com/searchresults.pt-br.html?ss=Gran+Meli%C3%A1+Iguaz%C3%BA%2C+Puerto+Iguaz%C3%BA%2C+Misiones%2C+Argentina&checkin=2026-10-31&checkout=2026-11-02&group_adults=8&no_rooms=4&group_children=1&age=4&selected_currency=BRL,https://www.latamairlines.com/br/pt/oferta-voos?origin=SAO&outbound=2026-11-06T00%3A00%3A00.000Z&destination=SDU&inbound=2026-11-09T00%3A00%3A00.000Z&adt=1&chd=0&inf=0&trip=RT&cabin=Economy&redemption=true&sort=PRICE%2Casc,65158.8
76,FEN,Fernando de Noronha,Brazil,2026-10-30,booking,45299,3417.3,3,Maria Bonita 4s,https://www.booking.com/searchresults.pt-br.html?ss=Pousada+Maria+Bonita+Noronha&checkin=2026-10-30&checkout=2026-11-02&group_adults=8&no_rooms=4&group_children=1&age=4&selected_currency=BRL,https://www.latamairlines.com/br/pt/oferta-voos?origin=SAO&outbound=2026-11-06T00%3A00%3A00.000Z&destination=SDU&inbound=2026-11-09T00%3A00%3A00.000Z&adt=1&chd=0&inf=0&trip=RT&cabin=Economy&redemption=true&sort=PRICE%2Casc,65802.8
18,BUE,Unknown,Unknown,2026-10-31,booking,41772,4149.08,2,Four Seasons Hotel Buenos Aires,https://www.booking.com/searchresults.pt-br.html?ss=Four+Seasons+Hotel+Buenos+Aires%2C+Buenos+Aires%2C+Argentina&checkin=2026-10-31&checkout=2026-11-02&group_adults=8&no_rooms=4&group_children=1&age=4&selected_currency=BRL,https://www.latamairlines.com/br/pt/oferta-voos?origin=SAO&outbound=2026-11-06T00%3A00%3A00.000Z&destination=PMW&inbound=2026-11-09T00%3A00%3A00.000Z&adt=1&chd=0&inf=0&trip=RT&cabin=Economy&redemption=true&sort=PRICE%2Casc,66666.48
87,MAO,Manaus,Brazil,2026-10-30,booking,54861,2031.3,3,Amazon Ecopark Jungle Lodge,https://www.booking.com/searchresults.pt-br.html?ss=Amazon+Ecopark+Jungle+Lodge%2C+Manaus&checkin=2026-10-30&checkout=2026-11-02&group_adults=8&no_rooms=4&group_children=1&age=4&selected_currency=BRL,https://www.latamairlines.com/br/pt/oferta-voos?origin=SAO&outbound=2026-11-06T00%3A00%3A00.000Z&destination=SDU&inbound=2026-11-09T00%3A00%3A00.000Z&adt=1&chd=0&inf=0&trip=RT&cabin=Economy&redemption=true&sort=PRICE%2Casc,67048.8
7,USH,Ushuaia,Argentina,2026-10-31,booking,12159,9635.24,2,Las Hayas Ushuaia Resort,https://www.booking.com/searchresults.pt-br.html?ss=Las+Hayas+Ushuaia+Resort%2C+Ushuaia%2C+Terra+do+Fogo+%28Ushuaia+Ski%29%2C+Argentina&checkin=2026-10-31&checkout=2026-11-02&group_adults=8&no_rooms=4&group_children=1&age=4&selected_currency=BRL,https://www.latamairlines.com/br/pt/oferta-voos?origin=SAO&outbound=2026-11-06T00%3A00%3A00.000Z&destination=SSA&inbound=2026-11-09T00%3A00%3A00.000Z&adt=1&chd=0&inf=0&trip=RT&cabin=Economy&redemption=true&sort=PRICE%2Casc,69970.44
19,EZE,Unknown,Unknown,2026-10-30,booking,48573,3637.16,3,Palacio Duhau - Park Hyatt Buenos Aires,https://www.booking.com/searchresults.pt-br.html?ss=Palacio+Duhau+-+Park+Hyatt+Buenos+Aires%2C+Buenos+Aires%2C+Argentina&checkin=2026-10-30&checkout=2026-11-02&group_adults=8&no_rooms=4&group_children=1&age=4&selected_currency=BRL,https://www.latamairlines.com/br/pt/oferta-voos?origin=SAO&outbound=2026-11-06T00%3A00%3A00.000Z&destination=CXJ&inbound=2026-11-09T00%3A00%3A00.000Z&adt=1&chd=0&inf=0&trip=RT&cabin=Economy&redemption=true&sort=PRICE%2Casc,70395.95999999999
2,AEP,Buenos Aires,Argentina,2026-10-30,booking,48573,3637.16,3,Palacio Duhau - Park Hyatt Buenos Aires,https://www.booking.com/searchresults.pt-br.html?ss=Palacio+Duhau+-+Park+Hyatt+Buenos+Aires%2C+Buenos+Aires%2C+Argentina&checkin=2026-10-30&checkout=2026-11-02&group_adults=8&no_rooms=4&group_children=1&age=4&selected_currency=BRL,https://www.latamairlines.com/br/pt/oferta-voos?origin=SAO&outbound=2026-11-06T00%3A00%3A00.000Z&destination=CAC&inbound=2026-11-09T00%3A00%3A00.000Z&adt=1&chd=0&inf=0&trip=RT&cabin=Economy&redemption=true&sort=PRICE%2Casc,70395.95999999999
17,BUE,Unknown,Unknown,2026-10-30,booking,48573,3637.16,3,Palacio Duhau - Park Hyatt Buenos Aires,https://www.booking.com/searchresults.pt-br.html?ss=Palacio+Duhau+-+Park+Hyatt+Buenos+Aires%2C+Buenos+Aires%2C+Argentina&checkin=2026-10-30&checkout=2026-11-02&group_adults=8&no_rooms=4&group_children=1&age=4&selected_currency=BRL,https://www.latamairlines.com/br/pt/oferta-voos?origin=SAO&outbound=2026-11-06T00%3A00%3A00.000Z&destination=NVT&inbound=2026-11-09T00%3A00%3A00.000Z&adt=1&chd=0&inf=0&trip=RT&cabin=Economy&redemption=true&sort=PRICE%2Casc,70395.95999999999
70,CAC,Cascavel,Brazil,2026-10-30,booking,64267,1095.3,3,Belmond Cataratas,https://www.booking.com/searchresults.pt-br.html?ss=Hotel+das+Cataratas%2C+A+Belmond+Hotel&checkin=2026-10-30&checkout=2026-11-02&group_adults=8&no_rooms=4&group_children=1&age=4&selected_currency=BRL,https://www.latamairlines.com/br/pt/oferta-voos?origin=SAO&outbound=2026-11-06T00%3A00%3A00.000Z&destination=SDU&inbound=2026-11-09T00%3A00%3A00.000Z&adt=1&chd=0&inf=0&trip=RT&cabin=Economy&redemption=true&sort=PRICE%2Casc,70838.8
10,BRC,Bariloche,Argentina,2026-10-31,booking,19739,8559.14,2,Correntoso Lake & River Hotel,https://www.booking.com/searchresults.pt-br.html?ss=Correntoso+Lake+%26+River+Hotel%2C+Villa+La+Angostura%2C+Prov%C3%ADncia+de+Neuqu%C3%A9n+%28Road+of+the+7+Lakes%29%2C+Argentina&checkin=2026-10-31&checkout=2026-11-02&group_adults=8&no_rooms=4&group_children=1&age=4&selected_currency=BRL,https://www.latamairlines.com/br/pt/oferta-voos?origin=SAO&outbound=2026-11-06T00%3A00%3A00.000Z&destination=CNF&inbound=2026-11-09T00%3A00%3A00.000Z&adt=1&chd=0&inf=0&trip=RT&cabin=Economy&redemption=true&sort=PRICE%2Casc,71093.84
10,BRC,Bariloche,Argentina,2026-10-31,booking,20985,8559.14,2,Llao Llao Resort Golf & Spa,https://www.booking.com/searchresults.pt-br.html?ss=Llao+Llao+Resort%2C+Golf-Spa%2C+San+Carlos+de+Bariloche&checkin=2026-10-31&checkout=2026-11-02&group_adults=8&no_rooms=4&group_children=1&age=4&selected_currency=BRL,https://www.latamairlines.com/br/pt/oferta-voos?origin=SAO&outbound=2026-11-06T00%3A00%3A00.000Z&destination=CNF&inbound=2026-11-09T00%3A00%3A00.000Z&adt=1&chd=0&inf=0&trip=RT&cabin=Economy&redemption=true&sort=PRICE%2Casc,72339.84
9,BRC,Bariloche,Argentina,2026-10-30,booking,14042,9844.2,3,Nido del Condor Hotel & Spa,https://www.booking.com/searchresults.pt-br.html?ss=Nido+del+C%C3%B3ndor+Hotel+%26+Spa%2C+San+Carlos+de+Bariloche&checkin=2026-10-30&checkout=2026-11-02&group_adults=8&no_rooms=4&group_children=1&age=4&selected_currency=BRL,https://www.latamairlines.com/br/pt/oferta-voos?origin=SAO&outbound=2026-11-06T00%3A00%3A00.000Z&destination=IZA&inbound=2026-11-09T00%3A00%3A00.000Z&adt=1&chd=0&inf=0&trip=RT&cabin=Economy&redemption=true&sort=PRICE%2Casc,73107.20000000001
9,BRC,Bariloche,Argentina,2026-10-30,booking,14996,9844.2,3,La Cascada Casa Patagónica by DON,https://www.booking.com/searchresults.pt-br.html?ss=La+Cascada+Casa+Patag%C3%B3nica+by+DON%2C+San+Carlos+de+Bariloche&checkin=2026-10-30&checkout=2026-11-02&group_adults=8&no_rooms=4&group_children=1&age=4&selected_currency=BRL,https://www.latamairlines.com/br/pt/oferta-voos?origin=SAO&outbound=2026-11-06T00%3A00%3A00.000Z&destination=IZA&inbound=2026-11-09T00%3A00%3A00.000Z&adt=1&chd=0&inf=0&trip=RT&cabin=Economy&redemption=true&sort=PRICE%2Casc,74061.20000000001
6,USH,Ushuaia,Argentina,2026-10-30,booking,31289,7391.66,3,Los Cauquenes Resort,https://www.booking.com/searchresults.pt-br.html?ss=Los+Cauquenes+Resort+%2B+Spa+%2B+Experiences%2C+Ushuaia%2C+Terra+do+Fogo%2C+Argentina&checkin=2026-10-30&checkout=2026-11-02&group_adults=8&no_rooms=4&group_children=1&age=4&selected_currency=BRL,https://www.latamairlines.com/br/pt/oferta-voos?origin=SAO&outbound=2026-11-06T00%3A00%3A00.000Z&destination=FOR&inbound=2026-11-09T00%3A00%3A00.000Z&adt=1&chd=0&inf=0&trip=RT&cabin=Economy&redemption=true&sort=PRICE%2Casc,75638.95999999999
4,MDZ,Mendoza,Argentina,2026-10-30,booking,58329,3083.44,3,Chozos Resort,https://www.booking.com/searchresults.pt-br.html?ss=Chozos+Resort%2C+Agrelo%2C+Prov%C3%ADncia+de+Mendoza%2C+Argentina&checkin=2026-10-30&checkout=2026-11-02&group_adults=8&no_rooms=4&group_children=1&age=4&selected_currency=BRL,https://www.latamairlines.com/br/pt/oferta-voos?origin=SAO&outbound=2026-11-06T00%3A00%3A00.000Z&destination=PET&inbound=2026-11-09T00%3A00%3A00.000Z&adt=1&chd=0&inf=0&trip=RT&cabin=Economy&redemption=true&sort=PRICE%2Casc,76829.64
88,MAO,Manaus,Brazil,2026-10-31,booking,64773,2031.3,2,Juma Amazon,https://www.booking.com/searchresults.pt-br.html?ss=Juma+Amazon+Lodge&checkin=2026-10-31&checkout=2026-11-02&group_adults=8&no_rooms=4&group_children=1&age=4&selected_currency=BRL,https://www.latamairlines.com/br/pt/oferta-voos?origin=SAO&outbound=2026-11-06T00%3A00%3A00.000Z&destination=SDU&inbound=2026-11-09T00%3A00%3A00.000Z&adt=1&chd=0&inf=0&trip=RT&cabin=Economy&redemption=true&sort=PRICE%2Casc,76960.8
7,USH,Ushuaia,Argentina,2026-10-31,booking,20526,9635.24,2,Los Cauquenes Resort,https://www.booking.com/searchresults.pt-br.html?ss=Los+Cauquenes+Resort+%2B+Spa+%2B+Experiences%2C+Ushuaia%2C+Terra+do+Fogo%2C+Argentina&checkin=2026-10-31&checkout=2026-11-02&group_adults=8&no_rooms=4&group_children=1&age=4&selected_currency=BRL,https://www.latamairlines.com/br/pt/oferta-voos?origin=SAO&outbound=2026-11-06T00%3A00%3A00.000Z&destination=SSA&inbound=2026-11-09T00%3A00%3A00.000Z&adt=1&chd=0&inf=0&trip=RT&cabin=Economy&redemption=true&sort=PRICE%2Casc,78337.44
2,AEP,Buenos Aires,Argentina,2026-10-30,booking,56780,3637.16,3,Casa Lucia Member of Melia Collection,https://www.booking.com/searchresults.pt-br.html?ss=Casa+Lucia+Member+of+Melia+Collection%2C+Buenos+Aires%2C+Argentina&checkin=2026-10-30&checkout=2026-11-02&group_adults=8&no_rooms=4&group_children=1&age=4&selected_currency=BRL,https://www.latamairlines.com/br/pt/oferta-voos?origin=SAO&outbound=2026-11-06T00%3A00%3A00.000Z&destination=CAC&inbound=2026-11-09T00%3A00%3A00.000Z&adt=1&chd=0&inf=0&trip=RT&cabin=Economy&redemption=true&sort=PRICE%2Casc,78602.95999999999
17,BUE,Unknown,Unknown,2026-10-30,booking,56780,3637.16,3,Casa Lucia Member of Melia Collection,https://www.booking.com/searchresults.pt-br.html?ss=Casa+Lucia+Member+of+Melia+Collection%2C+Buenos+Aires%2C+Argentina&checkin=2026-10-30&checkout=2026-11-02&group_adults=8&no_rooms=4&group_children=1&age=4&selected_currency=BRL,https://www.latamairlines.com/br/pt/oferta-voos?origin=SAO&outbound=2026-11-06T00%3A00%3A00.000Z&destination=NVT&inbound=2026-11-09T00%3A00%3A00.000Z&adt=1&chd=0&inf=0&trip=RT&cabin=Economy&redemption=true&sort=PRICE%2Casc,78602.95999999999
19,EZE,Unknown,Unknown,2026-10-30,booking,56780,3637.16,3,Casa Lucia Member of Melia Collection,https://www.booking.com/searchresults.pt-br.html?ss=Casa+Lucia+Member+of+Melia+Collection%2C+Buenos+Aires%2C+Argentina&checkin=2026-10-30&checkout=2026-11-02&group_adults=8&no_rooms=4&group_children=1&age=4&selected_currency=BRL,https://www.latamairlines.com/br/pt/oferta-voos?origin=SAO&outbound=2026-11-06T00%3A00%3A00.000Z&destination=CXJ&inbound=2026-11-09T00%3A00%3A00.000Z&adt=1&chd=0&inf=0&trip=RT&cabin=Economy&redemption=true&sort=PRICE%2Casc,78602.95999999999
87,MAO,Manaus,Brazil,2026-10-30,booking,67518,2031.3,3,Poranga Jungle,https://www.booking.com/searchresults.pt-br.html?ss=Ponta+Poranga+Jungle+Lodge&checkin=2026-10-30&checkout=2026-11-02&group_adults=8&no_rooms=4&group_children=1&age=4&selected_currency=BRL,https://www.latamairlines.com/br/pt/oferta-voos?origin=SAO&outbound=2026-11-06T00%3A00%3A00.000Z&destination=SDU&inbound=2026-11-09T00%3A00%3A00.000Z&adt=1&chd=0&inf=0&trip=RT&cabin=Economy&redemption=true&sort=PRICE%2Casc,79705.8
7,USH,Ushuaia,Argentina,2026-10-31,booking,24917,9635.24,2,Arakur Ushuaia Resort & Spa,https://www.booking.com/searchresults.pt-br.html?ss=Arakur+Ushuaia+Resort+%26+Spa%2C+Ushuaia%2C+Terra+do+Fogo+%28Ushuaia+Ski%29%2C+Argentina&checkin=2026-10-31&checkout=2026-11-02&group_adults=8&no_rooms=4&group_children=1&age=4&selected_currency=BRL,https://www.latamairlines.com/br/pt/oferta-voos?origin=SAO&outbound=2026-11-06T00%3A00%3A00.000Z&destination=SSA&inbound=2026-11-09T00%3A00%3A00.000Z&adt=1&chd=0&inf=0&trip=RT&cabin=Economy&redemption=true&sort=PRICE%2Casc,82728.44
6,USH,Ushuaia,Argentina,2026-10-30,booking,38467,7391.66,3,Arakur Ushuaia Resort & Spa,https://www.booking.com/searchresults.pt-br.html?ss=Arakur+Ushuaia+Resort+%26+Spa%2C+Ushuaia%2C+Terra+do+Fogo+%28Ushuaia+Ski%29%2C+Argentina&checkin=2026-10-30&checkout=2026-11-02&group_adults=8&no_rooms=4&group_children=1&age=4&selected_currency=BRL,https://www.latamairlines.com/br/pt/oferta-voos?origin=SAO&outbound=2026-11-06T00%3A00%3A00.000Z&destination=FOR&inbound=2026-11-09T00%3A00%3A00.000Z&adt=1&chd=0&inf=0&trip=RT&cabin=Economy&redemption=true&sort=PRICE%2Casc,82816.95999999999
101,CXJ,Caxias do Sul,Brazil,2026-10-30,booking,61238,3629.3,3,Castelo Saint Andrews,https://www.booking.com/searchresults.pt-br.html?ss=Castelo+Saint+Andrews%2C+Gramado%2C+Rio+Grande+do+Sul%2C+Brasil&checkin=2026-10-30&checkout=2026-11-02&group_adults=8&no_rooms=4&group_children=1&age=4&selected_currency=BRL,https://www.latamairlines.com/br/pt/oferta-voos?origin=SAO&outbound=2026-11-06T00%3A00%3A00.000Z&destination=SDU&inbound=2026-11-09T00%3A00%3A00.000Z&adt=1&chd=0&inf=0&trip=RT&cabin=Economy&redemption=true&sort=PRICE%2Casc,83013.8
76,FEN,Fernando de Noronha,Brazil,2026-10-30,booking,64450,3417.3,3,Morena 3s,https://www.booking.com/searchresults.pt-br.html?ss=Pousada+Morena%2C+Fernando+de+Noronha&checkin=2026-10-30&checkout=2026-11-02&group_adults=8&no_rooms=4&group_children=1&age=4&selected_currency=BRL,https://www.latamairlines.com/br/pt/oferta-voos?origin=SAO&outbound=2026-11-06T00%3A00%3A00.000Z&destination=SDU&inbound=2026-11-09T00%3A00%3A00.000Z&adt=1&chd=0&inf=0&trip=RT&cabin=Economy&redemption=true&sort=PRICE%2Casc,84953.8
9,BRC,Bariloche,Argentina,2026-10-30,booking,28683,9844.2,3,Correntoso Lake & River Hotel,https://www.booking.com/searchresults.pt-br.html?ss=Correntoso+Lake+%26+River+Hotel%2C+Villa+La+Angostura%2C+Prov%C3%ADncia+de+Neuqu%C3%A9n+%28Road+of+the+7+Lakes%29%2C+Argentina&checkin=2026-10-30&checkout=2026-11-02&group_adults=8&no_rooms=4&group_children=1&age=4&selected_currency=BRL,https://www.latamairlines.com/br/pt/oferta-voos?origin=SAO&outbound=2026-11-06T00%3A00%3A00.000Z&destination=IZA&inbound=2026-11-09T00%3A00%3A00.000Z&adt=1&chd=0&inf=0&trip=RT&cabin=Economy&redemption=true&sort=PRICE%2Casc,87748.20000000001
85,CNF,Belo Horizonte,Brazil,2026-10-30,booking,83505,972.08,3,Clara Arte Inhotim,https://www.booking.com/searchresults.pt-br.html?ss=Clara+Arte%2C+Brumadinho%2C+Minas+Gerais&checkin=2026-10-30&checkout=2026-11-02&group_adults=8&no_rooms=4&group_children=1&age=4&selected_currency=BRL,https://www.latamairlines.com/br/pt/oferta-voos?origin=SAO&outbound=2026-11-06T00%3A00%3A00.000Z&destination=SDU&inbound=2026-11-09T00%3A00%3A00.000Z&adt=1&chd=0&inf=0&trip=RT&cabin=Economy&redemption=true&sort=PRICE%2Casc,89337.48
79,SSA,Salvador,Brazil,2026-10-30,booking,78000,2024.08,3,Mansão de Luxo em Praia do Forte,https://www.booking.com/searchresults.pt-br.html?ss=Mans%C3%A3o+de+Luxo+em+Praia+do+Forte+com+Acesso+%C3%A0+Praia%2C+Mata+de+S%C3%A3o+Jo%C3%A3o%2C+Bahia+%28Nordeste+do+Brasil%29%2C+Brasil&checkin=2026-10-30&checkout=2026-11-02&group_adults=8&no_rooms=4&group_children=1&age=4&selected_currency=BRL,https://www.latamairlines.com/br/pt/oferta-voos?origin=SAO&outbound=2026-11-06T00%3A00%3A00.000Z&destination=SDU&inbound=2026-11-09T00%3A00%3A00.000Z&adt=1&chd=0&inf=0&trip=RT&cabin=Economy&redemption=true&sort=PRICE%2Casc,90144.48
9,BRC,Bariloche,Argentina,2026-10-30,booking,32150,9844.2,3,Llao Llao Resort Golf & Spa,https://www.booking.com/searchresults.pt-br.html?ss=Llao+Llao+Resort%2C+Golf-Spa%2C+San+Carlos+de+Bariloche&checkin=2026-10-30&checkout=2026-11-02&group_adults=8&no_rooms=4&group_children=1&age=4&selected_currency=BRL,https://www.latamairlines.com/br/pt/oferta-voos?origin=SAO&outbound=2026-11-06T00%3A00%3A00.000Z&destination=IZA&inbound=2026-11-09T00%3A00%3A00.000Z&adt=1&chd=0&inf=0&trip=RT&cabin=Economy&redemption=true&sort=PRICE%2Casc,91215.20000000001
70,CAC,Cascavel,Brazil,2026-10-30,booking,90094,1095.3,3,Gran Melia (ARG),https://www.booking.com/searchresults.pt-br.html?ss=Gran+Meli%C3%A1+Iguaz%C3%BA%2C+Puerto+Iguaz%C3%BA%2C+Misiones%2C+Argentina&checkin=2026-10-30&checkout=2026-11-02&group_adults=8&no_rooms=4&group_children=1&age=4&selected_currency=BRL,https://www.latamairlines.com/br/pt/oferta-voos?origin=SAO&outbound=2026-11-06T00%3A00%3A00.000Z&destination=SDU&inbound=2026-11-09T00%3A00%3A00.000Z&adt=1&chd=0&inf=0&trip=RT&cabin=Economy&redemption=true&sort=PRICE%2Casc,96665.8
74,PET,Pelotas,Brazil,2026-10-30,booking,68731,6445.12,3,Hotel Turismo 8.7 (Rio Quente Resort),https://www.booking.com/searchresults.pt-br.html?ss=Rio+Quente+Resorts+-+Hotel+Turismo%2C+Rio+Quente&checkin=2026-10-30&checkout=2026-11-02&group_adults=8&no_rooms=4&group_children=1&age=4&selected_currency=BRL,https://www.latamairlines.com/br/pt/oferta-voos?origin=SAO&outbound=2026-11-06T00%3A00%3A00.000Z&destination=SDU&inbound=2026-11-09T00%3A00%3A00.000Z&adt=1&chd=0&inf=0&trip=RT&cabin=Economy&redemption=true&sort=PRICE%2Casc,107401.72
87,MAO,Manaus,Brazil,2026-10-30,booking,96209,2031.3,3,Juma Amazon,https://www.booking.com/searchresults.pt-br.html?ss=Juma+Amazon+Lodge&checkin=2026-10-30&checkout=2026-11-02&group_adults=8&no_rooms=4&group_children=1&age=4&selected_currency=BRL,https://www.latamairlines.com/br/pt/oferta-voos?origin=SAO&outbound=2026-11-06T00%3A00%3A00.000Z&destination=SDU&inbound=2026-11-09T00%3A00%3A00.000Z&adt=1&chd=0&inf=0&trip=RT&cabin=Economy&redemption=true&sort=PRICE%2Casc,108396.8
61,UYU,Uyuni,Bolivia,2026-10-31,booking,3955,18650.34,2,Casa de Sal - Salt Hotel,https://www.booking.com/searchresults.pt-br.html?ss=Casa+de+Sal+-+Salt+Hotel%2C+Uyuni%2C+Potosi+Region+%28Salar+de+Uyuni%29%2C+Bol%C3%Advia&checkin=2026-10-31&checkout=2026-11-02&group_adults=8&no_rooms=4&group_children=1&age=4&selected_currency=BRL,https://www.latamairlines.com/br/pt/oferta-voos?origin=SAO&outbound=2026-11-06T00%3A00%3A00.000Z&destination=SDU&inbound=2026-11-09T00%3A00%3A00.000Z&adt=1&chd=0&inf=0&trip=RT&cabin=Economy&redemption=true&sort=PRICE%2Casc,115857.04000000001
60,UYU,Uyuni,Bolivia,2026-10-30,booking,5933,18650.34,3,Casa de Sal - Salt Hotel,https://www.booking.com/searchresults.pt-br.html?ss=Casa+de+Sal+-+Salt+Hotel%2C+Uyuni%2C+Potosi+Region+%28Salar+de+Uyuni%29%2C+Bol%C3%Advia&checkin=2026-10-30&checkout=2026-11-02&group_adults=8&no_rooms=4&group_children=1&age=4&selected_currency=BRL,https://www.latamairlines.com/br/pt/oferta-voos?origin=SAO&outbound=2026-11-06T00%3A00%3A00.000Z&destination=SDU&inbound=2026-11-09T00%3A00%3A00.000Z&adt=1&chd=0&inf=0&trip=RT&cabin=Economy&redemption=true&sort=PRICE%2Casc,117835.04000000001
61,UYU,Uyuni,Bolivia,2026-10-31,booking,8790,18650.34,2,Hotel Rosario Uyuni Collection,https://www.booking.com/searchresults.pt-br.html?ss=Hotel+Rosario+Uyuni+Collection%2C+Uyuni%2C+Potosi+Region+%28Salar+de+Uyuni%29%2C+Bol%C3%Advia&checkin=2026-10-31&checkout=2026-11-02&group_adults=8&no_rooms=4&group_children=1&age=4&selected_currency=BRL,https://www.latamairlines.com/br/pt/oferta-voos?origin=SAO&outbound=2026-11-06T00%3A00%3A00.000Z&destination=SDU&inbound=2026-11-09T00%3A00%3A00.000Z&adt=1&chd=0&inf=0&trip=RT&cabin=Economy&redemption=true&sort=PRICE%2Casc,120692.04000000001
60,UYU,Uyuni,Bolivia,2026-10-30,booking,13185,18650.34,3,Hotel Rosario Uyuni Collection,https://www.booking.com/searchresults.pt-br.html?ss=Hotel+Rosario+Uyuni+Collection%2C+Uyuni%2C+Potosi+Region+%28Salar+de+Uyuni%29%2C+Bol%C3%Advia&checkin=2026-10-30&checkout=2026-11-02&group_adults=8&no_rooms=4&group_children=1&age=4&selected_currency=BRL,https://www.latamairlines.com/br/pt/oferta-voos?origin=SAO&outbound=2026-11-06T00%3A00%3A00.000Z&destination=SDU&inbound=2026-11-09T00%3A00%3A00.000Z&adt=1&chd=0&inf=0&trip=RT&cabin=Economy&redemption=true&sort=PRICE%2Casc,125087.04000000001
10,BRC,Bariloche,Argentina,2026-10-31,booking,77349,8559.14,2,Villa Beluno Hotel & Spa,https://www.booking.com/searchresults.pt-br.html?ss=Villa+Beluno+Hotel+%26+Spa%2C+San+Carlos+de+Bariloche%2C+Rio+Negro%2C+Argentina&checkin=2026-10-31&checkout=2026-11-02&group_adults=8&no_rooms=4&group_children=1&age=4&selected_currency=BRL,https://www.latamairlines.com/br/pt/oferta-voos?origin=SAO&outbound=2026-11-06T00%3A00%3A00.000Z&destination=CNF&inbound=2026-11-09T00%3A00%3A00.000Z&adt=1&chd=0&inf=0&trip=RT&cabin=Economy&redemption=true&sort=PRICE%2Casc,128703.84
9,BRC,Bariloche,Argentina,2026-10-30,booking,81217,9844.2,3,Villa Beluno Hotel & Spa,https://www.booking.com/searchresults.pt-br.html?ss=Villa+Beluno+Hotel+%26+Spa%2C+San+Carlos+de+Bariloche%2C+Rio+Negro%2C+Argentina&checkin=2026-10-30&checkout=2026-11-02&group_adults=8&no_rooms=4&group_children=1&age=4&selected_currency=BRL,https://www.latamairlines.com/br/pt/oferta-voos?origin=SAO&outbound=2026-11-06T00%3A00%3A00.000Z&destination=IZA&inbound=2026-11-09T00%3A00%3A00.000Z&adt=1&chd=0&inf=0&trip=RT&cabin=Economy&redemption=true&sort=PRICE%2Casc,140282.2
