Row,City,City Name,Country,Checkin_Date,Source,Price,Air Price,# Days,Hotel Name,URL,url_flight,Final Price
158,MHC,Castro,Chile,2026-09-05,booking,720,1020,2,Palafito 1326 Hotel Boutique Chiloé,https://www.booking.com/searchresults.pt-br.html?ss=Palafito+1326+Hotel+Boutique+Chilo%C3%A9%2C+Castro%2C+Prov%C3%ADncia+de+Los+Lagos%2C+Chile&checkin=2026-09-05&checkout=2026-09-07&group_adults=2&no_rooms=1&group_children=&age=&selected_currency=BRL,https://www.google.com/travel/explore?tfs=CBwQAxopEgoyMDI2LTA2LTEzag0IAxIJL20vMDIycGZtcgwIBBIIL20vMDJqNzEaKRIKMjAyNi0wNi0xNGoMCAQSCC9tLzAyajcxcg0IAxIJL20vMDIycGZtQAFIAXABggELCP___________wGYAQGyAQIgAQ&tfu=GioaKAoSCfGsOLrXgkLAEYDM2geLYUrAEhIJjwdQ_nX2R8ARQGbtgzWKVsA&hl=pt&curr=BRL,6840.0
92,IMP,Imperatriz,Brazil,2026-09-05,booking,790,1020,2,Bristol Imperatriz,https://www.booking.com/searchresults.pt-br.html?ss=Bristol+Imperatriz+Maranhao&checkin=2026-09-05&checkout=2026-09-07&group_adults=2&no_rooms=1&group_children=&age=&selected_currency=BRL,https://www.google.com/travel/explore?tfs=CBwQAxopEgoyMDI2LTA2LTEzag0IAxIJL20vMDIycGZtcgwIBBIIL20vMDJqNzEaKRIKMjAyNi0wNi0xNGoMCAQSCC9tLzAyajcxcg0IAxIJL20vMDIycGZtQAFIAXABggELCP___________wGYAQGyAQIgAQ&tfu=GioaKAoSCfGsOLrXgkLAEYDM2geLYUrAEhIJjwdQ_nX2R8ARQGbtgzWKVsA&hl=pt&curr=BRL,6910.0
119,XAP,Chapecó,Brazil,2026-09-05,booking,849,1020,2,La Mision Mocona - Lodge de Selva,https://www.booking.com/searchresults.pt-br.html?ss=La+Mision+Mocona+-+Lodge+de+Selva%2C+Saltos+del+Mocon%C3%A1%2C+Misiones&checkin=2026-09-05&checkout=2026-09-07&group_adults=2&no_rooms=1&group_children=&age=&selected_currency=BRL,https://www.google.com/travel/explore?tfs=CBwQAxopEgoyMDI2LTA2LTEzag0IAxIJL20vMDIycGZtcgwIBBIIL20vMDJqNzEaKRIKMjAyNi0wNi0xNGoMCAQSCC9tLzAyajcxcg0IAxIJL20vMDIycGZtQAFIAXABggELCP___________wGYAQGyAQIgAQ&tfu=GioaKAoSCQl02cp_wzvAEYDM2gcriUbAEhIJbf7U094ERMARQGbtgwWeVMA&hl=pt&curr=BRL,6969.0
160,BBA,Balmaceda,Chile,2026-09-05,booking,940,1020,2,PURA Hotel,https://www.booking.com/searchresults.pt-br.html?ss=PURA+Hotel%2C+Coihaique%2C+Aysen%2C+Chile&checkin=2026-09-05&checkout=2026-09-07&group_adults=2&no_rooms=1&group_children=&age=&selected_currency=BRL,https://www.google.com/travel/explore?tfs=CBwQAxopEgoyMDI2LTA2LTEzag0IAxIJL20vMDIycGZtcgwIBBIIL20vMDJqNzEaKRIKMjAyNi0wNi0xNGoMCAQSCC9tLzAyajcxcg0IAxIJL20vMDIycGZtQAFIAXABggELCP___________wGYAQGyAQIgAQ&tfu=GioaKAoSCfGsOLrXgkLAEYDM2geLYUrAEhIJjwdQ_nX2R8ARQGbtgzWKVsA&hl=pt&curr=BRL,7060.0
157,MHC,Castro,Chile,2026-09-04,booking,1080,1020,3,Palafito 1326 Hotel Boutique Chiloé,https://www.booking.com/searchresults.pt-br.html?ss=Palafito+1326+Hotel+Boutique+Chilo%C3%A9%2C+Castro%2C+Prov%C3%ADncia+de+Los+Lagos%2C+Chile&checkin=2026-09-04&checkout=2026-09-07&group_adults=2&no_rooms=1&group_children=&age=&selected_currency=BRL,https://www.google.com/travel/explore?tfs=CBwQAxopEgoyMDI2LTA2LTEzag0IAxIJL20vMDIycGZtcgwIBBIIL20vMDJqNzEaKRIKMjAyNi0wNi0xNGoMCAQSCC9tLzAyajcxcg0IAxIJL20vMDIycGZtQAFIAXABggELCP___________wGYAQGyAQIgAQ&tfu=GioaKAoSCQl02cp_wzvAEYDM2gcriUbAEhIJbf7U094ERMARQGbtgwWeVMA&hl=pt&curr=BRL,7200.0
62,CGR,Campo Grande,Brazil,2026-09-05,booking,1080,1020,2,Pousada Pantanal Experiência (190km),https://www.booking.com/searchresults.pt-br.html?ss=Pousada+Pantanal+Experi%C3%AAncia%2C+Miranda&checkin=2026-09-05&checkout=2026-09-07&group_adults=2&no_rooms=1&group_children=&age=&selected_currency=BRL,https://www.google.com/travel/explore?tfs=CBwQAxopEgoyMDI2LTA2LTEzag0IAxIJL20vMDIycGZtcgwIBBIIL20vMDJqNzEaKRIKMjAyNi0wNi0xNGoMCAQSCC9tLzAyajcxcg0IAxIJL20vMDIycGZtQAFIAXABggELCP___________wGYAQGyAQIgAQ&tfu=GioaKAoSCfGsOLrXgkLAEYDM2geLYUrAEhIJjwdQ_nX2R8ARQGbtgzWKVsA&hl=pt&curr=BRL,7200.0
65,NVT,Navegantes,Brazil,2026-09-04,booking,1105,1020,3,B14 Suítes (Beto),https://www.booking.com/searchresults.pt-br.html?ss=B14+Su%C3%ADtes%2C+Penha%2C+Santa+Catarina%2C+Brasil&checkin=2026-09-04&checkout=2026-09-07&group_adults=2&no_rooms=1&group_children=&age=&selected_currency=BRL,https://www.google.com/travel/explore?tfs=CBwQAxopEgoyMDI2LTA2LTEzag0IAxIJL20vMDIycGZtcgwIBBIIL20vMDJqNzEaKRIKMjAyNi0wNi0xNGoMCAQSCC9tLzAyajcxcg0IAxIJL20vMDIycGZtQAFIAXABggELCP___________wGYAQGyAQIgAQ&tfu=GioaKAoSCQl02cp_wzvAEYDM2gcriUbAEhIJbf7U094ERMARQGbtgwWeVMA&hl=pt&curr=BRL,7225.0
100,JOI,Joinville,Brazil,2026-09-04,booking,1105,1020,3,B14 Suítes (Beto),https://www.booking.com/searchresults.pt-br.html?ss=B14+Su%C3%ADtes%2C+Penha%2C+Santa+Catarina%2C+Brasil&checkin=2026-09-04&checkout=2026-09-07&group_adults=2&no_rooms=1&group_children=&age=&selected_currency=BRL,https://www.google.com/travel/explore?tfs=CBwQAxopEgoyMDI2LTA2LTEzag0IAxIJL20vMDIycGZtcgwIBBIIL20vMDJqNzEaKRIKMjAyNi0wNi0xNGoMCAQSCC9tLzAyajcxcg0IAxIJL20vMDIycGZtQAFIAXABggELCP___________wGYAQGyAQIgAQ&tfu=GioaKAoSCfGsOLrXgkLAEYDM2geLYUrAEhIJjwdQ_nX2R8ARQGbtgzWKVsA&hl=pt&curr=BRL,7225.0
101,JOI,Joinville,Brazil,2026-09-05,booking,1120,1020,2,B14 Suítes (Beto),https://www.booking.com/searchresults.pt-br.html?ss=B14+Su%C3%ADtes%2C+Penha%2C+Santa+Catarina%2C+Brasil&checkin=2026-09-05&checkout=2026-09-07&group_adults=2&no_rooms=1&group_children=&age=&selected_currency=BRL,https://www.google.com/travel/explore?tfs=CBwQAxopEgoyMDI2LTA2LTEzag0IAxIJL20vMDIycGZtcgwIBBIIL20vMDJqNzEaKRIKMjAyNi0wNi0xNGoMCAQSCC9tLzAyajcxcg0IAxIJL20vMDIycGZtQAFIAXABggELCP___________wGYAQGyAQIgAQ&tfu=GioaKAoSCQl02cp_wzvAEYDM2gcriUbAEhIJbf7U094ERMARQGbtgwWeVMA&hl=pt&curr=BRL,7240.0
66,NVT,Navegantes,Brazil,2026-09-05,booking,1120,1020,2,B14 Suítes (Beto),https://www.booking.com/searchresults.pt-br.html?ss=B14+Su%C3%ADtes%2C+Penha%2C+Santa+Catarina%2C+Brasil&checkin=2026-09-05&checkout=2026-09-07&group_adults=2&no_rooms=1&group_children=&age=&selected_currency=BRL,https://www.google.com/travel/explore?tfs=CBwQAxopEgoyMDI2LTA2LTEzag0IAxIJL20vMDIycGZtcgwIBBIIL20vMDJqNzEaKRIKMjAyNi0wNi0xNGoMCAQSCC9tLzAyajcxcg0IAxIJL20vMDIycGZtQAFIAXABggELCP___________wGYAQGyAQIgAQ&tfu=GioaKAoSCfGsOLrXgkLAEYDM2geLYUrAEhIJjwdQ_nX2R8ARQGbtgzWKVsA&hl=pt&curr=BRL,7240.0
118,XAP,Chapecó,Brazil,2026-09-04,booking,1146,1020,3,La Mision Mocona - Lodge de Selva,https://www.booking.com/searchresults.pt-br.html?ss=La+Mision+Mocona+-+Lodge+de+Selva%2C+Saltos+del+Mocon%C3%A1%2C+Misiones&checkin=2026-09-04&checkout=2026-09-07&group_adults=2&no_rooms=1&group_children=&age=&selected_currency=BRL,https://www.google.com/travel/explore?tfs=CBwQAxopEgoyMDI2LTA2LTEzag0IAxIJL20vMDIycGZtcgwIBBIIL20vMDJqNzEaKRIKMjAyNi0wNi0xNGoMCAQSCC9tLzAyajcxcg0IAxIJL20vMDIycGZtQAFIAXABggELCP___________wGYAQGyAQIgAQ&tfu=GioaKAoSCfGsOLrXgkLAEYDM2geLYUrAEhIJjwdQ_nX2R8ARQGbtgzWKVsA&hl=pt&curr=BRL,7266.0
57,BVB,Boa Vista,Brazil,2026-09-04,booking,1165,1020,3,Ibis Styles,https://www.booking.com/searchresults.pt-br.html?ss=ibis+Styles+Boa+Vista%2C+Boa+Vista%2C+Roraima&checkin=2026-09-04&checkout=2026-09-07&group_adults=2&no_rooms=1&group_children=&age=&selected_currency=BRL,https://www.google.com/travel/explore?tfs=CBwQAxopEgoyMDI2LTA2LTEzag0IAxIJL20vMDIycGZtcgwIBBIIL20vMDJqNzEaKRIKMjAyNi0wNi0xNGoMCAQSCC9tLzAyajcxcg0IAxIJL20vMDIycGZtQAFIAXABggELCP___________wGYAQGyAQIgAQ&tfu=GioaKAoSCQl02cp_wzvAEYDM2gcriUbAEhIJbf7U094ERMARQGbtgwWeVMA&hl=pt&curr=BRL,7285.0
91,IMP,Imperatriz,Brazil,2026-09-04,booking,1185,1020,3,Bristol Imperatriz,https://www.booking.com/searchresults.pt-br.html?ss=Bristol+Imperatriz+Maranhao&checkin=2026-09-04&checkout=2026-09-07&group_adults=2&no_rooms=1&group_children=&age=&selected_currency=BRL,https://www.google.com/travel/explore?tfs=CBwQAxopEgoyMDI2LTA2LTEzag0IAxIJL20vMDIycGZtcgwIBBIIL20vMDJqNzEaKRIKMjAyNi0wNi0xNGoMCAQSCC9tLzAyajcxcg0IAxIJL20vMDIycGZtQAFIAXABggELCP___________wGYAQGyAQIgAQ&tfu=GioaKAoSCQl02cp_wzvAEYDM2gcriUbAEhIJbf7U094ERMARQGbtgwWeVMA&hl=pt&curr=BRL,7305.0
161,IQQ,Iquique,Chile,2026-09-04,booking,1186,1020,3,Hotel Gavina Costa Mar,https://www.booking.com/searchresults.pt-br.html?ss=Hotel+Gavina+Costa+Mar%2C+Iquique%2C+Tarapac%C3%A1%2C+Chile&checkin=2026-09-04&checkout=2026-09-07&group_adults=2&no_rooms=1&group_children=&age=&selected_currency=BRL,https://www.google.com/travel/explore?tfs=CBwQAxopEgoyMDI2LTA2LTEzag0IAxIJL20vMDIycGZtcgwIBBIIL20vMDJqNzEaKRIKMjAyNi0wNi0xNGoMCAQSCC9tLzAyajcxcg0IAxIJL20vMDIycGZtQAFIAXABggELCP___________wGYAQGyAQIgAQ&tfu=GioaKAoSCQl02cp_wzvAEYDM2gcriUbAEhIJbf7U094ERMARQGbtgwWeVMA&hl=pt&curr=BRL,7306.0
160,BBA,Balmaceda,Chile,2026-09-05,booking,1226,1020,2,Chelenko Lodge,https://www.booking.com/searchresults.pt-br.html?ss=Chelenko+Lodge%2C+Puerto+Tranquilo%2C+Aysen%2C+Chile&checkin=2026-09-05&checkout=2026-09-07&group_adults=2&no_rooms=1&group_children=&age=&selected_currency=BRL,https://www.google.com/travel/explore?tfs=CBwQAxopEgoyMDI2LTA2LTEzag0IAxIJL20vMDIycGZtcgwIBBIIL20vMDJqNzEaKRIKMjAyNi0wNi0xNGoMCAQSCC9tLzAyajcxcg0IAxIJL20vMDIycGZtQAFIAXABggELCP___________wGYAQGyAQIgAQ&tfu=GioaKAoSCfGsOLrXgkLAEYDM2geLYUrAEhIJjwdQ_nX2R8ARQGbtgzWKVsA&hl=pt&curr=BRL,7346.0
181,ASU,Assunção,Paraguay,2026-09-05,booking,1231,1020,2,Palmaroga Hotel Asuncion,https://www.booking.com/searchresults.pt-br.html?ss=Palmaroga+Hotel+Asuncion%2C+Tapestry+Collection+by+Hilton&checkin=2026-09-05&checkout=2026-09-07&group_adults=2&no_rooms=1&group_children=&age=&selected_currency=BRL,https://www.google.com/travel/explore?tfs=CBwQAxopEgoyMDI2LTA2LTEzag0IAxIJL20vMDIycGZtcgwIBBIIL20vMDJqNzEaKRIKMjAyNi0wNi0xNGoMCAQSCC9tLzAyajcxcg0IAxIJL20vMDIycGZtQAFIAXABggELCP___________wGYAQGyAQIgAQ&tfu=GioaKAoSCQl02cp_wzvAEYDM2gcriUbAEhIJbf7U094ERMARQGbtgwWeVMA&hl=pt&curr=BRL,7351.0
161,IQQ,Iquique,Chile,2026-09-04,booking,1244,1020,3,NH Iquique Costa,https://www.booking.com/searchresults.pt-br.html?ss=NH+Iquique+Costa%2C+Iquique%2C+Tarapac%C3%A1%2C+Chile&checkin=2026-09-04&checkout=2026-09-07&group_adults=2&no_rooms=1&group_children=&age=&selected_currency=BRL,https://www.google.com/travel/explore?tfs=CBwQAxopEgoyMDI2LTA2LTEzag0IAxIJL20vMDIycGZtcgwIBBIIL20vMDJqNzEaKRIKMjAyNi0wNi0xNGoMCAQSCC9tLzAyajcxcg0IAxIJL20vMDIycGZtQAFIAXABggELCP___________wGYAQGyAQIgAQ&tfu=GioaKAoSCQl02cp_wzvAEYDM2gcriUbAEhIJbf7U094ERMARQGbtgwWeVMA&hl=pt&curr=BRL,7364.0
110,MAB,Marabá,Brazil,2026-09-04,booking,1273,1020,3,Hotel São Bento,https://www.booking.com/searchresults.pt-br.html?ss=Hotel+S%C3%A3o+Bento%2C+Marab%C3%A1%2C+Par%C3%A1%2C+Brasil&checkin=2026-09-04&checkout=2026-09-07&group_adults=2&no_rooms=1&group_children=&age=&selected_currency=BRL,https://www.google.com/travel/explore?tfs=CBwQAxopEgoyMDI2LTA2LTEzag0IAxIJL20vMDIycGZtcgwIBBIIL20vMDJqNzEaKRIKMjAyNi0wNi0xNGoMCAQSCC9tLzAyajcxcg0IAxIJL20vMDIycGZtQAFIAXABggELCP___________wGYAQGyAQIgAQ&tfu=GioaKAoSCfGsOLrXgkLAEYDM2geLYUrAEhIJjwdQ_nX2R8ARQGbtgzWKVsA&hl=pt&curr=BRL,7393.0
164,LSC,La Serena,Chile,2026-09-05,booking,1288,1020,2,Lodge Nueva Elqui,https://sp.booking.com/searchresults.pt-br.html?ss=Lodge+Nueva+Elqui%2C+Pisco+Elqui%2C+Coquimbo+Region+%28Elqui+Valley%29%2C+Chile&checkin=2026-09-05&checkout=2026-09-07&group_adults=2&no_rooms=1&group_children=&age=&selected_currency=BRL,https://www.google.com/travel/explore?tfs=CBwQAxopEgoyMDI2LTA2LTEzag0IAxIJL20vMDIycGZtcgwIBBIIL20vMDJqNzEaKRIKMjAyNi0wNi0xNGoMCAQSCC9tLzAyajcxcg0IAxIJL20vMDIycGZtQAFIAXABggELCP___________wGYAQGyAQIgAQ&tfu=GioaKAoSCfGsOLrXgkLAEYDM2geLYUrAEhIJjwdQ_nX2R8ARQGbtgzWKVsA&hl=pt&curr=BRL,7408.0
119,XAP,Chapecó,Brazil,2026-09-05,booking,1360,1020,2,Reserva La Mision Mocona (300km),https://www.booking.com/searchresults.pt-br.html?ss=Reserva+La+Mision+Mocona+-+Solo+Adultos%2C+Saltos+del+Mocon%C3%A1%2C+Misiones&checkin=2026-09-05&checkout=2026-09-07&group_adults=2&no_rooms=1&group_children=&age=&selected_currency=BRL,https://www.google.com/travel/explore?tfs=CBwQAxopEgoyMDI2LTA2LTEzag0IAxIJL20vMDIycGZtcgwIBBIIL20vMDJqNzEaKRIKMjAyNi0wNi0xNGoMCAQSCC9tLzAyajcxcg0IAxIJL20vMDIycGZtQAFIAXABggELCP___________wGYAQGyAQIgAQ&tfu=GioaKAoSCQl02cp_wzvAEYDM2gcriUbAEhIJbf7U094ERMARQGbtgwWeVMA&hl=pt&curr=BRL,7480.0
7,FTE,El Calafate,Argentina,2026-09-05,booking,1397,1020,2,Wyndham El Calafate,https://www.booking.com/searchresults.pt-br.html?ss=Esplendor+by+Wyndham+El+Calafate%2C+El+Calafate%2C+Santa+Cruz+%28El+Calafate+and+Vicinity%29%2C+Argentina&checkin=2026-09-05&checkout=2026-09-07&group_adults=2&no_rooms=1&group_children=&age=&selected_currency=BRL,https://www.google.com/travel/explore?tfs=CBwQAxopEgoyMDI2LTA2LTEzag0IAxIJL20vMDIycGZtcgwIBBIIL20vMDJqNzEaKRIKMjAyNi0wNi0xNGoMCAQSCC9tLzAyajcxcg0IAxIJL20vMDIycGZtQAFIAXABggELCP___________wGYAQGyAQIgAQ&tfu=GioaKAoSCfGsOLrXgkLAEYDM2geLYUrAEhIJjwdQ_nX2R8ARQGbtgzWKVsA&hl=pt&curr=BRL,7517.0
101,JOI,Joinville,Brazil,2026-09-05,booking,1404,1020,2,Liwe Hotels,https://www.booking.com/searchresults.pt-br.html?ss=Liwe+Hotels%2C+Penha%2C+Santa+Catarina%2C+Brasil&checkin=2026-09-05&checkout=2026-09-07&group_adults=2&no_rooms=1&group_children=&age=&selected_currency=BRL,https://www.google.com/travel/explore?tfs=CBwQAxopEgoyMDI2LTA2LTEzag0IAxIJL20vMDIycGZtcgwIBBIIL20vMDJqNzEaKRIKMjAyNi0wNi0xNGoMCAQSCC9tLzAyajcxcg0IAxIJL20vMDIycGZtQAFIAXABggELCP___________wGYAQGyAQIgAQ&tfu=GioaKAoSCQl02cp_wzvAEYDM2gcriUbAEhIJbf7U094ERMARQGbtgwWeVMA&hl=pt&curr=BRL,7524.0
66,NVT,Navegantes,Brazil,2026-09-05,booking,1404,1020,2,Liwe Hotels,https://www.booking.com/searchresults.pt-br.html?ss=Liwe+Hotels%2C+Penha%2C+Santa+Catarina%2C+Brasil&checkin=2026-09-05&checkout=2026-09-07&group_adults=2&no_rooms=1&group_children=&age=&selected_currency=BRL,https://www.google.com/travel/explore?tfs=CBwQAxopEgoyMDI2LTA2LTEzag0IAxIJL20vMDIycGZtcgwIBBIIL20vMDJqNzEaKRIKMjAyNi0wNi0xNGoMCAQSCC9tLzAyajcxcg0IAxIJL20vMDIycGZtQAFIAXABggELCP___________wGYAQGyAQIgAQ&tfu=GioaKAoSCfGsOLrXgkLAEYDM2geLYUrAEhIJjwdQ_nX2R8ARQGbtgzWKVsA&hl=pt&curr=BRL,7524.0
7,FTE,El Calafate,Argentina,2026-09-05,booking,1415,1020,2,Hotel Kosten Aike,https://www.booking.com/searchresults.pt-br.html?ss=Hotel+Kosten+Aike%2C+El+Calafate%2C+Santa+Cruz%2C+Argentina&checkin=2026-09-05&checkout=2026-09-07&group_adults=2&no_rooms=1&group_children=&age=&selected_currency=BRL,https://www.google.com/travel/explore?tfs=CBwQAxopEgoyMDI2LTA2LTEzag0IAxIJL20vMDIycGZtcgwIBBIIL20vMDJqNzEaKRIKMjAyNi0wNi0xNGoMCAQSCC9tLzAyajcxcg0IAxIJL20vMDIycGZtQAFIAXABggELCP___________wGYAQGyAQIgAQ&tfu=GioaKAoSCfGsOLrXgkLAEYDM2geLYUrAEhIJjwdQ_nX2R8ARQGbtgzWKVsA&hl=pt&curr=BRL,7535.0
175,ZOS,Osorno,Chile,2026-09-05,booking,1450,1020,2,Hotel Cabaña Del Lago Puerto Varas,https://www.booking.com/searchresults.pt-br.html?ss=Hotel+Caba%C3%B1a+Del+Lago+Puerto+Varas%2C+Puerto+Varas%2C+Prov%C3%ADncia+de+Los+Lagos%2C+Chile&checkin=2026-09-05&checkout=2026-09-07&group_adults=2&no_rooms=1&group_children=&age=&selected_currency=BRL,https://www.google.com/travel/explore?tfs=CBwQAxopEgoyMDI2LTA2LTEzag0IAxIJL20vMDIycGZtcgwIBBIIL20vMDJqNzEaKRIKMjAyNi0wNi0xNGoMCAQSCC9tLzAyajcxcg0IAxIJL20vMDIycGZtQAFIAXABggELCP___________wGYAQGyAQIgAQ&tfu=GioaKAoSCQl02cp_wzvAEYDM2gcriUbAEhIJbf7U094ERMARQGbtgwWeVMA&hl=pt&curr=BRL,7570.0
10,MDZ,Mendoza,Argentina,2026-09-05,booking,1455,1020,2,La Morada Lodge,https://www.booking.com/searchresults.pt-br.html?ss=La+Morada+Lodge%2C+Vista+Flores&checkin=2026-09-05&checkout=2026-09-07&group_adults=2&no_rooms=1&group_children=&age=&selected_currency=BRL,https://www.google.com/travel/explore?tfs=CBwQAxopEgoyMDI2LTA2LTEzag0IAxIJL20vMDIycGZtcgwIBBIIL20vMDJqNzEaKRIKMjAyNi0wNi0xNGoMCAQSCC9tLzAyajcxcg0IAxIJL20vMDIycGZtQAFIAXABggELCP___________wGYAQGyAQIgAQ&tfu=GioaKAoSCQl02cp_wzvAEYDM2gcriUbAEhIJbf7U094ERMARQGbtgwWeVMA&hl=pt&curr=BRL,7575.0
68,PMW,Palmas,Brazil,2026-09-05,booking,1564,1020,2,Pousada Ilha Canela,https://www.booking.com/searchresults.pt-br.html?ss=Pousada+Ilha+Canela%2C+Palmas%2C+Tocantins%2C+Brasil&checkin=2026-09-05&checkout=2026-09-07&group_adults=2&no_rooms=1&group_children=&age=&selected_currency=BRL,https://www.google.com/travel/explore?tfs=CBwQAxopEgoyMDI2LTA2LTEzag0IAxIJL20vMDIycGZtcgwIBBIIL20vMDJqNzEaKRIKMjAyNi0wNi0xNGoMCAQSCC9tLzAyajcxcg0IAxIJL20vMDIycGZtQAFIAXABggELCP___________wGYAQGyAQIgAQ&tfu=GioaKAoSCfGsOLrXgkLAEYDM2geLYUrAEhIJjwdQ_nX2R8ARQGbtgzWKVsA&hl=pt&curr=BRL,7684.0
175,ZOS,Osorno,Chile,2026-09-05,booking,1613,1020,2,Wyndham Puerto Varas Pettra,https://www.booking.com/searchresults.pt-br.html?ss=Wyndham+Puerto+Varas+Pettra%2C+Puerto+Varas%2C+Prov%C3%ADncia+de+Los+Lagos%2C+Chile&checkin=2026-09-05&checkout=2026-09-07&group_adults=2&no_rooms=1&group_children=&age=&selected_currency=BRL,https://www.google.com/travel/explore?tfs=CBwQAxopEgoyMDI2LTA2LTEzag0IAxIJL20vMDIycGZtcgwIBBIIL20vMDJqNzEaKRIKMjAyNi0wNi0xNGoMCAQSCC9tLzAyajcxcg0IAxIJL20vMDIycGZtQAFIAXABggELCP___________wGYAQGyAQIgAQ&tfu=GioaKAoSCQl02cp_wzvAEYDM2gcriUbAEhIJbf7U094ERMARQGbtgwWeVMA&hl=pt&curr=BRL,7733.0
158,MHC,Castro,Chile,2026-09-05,booking,1627,1020,2,Refugio Pullao,https://www.booking.com/searchresults.pt-br.html?ss=Refugio+Pullao%2C+Quilquico%2C+Prov%C3%ADncia+de+Los+Lagos%2C+Chile&checkin=2026-09-05&checkout=2026-09-07&group_adults=2&no_rooms=1&group_children=&age=&selected_currency=BRL,https://www.google.com/travel/explore?tfs=CBwQAxopEgoyMDI2LTA2LTEzag0IAxIJL20vMDIycGZtcgwIBBIIL20vMDJqNzEaKRIKMjAyNi0wNi0xNGoMCAQSCC9tLzAyajcxcg0IAxIJL20vMDIycGZtQAFIAXABggELCP___________wGYAQGyAQIgAQ&tfu=GioaKAoSCfGsOLrXgkLAEYDM2geLYUrAEhIJjwdQ_nX2R8ARQGbtgzWKVsA&hl=pt&curr=BRL,7747.0
140,MCP,Macapá,Brazil,2026-09-04,booking,1788,1020,3,Hotel Do Forte,https://www.booking.com/searchresults.pt-br.html?ss=Hotel+Do+Forte%2C+Macap%C3%A1%2C+Amap%C3%A1+%28Norte+do+Brasil%29%2C+Brasil&checkin=2026-09-04&checkout=2026-09-07&group_adults=2&no_rooms=1&group_children=&age=&selected_currency=BRL,https://www.google.com/travel/explore?tfs=CBwQAxopEgoyMDI2LTA2LTEzag0IAxIJL20vMDIycGZtcgwIBBIIL20vMDJqNzEaKRIKMjAyNi0wNi0xNGoMCAQSCC9tLzAyajcxcg0IAxIJL20vMDIycGZtQAFIAXABggELCP___________wGYAQGyAQIgAQ&tfu=GioaKAoSCfGsOLrXgkLAEYDM2geLYUrAEhIJjwdQ_nX2R8ARQGbtgzWKVsA&hl=pt&curr=BRL,7908.0
158,MHC,Castro,Chile,2026-09-05,booking,1831,1020,2,Hotel Parque Quilquico,https://www.booking.com/searchresults.pt-br.html?ss=Hotel+Parque+Quilquico%2C+Castro%2C+Prov%C3%ADncia+de+Los+Lagos%2C+Chile&checkin=2026-09-05&checkout=2026-09-07&group_adults=2&no_rooms=1&group_children=&age=&selected_currency=BRL,https://www.google.com/travel/explore?tfs=CBwQAxopEgoyMDI2LTA2LTEzag0IAxIJL20vMDIycGZtcgwIBBIIL20vMDJqNzEaKRIKMjAyNi0wNi0xNGoMCAQSCC9tLzAyajcxcg0IAxIJL20vMDIycGZtQAFIAXABggELCP___________wGYAQGyAQIgAQ&tfu=GioaKAoSCfGsOLrXgkLAEYDM2geLYUrAEhIJjwdQ_nX2R8ARQGbtgzWKVsA&hl=pt&curr=BRL,7951.0
166,PMC,Puerto Montt,Chile,2026-09-05,booking,1859,1020,2,Casa Molino Hotel Boutique,https://www.booking.com/searchresults.pt-br.html?ss=Casa+Molino+Hotel+Boutique+%26+Restaurant+Puerto+Varas%2C+Puerto+Varas%2C+Prov%C3%ADncia+de+Los+Lagos%2C+Chile&checkin=2026-09-05&checkout=2026-09-07&group_adults=2&no_rooms=1&group_children=&age=&selected_currency=BRL,https://www.google.com/travel/explore?tfs=CBwQAxopEgoyMDI2LTA2LTEzag0IAxIJL20vMDIycGZtcgwIBBIIL20vMDJqNzEaKRIKMjAyNi0wNi0xNGoMCAQSCC9tLzAyajcxcg0IAxIJL20vMDIycGZtQAFIAXABggELCP___________wGYAQGyAQIgAQ&tfu=GioaKAoSCfGsOLrXgkLAEYDM2geLYUrAEhIJjwdQ_nX2R8ARQGbtgzWKVsA&hl=pt&curr=BRL,7979.0
165,PMC,Puerto Montt,Chile,2026-09-04,booking,1868,1020,3,Cala Melí,https://www.booking.com/searchresults.pt-br.html?ss=Cala+Mel%C3%AD%2C+Puerto+Varas%2C+Prov%C3%ADncia+de+Los+Lagos%2C+Chile&checkin=2026-09-04&checkout=2026-09-07&group_adults=2&no_rooms=1&group_children=&age=&selected_currency=BRL,https://www.google.com/travel/explore?tfs=CBwQAxopEgoyMDI2LTA2LTEzag0IAxIJL20vMDIycGZtcgwIBBIIL20vMDJqNzEaKRIKMjAyNi0wNi0xNGoMCAQSCC9tLzAyajcxcg0IAxIJL20vMDIycGZtQAFIAXABggELCP___________wGYAQGyAQIgAQ&tfu=GioaKAoSCQl02cp_wzvAEYDM2gcriUbAEhIJbf7U094ERMARQGbtgwWeVMA&hl=pt&curr=BRL,7988.0
74,JJD,Cruz (Jericoacoara),Brazil,2026-09-05,booking,1996,1020,2,Aldeia (suites),https://www.booking.com/searchresults.pt-br.html?ss=Aldeia+Jericoacoara+-+Suites+Privativas&checkin=2026-09-05&checkout=2026-09-07&group_adults=2&no_rooms=1&group_children=&age=&selected_currency=BRL,https://www.google.com/travel/explore?tfs=CBwQAxopEgoyMDI2LTA2LTEzag0IAxIJL20vMDIycGZtcgwIBBIIL20vMDJqNzEaKRIKMjAyNi0wNi0xNGoMCAQSCC9tLzAyajcxcg0IAxIJL20vMDIycGZtQAFIAXABggELCP___________wGYAQGyAQIgAQ&tfu=GioaKAoSCfGsOLrXgkLAEYDM2geLYUrAEhIJjwdQ_nX2R8ARQGbtgzWKVsA&hl=pt&curr=BRL,8116.0
181,ASU,Assunção,Paraguay,2026-09-05,booking,2023,1020,2,Las Lomas Casa Hotel,https://www.booking.com/searchresults.pt-br.html?ss=Las+Lomas+Casa+Hotel&checkin=2026-09-05&checkout=2026-09-07&group_adults=2&no_rooms=1&group_children=&age=&selected_currency=BRL,https://www.google.com/travel/explore?tfs=CBwQAxopEgoyMDI2LTA2LTEzag0IAxIJL20vMDIycGZtcgwIBBIIL20vMDJqNzEaKRIKMjAyNi0wNi0xNGoMCAQSCC9tLzAyajcxcg0IAxIJL20vMDIycGZtQAFIAXABggELCP___________wGYAQGyAQIgAQ&tfu=GioaKAoSCQl02cp_wzvAEYDM2gcriUbAEhIJbf7U094ERMARQGbtgwWeVMA&hl=pt&curr=BRL,8143.0
118,XAP,Chapecó,Brazil,2026-09-04,booking,2039,1020,3,Reserva La Mision Mocona (300km),https://www.booking.com/searchresults.pt-br.html?ss=Reserva+La+Mision+Mocona+-+Solo+Adultos%2C+Saltos+del+Mocon%C3%A1%2C+Misiones&checkin=2026-09-04&checkout=2026-09-07&group_adults=2&no_rooms=1&group_children=&age=&selected_currency=BRL,https://www.google.com/travel/explore?tfs=CBwQAxopEgoyMDI2LTA2LTEzag0IAxIJL20vMDIycGZtcgwIBBIIL20vMDJqNzEaKRIKMjAyNi0wNi0xNGoMCAQSCC9tLzAyajcxcg0IAxIJL20vMDIycGZtQAFIAXABggELCP___________wGYAQGyAQIgAQ&tfu=GioaKAoSCfGsOLrXgkLAEYDM2geLYUrAEhIJjwdQ_nX2R8ARQGbtgzWKVsA&hl=pt&curr=BRL,8159.0
99,AJU,Aracaju,Brazil,2026-09-05,booking,2048,1020,2,Transamerica Marapé,https://www.booking.com/searchresults.pt-br.html?ss=Transamerica+Dunas+de+Marap%C3%A9&checkin=2026-09-05&checkout=2026-09-07&group_adults=2&no_rooms=1&group_children=&age=&selected_currency=BRL,https://www.google.com/travel/explore?tfs=CBwQAxopEgoyMDI2LTA2LTEzag0IAxIJL20vMDIycGZtcgwIBBIIL20vMDJqNzEaKRIKMjAyNi0wNi0xNGoMCAQSCC9tLzAyajcxcg0IAxIJL20vMDIycGZtQAFIAXABggELCP___________wGYAQGyAQIgAQ&tfu=GioaKAoSCQl02cp_wzvAEYDM2gcriUbAEhIJbf7U094ERMARQGbtgwWeVMA&hl=pt&curr=BRL,8168.0
106,BEL,Belém,Brazil,2026-09-04,booking,2100,1020,3,Salinas Premium Resort,https://www.booking.com/searchresults.pt-br.html?ss=SALINAS+PREMIUM+RESORT%2C+Salin%C3%B3polis%2C+Par%C3%A1%2C+Brasil&checkin=2026-09-04&checkout=2026-09-07&group_adults=2&no_rooms=1&group_children=&age=&selected_currency=BRL,https://www.google.com/travel/explore?tfs=CBwQAxopEgoyMDI2LTA2LTEzag0IAxIJL20vMDIycGZtcgwIBBIIL20vMDJqNzEaKRIKMjAyNi0wNi0xNGoMCAQSCC9tLzAyajcxcg0IAxIJL20vMDIycGZtQAFIAXABggELCP___________wGYAQGyAQIgAQ&tfu=GioaKAoSCfGsOLrXgkLAEYDM2geLYUrAEhIJjwdQ_nX2R8ARQGbtgzWKVsA&hl=pt&curr=BRL,8220.0
100,JOI,Joinville,Brazil,2026-09-04,booking,2106,1020,3,Liwe Hotels,https://www.booking.com/searchresults.pt-br.html?ss=Liwe+Hotels%2C+Penha%2C+Santa+Catarina%2C+Brasil&checkin=2026-09-04&checkout=2026-09-07&group_adults=2&no_rooms=1&group_children=&age=&selected_currency=BRL,https://www.google.com/travel/explore?tfs=CBwQAxopEgoyMDI2LTA2LTEzag0IAxIJL20vMDIycGZtcgwIBBIIL20vMDJqNzEaKRIKMjAyNi0wNi0xNGoMCAQSCC9tLzAyajcxcg0IAxIJL20vMDIycGZtQAFIAXABggELCP___________wGYAQGyAQIgAQ&tfu=GioaKAoSCfGsOLrXgkLAEYDM2geLYUrAEhIJjwdQ_nX2R8ARQGbtgzWKVsA&hl=pt&curr=BRL,8226.0
65,NVT,Navegantes,Brazil,2026-09-04,booking,2106,1020,3,Liwe Hotels,https://www.booking.com/searchresults.pt-br.html?ss=Liwe+Hotels%2C+Penha%2C+Santa+Catarina%2C+Brasil&checkin=2026-09-04&checkout=2026-09-07&group_adults=2&no_rooms=1&group_children=&age=&selected_currency=BRL,https://www.google.com/travel/explore?tfs=CBwQAxopEgoyMDI2LTA2LTEzag0IAxIJL20vMDIycGZtcgwIBBIIL20vMDJqNzEaKRIKMjAyNi0wNi0xNGoMCAQSCC9tLzAyajcxcg0IAxIJL20vMDIycGZtQAFIAXABggELCP___________wGYAQGyAQIgAQ&tfu=GioaKAoSCQl02cp_wzvAEYDM2gcriUbAEhIJbf7U094ERMARQGbtgwWeVMA&hl=pt&curr=BRL,8226.0
107,BEL,Belém,Brazil,2026-09-05,booking,2158,1020,2,Aqualand Park & Resort,https://www.booking.com/searchresults.pt-br.html?ss=Aqualand+Park+%26+Resort+Oficial%2C+Salin%C3%B3polis%2C+Par%C3%A1&checkin=2026-09-05&checkout=2026-09-07&group_adults=2&no_rooms=1&group_children=&age=&selected_currency=BRL,https://www.google.com/travel/explore?tfs=CBwQAxopEgoyMDI2LTA2LTEzag0IAxIJL20vMDIycGZtcgwIBBIIL20vMDJqNzEaKRIKMjAyNi0wNi0xNGoMCAQSCC9tLzAyajcxcg0IAxIJL20vMDIycGZtQAFIAXABggELCP___________wGYAQGyAQIgAQ&tfu=GioaKAoSCQl02cp_wzvAEYDM2gcriUbAEhIJbf7U094ERMARQGbtgwWeVMA&hl=pt&curr=BRL,8278.0
158,MHC,Castro,Chile,2026-09-05,booking,2166,1020,2,Lodge Parque Tepuhueico,https://www.booking.com/searchresults.pt-br.html?ss=Lodge+Parque+Tepuhueico%2C+Castro%2C+Prov%C3%ADncia+de+Los+Lagos%2C+Chile&checkin=2026-09-05&checkout=2026-09-07&group_adults=2&no_rooms=1&group_children=&age=&selected_currency=BRL,https://www.google.com/travel/explore?tfs=CBwQAxopEgoyMDI2LTA2LTEzag0IAxIJL20vMDIycGZtcgwIBBIIL20vMDJqNzEaKRIKMjAyNi0wNi0xNGoMCAQSCC9tLzAyajcxcg0IAxIJL20vMDIycGZtQAFIAXABggELCP___________wGYAQGyAQIgAQ&tfu=GioaKAoSCfGsOLrXgkLAEYDM2geLYUrAEhIJjwdQ_nX2R8ARQGbtgzWKVsA&hl=pt&curr=BRL,8286.0
165,PMC,Puerto Montt,Chile,2026-09-04,booking,2228,1020,3,Carintia Cabins,https://www.booking.com/searchresults.pt-br.html?ss=Carintia+Cabins%2C+Puerto+Varas%2C+Prov%C3%ADncia+de+Los+Lagos%2C+Chile&checkin=2026-09-04&checkout=2026-09-07&group_adults=2&no_rooms=1&group_children=&age=&selected_currency=BRL,https://www.google.com/travel/explore?tfs=CBwQAxopEgoyMDI2LTA2LTEzag0IAxIJL20vMDIycGZtcgwIBBIIL20vMDJqNzEaKRIKMjAyNi0wNi0xNGoMCAQSCC9tLzAyajcxcg0IAxIJL20vMDIycGZtQAFIAXABggELCP___________wGYAQGyAQIgAQ&tfu=GioaKAoSCQl02cp_wzvAEYDM2gcriUbAEhIJbf7U094ERMARQGbtgwWeVMA&hl=pt&curr=BRL,8348.0
160,BBA,Balmaceda,Chile,2026-09-05,booking,2229,1020,2,NÓMADES Hotel Boutique,https://www.booking.com/searchresults.pt-br.html?ss=N%C3%93MADES+Hotel+Boutique%2C+Coihaique%2C+Aysen%2C+Chile&checkin=2026-09-05&checkout=2026-09-07&group_adults=2&no_rooms=1&group_children=&age=&selected_currency=BRL,https://www.google.com/travel/explore?tfs=CBwQAxopEgoyMDI2LTA2LTEzag0IAxIJL20vMDIycGZtcgwIBBIIL20vMDJqNzEaKRIKMjAyNi0wNi0xNGoMCAQSCC9tLzAyajcxcg0IAxIJL20vMDIycGZtQAFIAXABggELCP___________wGYAQGyAQIgAQ&tfu=GioaKAoSCfGsOLrXgkLAEYDM2geLYUrAEhIJjwdQ_nX2R8ARQGbtgzWKVsA&hl=pt&curr=BRL,8349.0
153,ZAL,Valdivia,Chile,2026-09-04,booking,2361,1020,3,Hotel Puerta del Sur,https://www.booking.com/searchresults.pt-br.html?ss=Hotel+Puerta+del+Sur%2C+Valdivia%2C+Los+Rios%2C+Chile&checkin=2026-09-04&checkout=2026-09-07&group_adults=2&no_rooms=1&group_children=&age=&selected_currency=BRL,https://www.google.com/travel/explore?tfs=CBwQAxopEgoyMDI2LTA2LTEzag0IAxIJL20vMDIycGZtcgwIBBIIL20vMDJqNzEaKRIKMjAyNi0wNi0xNGoMCAQSCC9tLzAyajcxcg0IAxIJL20vMDIycGZtQAFIAXABggELCP___________wGYAQGyAQIgAQ&tfu=GioaKAoSCQl02cp_wzvAEYDM2gcriUbAEhIJbf7U094ERMARQGbtgwWeVMA&hl=pt&curr=BRL,8481.0
70,CXJ,Caxias do Sul,Brazil,2026-09-05,booking,2416,1020,2,Alpestre (Gramado),https://www.booking.com/searchresults.pt-br.html?ss=Hotel+Alpestre%2C+Gramado&checkin=2026-09-05&checkout=2026-09-07&group_adults=2&no_rooms=1&group_children=&age=&selected_currency=BRL,https://www.google.com/travel/explore?tfs=CBwQAxopEgoyMDI2LTA2LTEzag0IAxIJL20vMDIycGZtcgwIBBIIL20vMDJqNzEaKRIKMjAyNi0wNi0xNGoMCAQSCC9tLzAyajcxcg0IAxIJL20vMDIycGZtQAFIAXABggELCP___________wGYAQGyAQIgAQ&tfu=GioaKAoSCfGsOLrXgkLAEYDM2geLYUrAEhIJjwdQ_nX2R8ARQGbtgzWKVsA&hl=pt&curr=BRL,8536.0
31,BUE,Unknown,Unknown,2026-09-04,booking,2509,1020,3,Hotel Grand Brizo Buenos Aires,https://www.booking.com/searchresults.pt-br.html?ss=Hotel+Grand+Brizo+Buenos+Aires%2C+Buenos+Aires%2C+Argentina&checkin=2026-09-04&checkout=2026-09-07&group_adults=2&no_rooms=1&group_children=&age=&selected_currency=BRL,https://www.google.com/travel/explore?tfs=CBwQAxopEgoyMDI2LTA2LTEzag0IAxIJL20vMDIycGZtcgwIBBIIL20vMDJqNzEaKRIKMjAyNi0wNi0xNGoMCAQSCC9tLzAyajcxcg0IAxIJL20vMDIycGZtQAFIAXABggELCP___________wGYAQGyAQIgAQ&tfu=GioaKAoSCfGsOLrXgkLAEYDM2geLYUrAEhIJjwdQ_nX2R8ARQGbtgzWKVsA&hl=pt&curr=BRL,8629.0
78,POA,Porto Alegre,Brazil,2026-09-05,booking,2557,1020,2,Jangal das Araucárias Swan Design Hotel Canela,https://www.booking.com/searchresults.pt-br.html?ss=Jangal+das+Arauc%C3%A1rias+Swan+Design+Hotel+Canela&checkin=2026-09-05&checkout=2026-09-07&group_adults=2&no_rooms=1&group_children=&age=&selected_currency=BRL,https://www.google.com/travel/explore?tfs=CBwQAxopEgoyMDI2LTA2LTEzag0IAxIJL20vMDIycGZtcgwIBBIIL20vMDJqNzEaKRIKMjAyNi0wNi0xNGoMCAQSCC9tLzAyajcxcg0IAxIJL20vMDIycGZtQAFIAXABggELCP___________wGYAQGyAQIgAQ&tfu=GioaKAoSCfGsOLrXgkLAEYDM2geLYUrAEhIJjwdQ_nX2R8ARQGbtgzWKVsA&hl=pt&curr=BRL,8677.0
99,AJU,Aracaju,Brazil,2026-09-05,booking,2651,1020,2,Vidam,https://www.booking.com/searchresults.pt-br.html?ss=Vidam+Hotel+Aracaju&checkin=2026-09-05&checkout=2026-09-07&group_adults=2&no_rooms=1&group_children=&age=&selected_currency=BRL,https://www.google.com/travel/explore?tfs=CBwQAxopEgoyMDI2LTA2LTEzag0IAxIJL20vMDIycGZtcgwIBBIIL20vMDJqNzEaKRIKMjAyNi0wNi0xNGoMCAQSCC9tLzAyajcxcg0IAxIJL20vMDIycGZtQAFIAXABggELCP___________wGYAQGyAQIgAQ&tfu=GioaKAoSCQl02cp_wzvAEYDM2gcriUbAEhIJbf7U094ERMARQGbtgwWeVMA&hl=pt&curr=BRL,8771.0
78,POA,Porto Alegre,Brazil,2026-09-05,booking,2684,1020,2,Alpestre (Gramado),https://www.booking.com/searchresults.pt-br.html?ss=Hotel+Alpestre%2C+Gramado&checkin=2026-09-05&checkout=2026-09-07&group_adults=2&no_rooms=1&group_children=&age=&selected_currency=BRL,https://www.google.com/travel/explore?tfs=CBwQAxopEgoyMDI2LTA2LTEzag0IAxIJL20vMDIycGZtcgwIBBIIL20vMDJqNzEaKRIKMjAyNi0wNi0xNGoMCAQSCC9tLzAyajcxcg0IAxIJL20vMDIycGZtQAFIAXABggELCP___________wGYAQGyAQIgAQ&tfu=GioaKAoSCfGsOLrXgkLAEYDM2geLYUrAEhIJjwdQ_nX2R8ARQGbtgzWKVsA&hl=pt&curr=BRL,8804.0
67,PMW,Palmas,Brazil,2026-09-04,booking,2709,1020,3,Pousada Ilha Canela,https://www.booking.com/searchresults.pt-br.html?ss=Pousada+Ilha+Canela%2C+Palmas%2C+Tocantins%2C+Brasil&checkin=2026-09-04&checkout=2026-09-07&group_adults=2&no_rooms=1&group_children=&age=&selected_currency=BRL,https://www.google.com/travel/explore?tfs=CBwQAxopEgoyMDI2LTA2LTEzag0IAxIJL20vMDIycGZtcgwIBBIIL20vMDJqNzEaKRIKMjAyNi0wNi0xNGoMCAQSCC9tLzAyajcxcg0IAxIJL20vMDIycGZtQAFIAXABggELCP___________wGYAQGyAQIgAQ&tfu=GioaKAoSCQl02cp_wzvAEYDM2gcriUbAEhIJbf7U094ERMARQGbtgwWeVMA&hl=pt&curr=BRL,8829.0
157,MHC,Castro,Chile,2026-09-04,booking,2746,1020,3,Hotel Parque Quilquico,https://www.booking.com/searchresults.pt-br.html?ss=Hotel+Parque+Quilquico%2C+Castro%2C+Prov%C3%ADncia+de+Los+Lagos%2C+Chile&checkin=2026-09-04&checkout=2026-09-07&group_adults=2&no_rooms=1&group_children=&age=&selected_currency=BRL,https://www.google.com/travel/explore?tfs=CBwQAxopEgoyMDI2LTA2LTEzag0IAxIJL20vMDIycGZtcgwIBBIIL20vMDJqNzEaKRIKMjAyNi0wNi0xNGoMCAQSCC9tLzAyajcxcg0IAxIJL20vMDIycGZtQAFIAXABggELCP___________wGYAQGyAQIgAQ&tfu=GioaKAoSCQl02cp_wzvAEYDM2gcriUbAEhIJbf7U094ERMARQGbtgwWeVMA&hl=pt&curr=BRL,8866.0
4,AEP,Buenos Aires,Argentina,2026-09-04,booking,2783,1020,3,Hotel Grand Brizo Buenos Aires,https://www.booking.com/searchresults.pt-br.html?ss=Hotel+Grand+Brizo+Buenos+Aires%2C+Buenos+Aires%2C+Argentina&checkin=2026-09-04&checkout=2026-09-07&group_adults=2&no_rooms=1&group_children=&age=&selected_currency=BRL,https://www.google.com/travel/explore?tfs=CBwQAxopEgoyMDI2LTA2LTEzag0IAxIJL20vMDIycGZtcgwIBBIIL20vMDJqNzEaKRIKMjAyNi0wNi0xNGoMCAQSCC9tLzAyajcxcg0IAxIJL20vMDIycGZtQAFIAXABggELCP___________wGYAQGyAQIgAQ&tfu=GioaKAoSCQl02cp_wzvAEYDM2gcriUbAEhIJbf7U094ERMARQGbtgwWeVMA&hl=pt&curr=BRL,8903.0
5,AEP,Buenos Aires,Argentina,2026-09-05,booking,2809,1020,2,"Recoleta Grand, Buenos Aires, a Tribute Portfolio Hotel",https://www.booking.com/searchresults.pt-br.html?ss=Recoleta+Grand%2C+Buenos+Aires%2C+a+Tribute+Portfolio+Hotel%2C+Buenos+Aires%2C+Argentina&checkin=2026-09-05&checkout=2026-09-07&group_adults=2&no_rooms=1&group_children=&age=&selected_currency=BRL,https://www.google.com/travel/explore?tfs=CBwQAxopEgoyMDI2LTA2LTEzag0IAxIJL20vMDIycGZtcgwIBBIIL20vMDJqNzEaKRIKMjAyNi0wNi0xNGoMCAQSCC9tLzAyajcxcg0IAxIJL20vMDIycGZtQAFIAXABggELCP___________wGYAQGyAQIgAQ&tfu=GioaKAoSCfGsOLrXgkLAEYDM2geLYUrAEhIJjwdQ_nX2R8ARQGbtgzWKVsA&hl=pt&curr=BRL,8929.0
32,BUE,Unknown,Unknown,2026-09-05,booking,2809,1020,2,"Recoleta Grand, Buenos Aires, a Tribute Portfolio Hotel",https://www.booking.com/searchresults.pt-br.html?ss=Recoleta+Grand%2C+Buenos+Aires%2C+a+Tribute+Portfolio+Hotel%2C+Buenos+Aires%2C+Argentina&checkin=2026-09-05&checkout=2026-09-07&group_adults=2&no_rooms=1&group_children=&age=&selected_currency=BRL,https://www.google.com/travel/explore?tfs=CBwQAxopEgoyMDI2LTA2LTEzag0IAxIJL20vMDIycGZtcgwIBBIIL20vMDJqNzEaKRIKMjAyNi0wNi0xNGoMCAQSCC9tLzAyajcxcg0IAxIJL20vMDIycGZtQAFIAXABggELCP___________wGYAQGyAQIgAQ&tfu=GioaKAoSCQl02cp_wzvAEYDM2gcriUbAEhIJbf7U094ERMARQGbtgwWeVMA&hl=pt&curr=BRL,8929.0
200,CGH,São Paulo,Brasil,2026-09-05,booking,2847,1020,2,Grande Termas de Araxá,https://www.booking.com/searchresults.pt-br.html?ss=Grande+Hotel+Termas+de+Arax%C3%A1&checkin=2026-09-05&checkout=2026-09-07&group_adults=2&no_rooms=1&group_children=&age=&selected_currency=BRL,https://www.google.com/travel/explore?tfs=CBwQAxopEgoyMDI2LTA2LTEzag0IAxIJL20vMDIycGZtcgwIBBIIL20vMDJqNzEaKRIKMjAyNi0wNi0xNGoMCAQSCC9tLzAyajcxcg0IAxIJL20vMDIycGZtQAFIAXABggELCP___________wGYAQGyAQIgAQ&tfu=GioaKAoSCQl02cp_wzvAEYDM2gcriUbAEhIJbf7U094ERMARQGbtgwWeVMA&hl=pt&curr=BRL,8967.0
138,VIX,Vitória,Brazil,2026-09-04,booking,2860,1020,3,Sheraton Vitoria,https://www.booking.com/searchresults.pt-br.html?ss=Sheraton+Vitoria%2C+Vit%C3%B3ria%2C+Esp%C3%ADrito+Santo+%28Regi%C3%A3o+de+Vit%C3%B3ria%29%2C+Brasil&checkin=2026-09-04&checkout=2026-09-07&group_adults=2&no_rooms=1&group_children=&age=&selected_currency=BRL,https://www.google.com/travel/explore?tfs=CBwQAxopEgoyMDI2LTA2LTEzag0IAxIJL20vMDIycGZtcgwIBBIIL20vMDJqNzEaKRIKMjAyNi0wNi0xNGoMCAQSCC9tLzAyajcxcg0IAxIJL20vMDIycGZtQAFIAXABggELCP___________wGYAQGyAQIgAQ&tfu=GioaKAoSCfGsOLrXgkLAEYDM2geLYUrAEhIJjwdQ_nX2R8ARQGbtgzWKVsA&hl=pt&curr=BRL,8980.0
62,CGR,Campo Grande,Brazil,2026-09-05,booking,2880,1020,2,Pousada Boyrá (Bonito),https://www.booking.com/searchresults.pt-br.html?ss=Pousada+Boyr%C3%A1%2C+Bonito&checkin=2026-09-05&checkout=2026-09-07&group_adults=2&no_rooms=1&group_children=&age=&selected_currency=BRL,https://www.google.com/travel/explore?tfs=CBwQAxopEgoyMDI2LTA2LTEzag0IAxIJL20vMDIycGZtcgwIBBIIL20vMDJqNzEaKRIKMjAyNi0wNi0xNGoMCAQSCC9tLzAyajcxcg0IAxIJL20vMDIycGZtQAFIAXABggELCP___________wGYAQGyAQIgAQ&tfu=GioaKAoSCfGsOLrXgkLAEYDM2geLYUrAEhIJjwdQ_nX2R8ARQGbtgzWKVsA&hl=pt&curr=BRL,9000.0
59,BYO,Bonito,Brazil,2026-09-05,booking,2880,1020,2,Pousada Boyrá (Bonito),https://www.booking.com/searchresults.pt-br.html?ss=Pousada+Boyr%C3%A1%2C+Bonito&checkin=2026-09-05&checkout=2026-09-07&group_adults=2&no_rooms=1&group_children=&age=&selected_currency=BRL,https://www.google.com/travel/explore?tfs=CBwQAxopEgoyMDI2LTA2LTEzag0IAxIJL20vMDIycGZtcgwIBBIIL20vMDJqNzEaKRIKMjAyNi0wNi0xNGoMCAQSCC9tLzAyajcxcg0IAxIJL20vMDIycGZtQAFIAXABggELCP___________wGYAQGyAQIgAQ&tfu=GioaKAoSCQl02cp_wzvAEYDM2gcriUbAEhIJbf7U094ERMARQGbtgwWeVMA&hl=pt&curr=BRL,9000.0
101,JOI,Joinville,Brazil,2026-09-05,booking,2893,1020,2,Pousada Pedra da Ilha (Beto) 10km,https://www.booking.com/searchresults.pt-br.html?ss=Pousada+Pedra+da+Ilha%2C+Penha%2C+Santa+Catarina&checkin=2026-09-05&checkout=2026-09-07&group_adults=2&no_rooms=1&group_children=&age=&selected_currency=BRL,https://www.google.com/travel/explore?tfs=CBwQAxopEgoyMDI2LTA2LTEzag0IAxIJL20vMDIycGZtcgwIBBIIL20vMDJqNzEaKRIKMjAyNi0wNi0xNGoMCAQSCC9tLzAyajcxcg0IAxIJL20vMDIycGZtQAFIAXABggELCP___________wGYAQGyAQIgAQ&tfu=GioaKAoSCQl02cp_wzvAEYDM2gcriUbAEhIJbf7U094ERMARQGbtgwWeVMA&hl=pt&curr=BRL,9013.0
156,CJC,Calama,Chile,2026-09-05,booking,2919,1020,2,NOI Casa Atacana,https://www.booking.com/searchresults.pt-br.html?ss=NOI+Casa+Atacama%2C+San+Pedro+de+Atacama&checkin=2026-09-05&checkout=2026-09-07&group_adults=2&no_rooms=1&group_children=&age=&selected_currency=BRL,https://www.google.com/travel/explore?tfs=CBwQAxopEgoyMDI2LTA2LTEzag0IAxIJL20vMDIycGZtcgwIBBIIL20vMDJqNzEaKRIKMjAyNi0wNi0xNGoMCAQSCC9tLzAyajcxcg0IAxIJL20vMDIycGZtQAFIAXABggELCP___________wGYAQGyAQIgAQ&tfu=GioaKAoSCfGsOLrXgkLAEYDM2geLYUrAEhIJjwdQ_nX2R8ARQGbtgzWKVsA&hl=pt&curr=BRL,9039.0
69,CXJ,Caxias do Sul,Brazil,2026-09-04,booking,2930,1020,3,249 DESIGN (Gramado),https://www.booking.com/searchresults.pt-br.html?ss=249+DESIGN+HOTEL%2C+Gramado&checkin=2026-09-04&checkout=2026-09-07&group_adults=2&no_rooms=1&group_children=&age=&selected_currency=BRL,https://www.google.com/travel/explore?tfs=CBwQAxopEgoyMDI2LTA2LTEzag0IAxIJL20vMDIycGZtcgwIBBIIL20vMDJqNzEaKRIKMjAyNi0wNi0xNGoMCAQSCC9tLzAyajcxcg0IAxIJL20vMDIycGZtQAFIAXABggELCP___________wGYAQGyAQIgAQ&tfu=GioaKAoSCQl02cp_wzvAEYDM2gcriUbAEhIJbf7U094ERMARQGbtgwWeVMA&hl=pt&curr=BRL,9050.0
98,AJU,Aracaju,Brazil,2026-09-04,booking,2966,1020,3,Transamerica Marapé,https://www.booking.com/searchresults.pt-br.html?ss=Transamerica+Dunas+de+Marap%C3%A9&checkin=2026-09-04&checkout=2026-09-07&group_adults=2&no_rooms=1&group_children=&age=&selected_currency=BRL,https://www.google.com/travel/explore?tfs=CBwQAxopEgoyMDI2LTA2LTEzag0IAxIJL20vMDIycGZtcgwIBBIIL20vMDJqNzEaKRIKMjAyNi0wNi0xNGoMCAQSCC9tLzAyajcxcg0IAxIJL20vMDIycGZtQAFIAXABggELCP___________wGYAQGyAQIgAQ&tfu=GioaKAoSCfGsOLrXgkLAEYDM2geLYUrAEhIJjwdQ_nX2R8ARQGbtgzWKVsA&hl=pt&curr=BRL,9086.0
16,BRC,Bariloche,Argentina,2026-09-04,booking,2978,1020,3,Nido del Condor Hotel & Spa,https://www.booking.com/searchresults.pt-br.html?ss=Nido+del+C%C3%B3ndor+Hotel+%26+Spa%2C+San+Carlos+de+Bariloche&checkin=2026-09-04&checkout=2026-09-07&group_adults=2&no_rooms=1&group_children=&age=&selected_currency=BRL,https://www.google.com/travel/explore?tfs=CBwQAxopEgoyMDI2LTA2LTEzag0IAxIJL20vMDIycGZtcgwIBBIIL20vMDJqNzEaKRIKMjAyNi0wNi0xNGoMCAQSCC9tLzAyajcxcg0IAxIJL20vMDIycGZtQAFIAXABggELCP___________wGYAQGyAQIgAQ&tfu=GioaKAoSCQl02cp_wzvAEYDM2gcriUbAEhIJbf7U094ERMARQGbtgwWeVMA&hl=pt&curr=BRL,9098.0
106,BEL,Belém,Brazil,2026-09-04,booking,3074,1020,3,Aqualand Park & Resort,https://www.booking.com/searchresults.pt-br.html?ss=Aqualand+Park+%26+Resort+Oficial%2C+Salin%C3%B3polis%2C+Par%C3%A1&checkin=2026-09-04&checkout=2026-09-07&group_adults=2&no_rooms=1&group_children=&age=&selected_currency=BRL,https://www.google.com/travel/explore?tfs=CBwQAxopEgoyMDI2LTA2LTEzag0IAxIJL20vMDIycGZtcgwIBBIIL20vMDJqNzEaKRIKMjAyNi0wNi0xNGoMCAQSCC9tLzAyajcxcg0IAxIJL20vMDIycGZtQAFIAXABggELCP___________wGYAQGyAQIgAQ&tfu=GioaKAoSCfGsOLrXgkLAEYDM2geLYUrAEhIJjwdQ_nX2R8ARQGbtgzWKVsA&hl=pt&curr=BRL,9194.0
70,CXJ,Caxias do Sul,Brazil,2026-09-05,booking,3086,1020,2,Wyndham (snowland),https://www.booking.com/searchresults.pt-br.html?ss=Wyndham+Gramado+Termas+Resort+%26+Spa%2C+Gramado%2C+Rio+Grande+do+Sul&checkin=2026-09-05&checkout=2026-09-07&group_adults=2&no_rooms=1&group_children=&age=&selected_currency=BRL,https://www.google.com/travel/explore?tfs=CBwQAxopEgoyMDI2LTA2LTEzag0IAxIJL20vMDIycGZtcgwIBBIIL20vMDJqNzEaKRIKMjAyNi0wNi0xNGoMCAQSCC9tLzAyajcxcg0IAxIJL20vMDIycGZtQAFIAXABggELCP___________wGYAQGyAQIgAQ&tfu=GioaKAoSCfGsOLrXgkLAEYDM2geLYUrAEhIJjwdQ_nX2R8ARQGbtgzWKVsA&hl=pt&curr=BRL,9206.0
78,POA,Porto Alegre,Brazil,2026-09-05,booking,3086,1020,2,Wyndham (snowland),https://www.booking.com/searchresults.pt-br.html?ss=Wyndham+Gramado+Termas+Resort+%26+Spa%2C+Gramado%2C+Rio+Grande+do+Sul&checkin=2026-09-05&checkout=2026-09-07&group_adults=2&no_rooms=1&group_children=&age=&selected_currency=BRL,https://www.google.com/travel/explore?tfs=CBwQAxopEgoyMDI2LTA2LTEzag0IAxIJL20vMDIycGZtcgwIBBIIL20vMDJqNzEaKRIKMjAyNi0wNi0xNGoMCAQSCC9tLzAyajcxcg0IAxIJL20vMDIycGZtQAFIAXABggELCP___________wGYAQGyAQIgAQ&tfu=GioaKAoSCfGsOLrXgkLAEYDM2geLYUrAEhIJjwdQ_nX2R8ARQGbtgzWKVsA&hl=pt&curr=BRL,9206.0
78,POA,Porto Alegre,Brazil,2026-09-05,booking,3090,1020,2,Cabana Lios (snowland),https://www.booking.com/searchresults.pt-br.html?ss=Cabana+Lios%2C+Gramado%2C+Rio+Grande+do+Sul%2C+Brasil&checkin=2026-09-05&checkout=2026-09-07&group_adults=2&no_rooms=1&group_children=&age=&selected_currency=BRL,https://www.google.com/travel/explore?tfs=CBwQAxopEgoyMDI2LTA2LTEzag0IAxIJL20vMDIycGZtcgwIBBIIL20vMDJqNzEaKRIKMjAyNi0wNi0xNGoMCAQSCC9tLzAyajcxcg0IAxIJL20vMDIycGZtQAFIAXABggELCP___________wGYAQGyAQIgAQ&tfu=GioaKAoSCfGsOLrXgkLAEYDM2geLYUrAEhIJjwdQ_nX2R8ARQGbtgzWKVsA&hl=pt&curr=BRL,9210.0
171,PUQ,Punta Arenas,Chile,2026-09-05,booking,3121,1020,2,Hotel Simple Patagonia,https://www.booking.com/searchresults.pt-br.html?ss=Hotel+Simple+Patagonia%2C+Puerto+Natales%2C+Magallanes%2C+Chile&checkin=2026-09-05&checkout=2026-09-07&group_adults=2&no_rooms=1&group_children=&age=&selected_currency=BRL,https://www.google.com/travel/explore?tfs=CBwQAxopEgoyMDI2LTA2LTEzag0IAxIJL20vMDIycGZtcgwIBBIIL20vMDJqNzEaKRIKMjAyNi0wNi0xNGoMCAQSCC9tLzAyajcxcg0IAxIJL20vMDIycGZtQAFIAXABggELCP___________wGYAQGyAQIgAQ&tfu=GioaKAoSCQl02cp_wzvAEYDM2gcriUbAEhIJbf7U094ERMARQGbtgwWeVMA&hl=pt&curr=BRL,9241.0
60,CPV,Campina Grande,Brazil,2026-09-04,booking,3122,1020,3,LS Hotel,https://www.booking.com/searchresults.pt-br.html?ss=LS+Hotel%2C+Jo%C3%A3o+Pessoa&checkin=2026-09-04&checkout=2026-09-07&group_adults=2&no_rooms=1&group_children=&age=&selected_currency=BRL,https://www.google.com/travel/explore?tfs=CBwQAxopEgoyMDI2LTA2LTEzag0IAxIJL20vMDIycGZtcgwIBBIIL20vMDJqNzEaKRIKMjAyNi0wNi0xNGoMCAQSCC9tLzAyajcxcg0IAxIJL20vMDIycGZtQAFIAXABggELCP___________wGYAQGyAQIgAQ&tfu=GioaKAoSCfGsOLrXgkLAEYDM2geLYUrAEhIJjwdQ_nX2R8ARQGbtgzWKVsA&hl=pt&curr=BRL,9242.0
139,VIX,Vitória,Brazil,2026-09-05,booking,3284,1020,2,Quinta dos Manacás Pousada,https://www.booking.com/searchresults.pt-br.html?ss=Quinta+dos+Manac%C3%A1s+Pousada+e+Restaurante%2C+Pedra+Azul%2C+Esp%C3%ADrito+Santo%2C+Brasil&checkin=2026-09-05&checkout=2026-09-07&group_adults=2&no_rooms=1&group_children=&age=&selected_currency=BRL,https://www.google.com/travel/explore?tfs=CBwQAxopEgoyMDI2LTA2LTEzag0IAxIJL20vMDIycGZtcgwIBBIIL20vMDJqNzEaKRIKMjAyNi0wNi0xNGoMCAQSCC9tLzAyajcxcg0IAxIJL20vMDIycGZtQAFIAXABggELCP___________wGYAQGyAQIgAQ&tfu=GioaKAoSCQl02cp_wzvAEYDM2gcriUbAEhIJbf7U094ERMARQGbtgwWeVMA&hl=pt&curr=BRL,9404.0
66,NVT,Navegantes,Brazil,2026-09-05,booking,3404,1020,2,Pousada Pedra da Ilha (Beto) 10km,https://www.booking.com/searchresults.pt-br.html?ss=Pousada+Pedra+da+Ilha%2C+Penha%2C+Santa+Catarina&checkin=2026-09-05&checkout=2026-09-07&group_adults=2&no_rooms=1&group_children=&age=&selected_currency=BRL,https://www.google.com/travel/explore?tfs=CBwQAxopEgoyMDI2LTA2LTEzag0IAxIJL20vMDIycGZtcgwIBBIIL20vMDJqNzEaKRIKMjAyNi0wNi0xNGoMCAQSCC9tLzAyajcxcg0IAxIJL20vMDIycGZtQAFIAXABggELCP___________wGYAQGyAQIgAQ&tfu=GioaKAoSCfGsOLrXgkLAEYDM2geLYUrAEhIJjwdQ_nX2R8ARQGbtgzWKVsA&hl=pt&curr=BRL,9524.0
135,JPA,João Pessoa,Brazil,2026-09-05,booking,3428,1020,2,Oceana,https://www.booking.com/searchresults.pt-br.html?ss=Oceana+Atl%C3%A2ntico+Hotel%2C+Jo%C3%A3o+Pessoa&checkin=2026-09-05&checkout=2026-09-07&group_adults=2&no_rooms=1&group_children=&age=&selected_currency=BRL,https://www.google.com/travel/explore?tfs=CBwQAxopEgoyMDI2LTA2LTEzag0IAxIJL20vMDIycGZtcgwIBBIIL20vMDJqNzEaKRIKMjAyNi0wNi0xNGoMCAQSCC9tLzAyajcxcg0IAxIJL20vMDIycGZtQAFIAXABggELCP___________wGYAQGyAQIgAQ&tfu=GioaKAoSCQl02cp_wzvAEYDM2gcriUbAEhIJbf7U094ERMARQGbtgwWeVMA&hl=pt&curr=BRL,9548.0
158,MHC,Castro,Chile,2026-09-05,booking,3472,1020,2,Hotel & Cava Estancia Rilán,https://www.booking.com/searchresults.pt-br.html?ss=Hotel+%26+Cava+Estancia+Ril%C3%A1n%2C+Castro%2C+Prov%C3%ADncia+de+Los+Lagos%2C+Chile&checkin=2026-09-05&checkout=2026-09-07&group_adults=2&no_rooms=1&group_children=&age=&selected_currency=BRL,https://www.google.com/travel/explore?tfs=CBwQAxopEgoyMDI2LTA2LTEzag0IAxIJL20vMDIycGZtcgwIBBIIL20vMDJqNzEaKRIKMjAyNi0wNi0xNGoMCAQSCC9tLzAyajcxcg0IAxIJL20vMDIycGZtQAFIAXABggELCP___________wGYAQGyAQIgAQ&tfu=GioaKAoSCfGsOLrXgkLAEYDM2geLYUrAEhIJjwdQ_nX2R8ARQGbtgzWKVsA&hl=pt&curr=BRL,9592.0
170,PUQ,Punta Arenas,Chile,2026-09-04,booking,3523,1020,3,Bories - Boutique Guest House,https://www.booking.com/searchresults.pt-br.html?ss=Bories+-+Boutique+Guest+House%2C+Puerto+Natales%2C+Magallanes%2C+Chile&checkin=2026-09-04&checkout=2026-09-07&group_adults=2&no_rooms=1&group_children=&age=&selected_currency=BRL,https://www.google.com/travel/explore?tfs=CBwQAxopEgoyMDI2LTA2LTEzag0IAxIJL20vMDIycGZtcgwIBBIIL20vMDJqNzEaKRIKMjAyNi0wNi0xNGoMCAQSCC9tLzAyajcxcg0IAxIJL20vMDIycGZtQAFIAXABggELCP___________wGYAQGyAQIgAQ&tfu=GioaKAoSCfGsOLrXgkLAEYDM2geLYUrAEhIJjwdQ_nX2R8ARQGbtgzWKVsA&hl=pt&curr=BRL,9643.0
78,POA,Porto Alegre,Brazil,2026-09-05,booking,3571,1020,2,Hubertus (Gramado),https://www.booking.com/searchresults.pt-br.html?ss=Hotel+Estalagem+St.+Hubertus%2C+Gramado&checkin=2026-09-05&checkout=2026-09-07&group_adults=2&no_rooms=1&group_children=&age=&selected_currency=BRL,https://www.google.com/travel/explore?tfs=CBwQAxopEgoyMDI2LTA2LTEzag0IAxIJL20vMDIycGZtcgwIBBIIL20vMDJqNzEaKRIKMjAyNi0wNi0xNGoMCAQSCC9tLzAyajcxcg0IAxIJL20vMDIycGZtQAFIAXABggELCP___________wGYAQGyAQIgAQ&tfu=GioaKAoSCfGsOLrXgkLAEYDM2geLYUrAEhIJjwdQ_nX2R8ARQGbtgzWKVsA&hl=pt&curr=BRL,9691.0
70,CXJ,Caxias do Sul,Brazil,2026-09-05,booking,3571,1020,2,Hubertus (Gramado),https://www.booking.com/searchresults.pt-br.html?ss=Hotel+Estalagem+St.+Hubertus%2C+Gramado&checkin=2026-09-05&checkout=2026-09-07&group_adults=2&no_rooms=1&group_children=&age=&selected_currency=BRL,https://www.google.com/travel/explore?tfs=CBwQAxopEgoyMDI2LTA2LTEzag0IAxIJL20vMDIycGZtcgwIBBIIL20vMDJqNzEaKRIKMjAyNi0wNi0xNGoMCAQSCC9tLzAyajcxcg0IAxIJL20vMDIycGZtQAFIAXABggELCP___________wGYAQGyAQIgAQ&tfu=GioaKAoSCfGsOLrXgkLAEYDM2geLYUrAEhIJjwdQ_nX2R8ARQGbtgzWKVsA&hl=pt&curr=BRL,9691.0
131,STM,Santarém,Brazil,2026-09-05,booking,3600,1020,2,Casa do Lago em Alter do Chão,https://www.booking.com/searchresults.pt-br.html?ss=Casa+do+Lago+em+Alter+do+Ch%C3%A3o%2C+Alter+do+Ch%C3%A3o%2C+Par%C3%A1%2C+Brasil&checkin=2026-09-05&checkout=2026-09-07&group_adults=2&no_rooms=1&group_children=&age=&selected_currency=BRL,https://www.google.com/travel/explore?tfs=CBwQAxopEgoyMDI2LTA2LTEzag0IAxIJL20vMDIycGZtcgwIBBIIL20vMDJqNzEaKRIKMjAyNi0wNi0xNGoMCAQSCC9tLzAyajcxcg0IAxIJL20vMDIycGZtQAFIAXABggELCP___________wGYAQGyAQIgAQ&tfu=GioaKAoSCQl02cp_wzvAEYDM2gcriUbAEhIJbf7U094ERMARQGbtgwWeVMA&hl=pt&curr=BRL,9720.0
70,CXJ,Caxias do Sul,Brazil,2026-09-05,booking,3629,1020,2,Pousada do Engenho (São FP),https://www.booking.com/searchresults.pt-br.html?ss=Pousada+do+Engenho%2C+S%C3%A3o+Francisco+de+Paula&checkin=2026-09-05&checkout=2026-09-07&group_adults=2&no_rooms=1&group_children=&age=&selected_currency=BRL,https://www.google.com/travel/explore?tfs=CBwQAxopEgoyMDI2LTA2LTEzag0IAxIJL20vMDIycGZtcgwIBBIIL20vMDJqNzEaKRIKMjAyNi0wNi0xNGoMCAQSCC9tLzAyajcxcg0IAxIJL20vMDIycGZtQAFIAXABggELCP___________wGYAQGyAQIgAQ&tfu=GioaKAoSCfGsOLrXgkLAEYDM2geLYUrAEhIJjwdQ_nX2R8ARQGbtgzWKVsA&hl=pt&curr=BRL,9749.0
78,POA,Porto Alegre,Brazil,2026-09-05,booking,3629,1020,2,Pousada do Engenho (São FP),https://www.booking.com/searchresults.pt-br.html?ss=Pousada+do+Engenho%2C+S%C3%A3o+Francisco+de+Paula&checkin=2026-09-05&checkout=2026-09-07&group_adults=2&no_rooms=1&group_children=&age=&selected_currency=BRL,https://www.google.com/travel/explore?tfs=CBwQAxopEgoyMDI2LTA2LTEzag0IAxIJL20vMDIycGZtcgwIBBIIL20vMDJqNzEaKRIKMjAyNi0wNi0xNGoMCAQSCC9tLzAyajcxcg0IAxIJL20vMDIycGZtQAFIAXABggELCP___________wGYAQGyAQIgAQ&tfu=GioaKAoSCfGsOLrXgkLAEYDM2geLYUrAEhIJjwdQ_nX2R8ARQGbtgzWKVsA&hl=pt&curr=BRL,9749.0
93,JJG,Jaguaruna,Brazil,2026-09-04,booking,3750,1020,3,Brumas Cambará (147km),https://www.booking.com/searchresults.pt-br.html?ss=Brumas+Casa+de+Campo+-+Cambar%C3%A1+do+Sul%2C+Cambar%C3%A1%2C+Rio+Grande+do+Sul&checkin=2026-09-04&checkout=2026-09-07&group_adults=2&no_rooms=1&group_children=&age=&selected_currency=BRL,https://www.google.com/travel/explore?tfs=CBwQAxopEgoyMDI2LTA2LTEzag0IAxIJL20vMDIycGZtcgwIBBIIL20vMDJqNzEaKRIKMjAyNi0wNi0xNGoMCAQSCC9tLzAyajcxcg0IAxIJL20vMDIycGZtQAFIAXABggELCP___________wGYAQGyAQIgAQ&tfu=GioaKAoSCQl02cp_wzvAEYDM2gcriUbAEhIJbf7U094ERMARQGbtgwWeVMA&hl=pt&curr=BRL,9870.0
54,CNF,Belo Horizonte,Brazil,2026-09-05,booking,3853,1020,2,Hotel Solar do Rosário,https://www.booking.com/searchresults.pt-br.html?ss=Hotel+Solar+do+Ros%C3%A1rio%2C+Ouro+Preto&checkin=2026-09-05&checkout=2026-09-07&group_adults=2&no_rooms=1&group_children=&age=&selected_currency=BRL,https://www.google.com/travel/explore?tfs=CBwQAxopEgoyMDI2LTA2LTEzag0IAxIJL20vMDIycGZtcgwIBBIIL20vMDJqNzEaKRIKMjAyNi0wNi0xNGoMCAQSCC9tLzAyajcxcg0IAxIJL20vMDIycGZtQAFIAXABggELCP___________wGYAQGyAQIgAQ&tfu=GioaKAoSCfGsOLrXgkLAEYDM2geLYUrAEhIJjwdQ_nX2R8ARQGbtgzWKVsA&hl=pt&curr=BRL,9973.0
78,POA,Porto Alegre,Brazil,2026-09-05,booking,3861,1020,2,Celeiro Lake Village,https://www.booking.com/searchresults.pt-br.html?ss=Celeiro+Lake+Village%2C+S%C3%A3o+Francisco+de+Paula&checkin=2026-09-05&checkout=2026-09-07&group_adults=2&no_rooms=1&group_children=&age=&selected_currency=BRL,https://www.google.com/travel/explore?tfs=CBwQAxopEgoyMDI2LTA2LTEzag0IAxIJL20vMDIycGZtcgwIBBIIL20vMDJqNzEaKRIKMjAyNi0wNi0xNGoMCAQSCC9tLzAyajcxcg0IAxIJL20vMDIycGZtQAFIAXABggELCP___________wGYAQGyAQIgAQ&tfu=GioaKAoSCfGsOLrXgkLAEYDM2geLYUrAEhIJjwdQ_nX2R8ARQGbtgzWKVsA&hl=pt&curr=BRL,9981.0
70,CXJ,Caxias do Sul,Brazil,2026-09-05,booking,3861,1020,2,Celeiro Lake Village,https://www.booking.com/searchresults.pt-br.html?ss=Celeiro+Lake+Village%2C+S%C3%A3o+Francisco+de+Paula&checkin=2026-09-05&checkout=2026-09-07&group_adults=2&no_rooms=1&group_children=&age=&selected_currency=BRL,https://www.google.com/travel/explore?tfs=CBwQAxopEgoyMDI2LTA2LTEzag0IAxIJL20vMDIycGZtcgwIBBIIL20vMDJqNzEaKRIKMjAyNi0wNi0xNGoMCAQSCC9tLzAyajcxcg0IAxIJL20vMDIycGZtQAFIAXABggELCP___________wGYAQGyAQIgAQ&tfu=GioaKAoSCfGsOLrXgkLAEYDM2geLYUrAEhIJjwdQ_nX2R8ARQGbtgzWKVsA&hl=pt&curr=BRL,9981.0
121,CGB,Cuiabá,Brazil,2026-09-05,booking,3888,1020,2,Rio Claro + Chalana 8.1 (147km),https://www.booking.com/searchresults.pt-br.html?ss=Pousada+Rio+Claro%2C+Pocon%C3%A9%2C+Mato+Grosso&checkin=2026-09-05&checkout=2026-09-07&group_adults=2&no_rooms=1&group_children=&age=&selected_currency=BRL,https://www.google.com/travel/explore?tfs=CBwQAxopEgoyMDI2LTA2LTEzag0IAxIJL20vMDIycGZtcgwIBBIIL20vMDJqNzEaKRIKMjAyNi0wNi0xNGoMCAQSCC9tLzAyajcxcg0IAxIJL20vMDIycGZtQAFIAXABggELCP___________wGYAQGyAQIgAQ&tfu=GioaKAoSCQl02cp_wzvAEYDM2gcriUbAEhIJbf7U094ERMARQGbtgwWeVMA&hl=pt&curr=BRL,10008.0
69,CXJ,Caxias do Sul,Brazil,2026-09-04,booking,4002,1020,3,Alpestre (Gramado),https://www.booking.com/searchresults.pt-br.html?ss=Hotel+Alpestre%2C+Gramado&checkin=2026-09-04&checkout=2026-09-07&group_adults=2&no_rooms=1&group_children=&age=&selected_currency=BRL,https://www.google.com/travel/explore?tfs=CBwQAxopEgoyMDI2LTA2LTEzag0IAxIJL20vMDIycGZtcgwIBBIIL20vMDJqNzEaKRIKMjAyNi0wNi0xNGoMCAQSCC9tLzAyajcxcg0IAxIJL20vMDIycGZtQAFIAXABggELCP___________wGYAQGyAQIgAQ&tfu=GioaKAoSCQl02cp_wzvAEYDM2gcriUbAEhIJbf7U094ERMARQGbtgwWeVMA&hl=pt&curr=BRL,10122.0
5,AEP,Buenos Aires,Argentina,2026-09-05,booking,4099,1020,2,SLS Buenos Aires Puerto Madero,https://www.booking.com/searchresults.pt-br.html?ss=SLS+Buenos+Aires+Puerto+Madero%2C+Buenos+Aires%2C+Argentina&checkin=2026-09-05&checkout=2026-09-07&group_adults=2&no_rooms=1&group_children=&age=&selected_currency=BRL,https://www.google.com/travel/explore?tfs=CBwQAxopEgoyMDI2LTA2LTEzag0IAxIJL20vMDIycGZtcgwIBBIIL20vMDJqNzEaKRIKMjAyNi0wNi0xNGoMCAQSCC9tLzAyajcxcg0IAxIJL20vMDIycGZtQAFIAXABggELCP___________wGYAQGyAQIgAQ&tfu=GioaKAoSCfGsOLrXgkLAEYDM2geLYUrAEhIJjwdQ_nX2R8ARQGbtgzWKVsA&hl=pt&curr=BRL,10219.0
93,JJG,Jaguaruna,Brazil,2026-09-04,booking,4134,1020,3,Vale Sagrado Urubici (179km),https://www.booking.com/searchresults.pt-br.html?ss=Vale+Sagrado%2C+Urubici%2C+Santa+Catarina&checkin=2026-09-04&checkout=2026-09-07&group_adults=2&no_rooms=1&group_children=&age=&selected_currency=BRL,https://www.google.com/travel/explore?tfs=CBwQAxopEgoyMDI2LTA2LTEzag0IAxIJL20vMDIycGZtcgwIBBIIL20vMDJqNzEaKRIKMjAyNi0wNi0xNGoMCAQSCC9tLzAyajcxcg0IAxIJL20vMDIycGZtQAFIAXABggELCP___________wGYAQGyAQIgAQ&tfu=GioaKAoSCQl02cp_wzvAEYDM2gcriUbAEhIJbf7U094ERMARQGbtgwWeVMA&hl=pt&curr=BRL,10254.0
157,MHC,Castro,Chile,2026-09-04,booking,4166,1020,3,Hotel & Cava Estancia Rilán,https://www.booking.com/searchresults.pt-br.html?ss=Hotel+%26+Cava+Estancia+Ril%C3%A1n%2C+Castro%2C+Prov%C3%ADncia+de+Los+Lagos%2C+Chile&checkin=2026-09-04&checkout=2026-09-07&group_adults=2&no_rooms=1&group_children=&age=&selected_currency=BRL,https://www.google.com/travel/explore?tfs=CBwQAxopEgoyMDI2LTA2LTEzag0IAxIJL20vMDIycGZtcgwIBBIIL20vMDJqNzEaKRIKMjAyNi0wNi0xNGoMCAQSCC9tLzAyajcxcg0IAxIJL20vMDIycGZtQAFIAXABggELCP___________wGYAQGyAQIgAQ&tfu=GioaKAoSCQl02cp_wzvAEYDM2gcriUbAEhIJbf7U094ERMARQGbtgwWeVMA&hl=pt&curr=BRL,10286.0
170,PUQ,Punta Arenas,Chile,2026-09-04,booking,4167,1020,3,Hotel Simple Patagonia,https://www.booking.com/searchresults.pt-br.html?ss=Hotel+Simple+Patagonia%2C+Puerto+Natales%2C+Magallanes%2C+Chile&checkin=2026-09-04&checkout=2026-09-07&group_adults=2&no_rooms=1&group_children=&age=&selected_currency=BRL,https://www.google.com/travel/explore?tfs=CBwQAxopEgoyMDI2LTA2LTEzag0IAxIJL20vMDIycGZtcgwIBBIIL20vMDJqNzEaKRIKMjAyNi0wNi0xNGoMCAQSCC9tLzAyajcxcg0IAxIJL20vMDIycGZtQAFIAXABggELCP___________wGYAQGyAQIgAQ&tfu=GioaKAoSCfGsOLrXgkLAEYDM2geLYUrAEhIJjwdQ_nX2R8ARQGbtgzWKVsA&hl=pt&curr=BRL,10287.0
84,BPS,Porto Seguro,Brazil,2026-09-05,booking,4180,1020,2,Aysú Trancoso Hotel,https://www.booking.com/searchresults.pt-br.html?ss=Ays%C3%BA+Trancoso+Boutique+Hotel&checkin=2026-09-05&checkout=2026-09-07&group_adults=2&no_rooms=1&group_children=&age=&selected_currency=BRL,https://www.google.com/travel/explore?tfs=CBwQAxopEgoyMDI2LTA2LTEzag0IAxIJL20vMDIycGZtcgwIBBIIL20vMDJqNzEaKRIKMjAyNi0wNi0xNGoMCAQSCC9tLzAyajcxcg0IAxIJL20vMDIycGZtQAFIAXABggELCP___________wGYAQGyAQIgAQ&tfu=GioaKAoSCfGsOLrXgkLAEYDM2geLYUrAEhIJjwdQ_nX2R8ARQGbtgzWKVsA&hl=pt&curr=BRL,10300.0
60,CPV,Campina Grande,Brazil,2026-09-04,booking,4266,1020,3,Oceana,https://www.booking.com/searchresults.pt-br.html?ss=Oceana+Atl%C3%A2ntico+Hotel%2C+Jo%C3%A3o+Pessoa&checkin=2026-09-04&checkout=2026-09-07&group_adults=2&no_rooms=1&group_children=&age=&selected_currency=BRL,https://www.google.com/travel/explore?tfs=CBwQAxopEgoyMDI2LTA2LTEzag0IAxIJL20vMDIycGZtcgwIBBIIL20vMDJqNzEaKRIKMjAyNi0wNi0xNGoMCAQSCC9tLzAyajcxcg0IAxIJL20vMDIycGZtQAFIAXABggELCP___________wGYAQGyAQIgAQ&tfu=GioaKAoSCfGsOLrXgkLAEYDM2geLYUrAEhIJjwdQ_nX2R8ARQGbtgzWKVsA&hl=pt&curr=BRL,10386.0
77,POA,Porto Alegre,Brazil,2026-09-04,booking,4268,1020,3,Wyndham (snowland),https://www.booking.com/searchresults.pt-br.html?ss=Wyndham+Gramado+Termas+Resort+%26+Spa%2C+Gramado%2C+Rio+Grande+do+Sul&checkin=2026-09-04&checkout=2026-09-07&group_adults=2&no_rooms=1&group_children=&age=&selected_currency=BRL,https://www.google.com/travel/explore?tfs=CBwQAxopEgoyMDI2LTA2LTEzag0IAxIJL20vMDIycGZtcgwIBBIIL20vMDJqNzEaKRIKMjAyNi0wNi0xNGoMCAQSCC9tLzAyajcxcg0IAxIJL20vMDIycGZtQAFIAXABggELCP___________wGYAQGyAQIgAQ&tfu=GioaKAoSCQl02cp_wzvAEYDM2gcriUbAEhIJbf7U094ERMARQGbtgwWeVMA&hl=pt&curr=BRL,10388.0
69,CXJ,Caxias do Sul,Brazil,2026-09-04,booking,4268,1020,3,Wyndham (snowland),https://www.booking.com/searchresults.pt-br.html?ss=Wyndham+Gramado+Termas+Resort+%26+Spa%2C+Gramado%2C+Rio+Grande+do+Sul&checkin=2026-09-04&checkout=2026-09-07&group_adults=2&no_rooms=1&group_children=&age=&selected_currency=BRL,https://www.google.com/travel/explore?tfs=CBwQAxopEgoyMDI2LTA2LTEzag0IAxIJL20vMDIycGZtcgwIBBIIL20vMDJqNzEaKRIKMjAyNi0wNi0xNGoMCAQSCC9tLzAyajcxcg0IAxIJL20vMDIycGZtQAFIAXABggELCP___________wGYAQGyAQIgAQ&tfu=GioaKAoSCQl02cp_wzvAEYDM2gcriUbAEhIJbf7U094ERMARQGbtgwWeVMA&hl=pt&curr=BRL,10388.0
199,CGH,São Paulo,Brasil,2026-09-04,booking,4270,1020,3,Grande Termas de Araxá,https://www.booking.com/searchresults.pt-br.html?ss=Grande+Hotel+Termas+de+Arax%C3%A1&checkin=2026-09-04&checkout=2026-09-07&group_adults=2&no_rooms=1&group_children=&age=&selected_currency=BRL,https://www.google.com/travel/explore?tfs=CBwQAxopEgoyMDI2LTA2LTEzag0IAxIJL20vMDIycGZtcgwIBBIIL20vMDJqNzEaKRIKMjAyNi0wNi0xNGoMCAQSCC9tLzAyajcxcg0IAxIJL20vMDIycGZtQAFIAXABggELCP___________wGYAQGyAQIgAQ&tfu=GioaKAoSCQl02cp_wzvAEYDM2gcriUbAEhIJbf7U094ERMARQGbtgwWeVMA&hl=pt&curr=BRL,10390.0
196,CCP,Unknown,Unknown,2026-09-05,booking,4298,1020,2,Departamento en Termas de Chillan (170km),https://www.booking.com/searchresults.pt-br.html?ss=Departamento+en+Termas+de+Chillan%2C+Nevados+de+Chillan%2C+Nuble+%28Nevados+de+Chillan%29%2C+Chile&checkin=2026-09-05&checkout=2026-09-07&group_adults=2&no_rooms=1&group_children=&age=&selected_currency=BRL,https://www.google.com/travel/explore?tfs=CBwQAxopEgoyMDI2LTA2LTEzag0IAxIJL20vMDIycGZtcgwIBBIIL20vMDJqNzEaKRIKMjAyNi0wNi0xNGoMCAQSCC9tLzAyajcxcg0IAxIJL20vMDIycGZtQAFIAXABggELCP___________wGYAQGyAQIgAQ&tfu=GioaKAoSCQl02cp_wzvAEYDM2gcriUbAEhIJbf7U094ERMARQGbtgwWeVMA&hl=pt&curr=BRL,10418.0
61,CGR,Campo Grande,Brazil,2026-09-04,booking,4320,1020,3,Pousada Boyrá (Bonito),https://www.booking.com/searchresults.pt-br.html?ss=Pousada+Boyr%C3%A1%2C+Bonito&checkin=2026-09-04&checkout=2026-09-07&group_adults=2&no_rooms=1&group_children=&age=&selected_currency=BRL,https://www.google.com/travel/explore?tfs=CBwQAxopEgoyMDI2LTA2LTEzag0IAxIJL20vMDIycGZtcgwIBBIIL20vMDJqNzEaKRIKMjAyNi0wNi0xNGoMCAQSCC9tLzAyajcxcg0IAxIJL20vMDIycGZtQAFIAXABggELCP___________wGYAQGyAQIgAQ&tfu=GioaKAoSCQl02cp_wzvAEYDM2gcriUbAEhIJbf7U094ERMARQGbtgwWeVMA&hl=pt&curr=BRL,10440.0
86,REC,Recife,Brazil,2026-09-05,booking,4376,1020,2,Samoa Villa Resort,https://www.booking.com/searchresults.pt-br.html?ss=Samoa+Villa+Resort%2C+Porto+de+Galinhas%2C+Pernambuco&checkin=2026-09-05&checkout=2026-09-07&group_adults=2&no_rooms=1&group_children=&age=&selected_currency=BRL,https://www.google.com/travel/explore?tfs=CBwQAxopEgoyMDI2LTA2LTEzag0IAxIJL20vMDIycGZtcgwIBBIIL20vMDJqNzEaKRIKMjAyNi0wNi0xNGoMCAQSCC9tLzAyajcxcg0IAxIJL20vMDIycGZtQAFIAXABggELCP___________wGYAQGyAQIgAQ&tfu=GioaKAoSCfGsOLrXgkLAEYDM2geLYUrAEhIJjwdQ_nX2R8ARQGbtgzWKVsA&hl=pt&curr=BRL,10496.0
139,VIX,Vitória,Brazil,2026-09-05,booking,4378,1020,2,Natureza Eco Lodge,https://www.booking.com/searchresults.pt-br.html?ss=Natureza+Eco+Lodge%2C+Pedra+Azul%2C+Esp%C3%ADrito+Santo%2C+Brasil&checkin=2026-09-05&checkout=2026-09-07&group_adults=2&no_rooms=1&group_children=&age=&selected_currency=BRL,https://www.google.com/travel/explore?tfs=CBwQAxopEgoyMDI2LTA2LTEzag0IAxIJL20vMDIycGZtcgwIBBIIL20vMDJqNzEaKRIKMjAyNi0wNi0xNGoMCAQSCC9tLzAyajcxcg0IAxIJL20vMDIycGZtQAFIAXABggELCP___________wGYAQGyAQIgAQ&tfu=GioaKAoSCQl02cp_wzvAEYDM2gcriUbAEhIJbf7U094ERMARQGbtgwWeVMA&hl=pt&curr=BRL,10498.0
109,IGU,Foz do Iguaçu,Brazil,2026-09-05,booking,4390,1020,2,Recanto Cataratas,https://www.booking.com/searchresults.pt-br.html?ss=Recanto+Cataratas+-+Thermas%2C+Resort+e+Convention%2C+Foz+do+Igua%C3%A7u%2C+Paran%C3%A1&checkin=2026-09-05&checkout=2026-09-07&group_adults=2&no_rooms=1&group_children=&age=&selected_currency=BRL,https://www.google.com/travel/explore?tfs=CBwQAxopEgoyMDI2LTA2LTEzag0IAxIJL20vMDIycGZtcgwIBBIIL20vMDJqNzEaKRIKMjAyNi0wNi0xNGoMCAQSCC9tLzAyajcxcg0IAxIJL20vMDIycGZtQAFIAXABggELCP___________wGYAQGyAQIgAQ&tfu=GioaKAoSCQl02cp_wzvAEYDM2gcriUbAEhIJbf7U094ERMARQGbtgwWeVMA&hl=pt&curr=BRL,10510.0
112,UDI,Uberlândia,Brazil,2026-09-04,booking,4395,1020,3,Pirineus (128km),https://www.booking.com/searchresults.pt-br.html?ss=Pousada+dos+Pireneus%2C+Piren%C3%B3polis%2C+Goi%C3%A1s&checkin=2026-09-04&checkout=2026-09-07&group_adults=2&no_rooms=1&group_children=&age=&selected_currency=BRL,https://www.google.com/travel/explore?tfs=CBwQAxopEgoyMDI2LTA2LTEzag0IAxIJL20vMDIycGZtcgwIBBIIL20vMDJqNzEaKRIKMjAyNi0wNi0xNGoMCAQSCC9tLzAyajcxcg0IAxIJL20vMDIycGZtQAFIAXABggELCP___________wGYAQGyAQIgAQ&tfu=GioaKAoSCfGsOLrXgkLAEYDM2geLYUrAEhIJjwdQ_nX2R8ARQGbtgzWKVsA&hl=pt&curr=BRL,10515.0
60,CPV,Campina Grande,Brazil,2026-09-04,booking,4422,1020,3,Ba Ra,https://www.booking.com/searchresults.pt-br.html?ss=BA%27RA+Hotel%2C+Jo%C3%A3o+Pessoa&checkin=2026-09-04&checkout=2026-09-07&group_adults=2&no_rooms=1&group_children=&age=&selected_currency=BRL,https://www.google.com/travel/explore?tfs=CBwQAxopEgoyMDI2LTA2LTEzag0IAxIJL20vMDIycGZtcgwIBBIIL20vMDJqNzEaKRIKMjAyNi0wNi0xNGoMCAQSCC9tLzAyajcxcg0IAxIJL20vMDIycGZtQAFIAXABggELCP___________wGYAQGyAQIgAQ&tfu=GioaKAoSCfGsOLrXgkLAEYDM2geLYUrAEhIJjwdQ_nX2R8ARQGbtgzWKVsA&hl=pt&curr=BRL,10542.0
72,PFB,Passo Fundo,Brazil,2026-09-05,booking,4492,1020,2,Machadinho,https://www.booking.com/searchresults.pt-br.html?ss=Machadinho+Thermas+Resort+SPA&checkin=2026-09-05&checkout=2026-09-07&group_adults=2&no_rooms=1&group_children=&age=&selected_currency=BRL,https://www.google.com/travel/explore?tfs=CBwQAxopEgoyMDI2LTA2LTEzag0IAxIJL20vMDIycGZtcgwIBBIIL20vMDJqNzEaKRIKMjAyNi0wNi0xNGoMCAQSCC9tLzAyajcxcg0IAxIJL20vMDIycGZtQAFIAXABggELCP___________wGYAQGyAQIgAQ&tfu=GioaKAoSCfGsOLrXgkLAEYDM2geLYUrAEhIJjwdQ_nX2R8ARQGbtgzWKVsA&hl=pt&curr=BRL,10612.0
77,POA,Porto Alegre,Brazil,2026-09-04,booking,4510,1020,3,Cabana Lios (snowland),https://www.booking.com/searchresults.pt-br.html?ss=Cabana+Lios%2C+Gramado%2C+Rio+Grande+do+Sul%2C+Brasil&checkin=2026-09-04&checkout=2026-09-07&group_adults=2&no_rooms=1&group_children=&age=&selected_currency=BRL,https://www.google.com/travel/explore?tfs=CBwQAxopEgoyMDI2LTA2LTEzag0IAxIJL20vMDIycGZtcgwIBBIIL20vMDJqNzEaKRIKMjAyNi0wNi0xNGoMCAQSCC9tLzAyajcxcg0IAxIJL20vMDIycGZtQAFIAXABggELCP___________wGYAQGyAQIgAQ&tfu=GioaKAoSCQl02cp_wzvAEYDM2gcriUbAEhIJbf7U094ERMARQGbtgwWeVMA&hl=pt&curr=BRL,10630.0
136,SLZ,São Luís,Brazil,2026-09-04,booking,4622,1020,3,La Ferme,https://www.booking.com/searchresults.pt-br.html?ss=La+Ferme+De+Georges%2C+Atins&checkin=2026-09-04&checkout=2026-09-07&group_adults=2&no_rooms=1&group_children=&age=&selected_currency=BRL,https://www.google.com/travel/explore?tfs=CBwQAxopEgoyMDI2LTA2LTEzag0IAxIJL20vMDIycGZtcgwIBBIIL20vMDJqNzEaKRIKMjAyNi0wNi0xNGoMCAQSCC9tLzAyajcxcg0IAxIJL20vMDIycGZtQAFIAXABggELCP___________wGYAQGyAQIgAQ&tfu=GioaKAoSCfGsOLrXgkLAEYDM2geLYUrAEhIJjwdQ_nX2R8ARQGbtgzWKVsA&hl=pt&curr=BRL,10742.0
103,LDB,Londrina,Brazil,2026-09-05,booking,4674,1020,2,Aguativa Golf Resort (56km),https://www.booking.com/searchresults.pt-br.html?ss=Aguativa+Golf+Resort%2C+Corn%C3%A9lio+Proc%C3%B3pio%2C+Paran%C3%A1&checkin=2026-09-05&checkout=2026-09-07&group_adults=2&no_rooms=1&group_children=&age=&selected_currency=BRL,https://www.google.com/travel/explore?tfs=CBwQAxopEgoyMDI2LTA2LTEzag0IAxIJL20vMDIycGZtcgwIBBIIL20vMDJqNzEaKRIKMjAyNi0wNi0xNGoMCAQSCC9tLzAyajcxcg0IAxIJL20vMDIycGZtQAFIAXABggELCP___________wGYAQGyAQIgAQ&tfu=GioaKAoSCQl02cp_wzvAEYDM2gcriUbAEhIJbf7U094ERMARQGbtgwWeVMA&hl=pt&curr=BRL,10794.0
137,SLZ,São Luís,Brazil,2026-09-05,booking,4752,1020,2,Rancho das Dunas,https://www.booking.com/searchresults.pt-br.html?ss=Pousada+Rancho+das+Dunas%2C+Santo+Amaro&checkin=2026-09-05&checkout=2026-09-07&group_adults=2&no_rooms=1&group_children=&age=&selected_currency=BRL,https://www.google.com/travel/explore?tfs=CBwQAxopEgoyMDI2LTA2LTEzag0IAxIJL20vMDIycGZtcgwIBBIIL20vMDJqNzEaKRIKMjAyNi0wNi0xNGoMCAQSCC9tLzAyajcxcg0IAxIJL20vMDIycGZtQAFIAXABggELCP___________wGYAQGyAQIgAQ&tfu=GioaKAoSCQl02cp_wzvAEYDM2gcriUbAEhIJbf7U094ERMARQGbtgwWeVMA&hl=pt&curr=BRL,10872.0
100,JOI,Joinville,Brazil,2026-09-04,booking,4771,1020,3,Hotel Fazenda Dona Francisca (40km),https://www.booking.com/searchresults.pt-br.html?ss=Hotel+Fazenda+Dona+Francisca%2C+Joinville%2C+Santa+Catarina%2C+Brasil&checkin=2026-09-04&checkout=2026-09-07&group_adults=2&no_rooms=1&group_children=&age=&selected_currency=BRL,https://www.google.com/travel/explore?tfs=CBwQAxopEgoyMDI2LTA2LTEzag0IAxIJL20vMDIycGZtcgwIBBIIL20vMDJqNzEaKRIKMjAyNi0wNi0xNGoMCAQSCC9tLzAyajcxcg0IAxIJL20vMDIycGZtQAFIAXABggELCP___________wGYAQGyAQIgAQ&tfu=GioaKAoSCfGsOLrXgkLAEYDM2geLYUrAEhIJjwdQ_nX2R8ARQGbtgzWKVsA&hl=pt&curr=BRL,10891.0
40,CAC,Cascavel,Brazil,2026-09-05,booking,4775,1020,2,Loi Suites (ARG),https://www.booking.com/searchresults.pt-br.html?ss=Loi+Suites+Iguazu+Hotel%2C+Puerto+Iguaz%C3%BA%2C+Misiones&checkin=2026-09-05&checkout=2026-09-07&group_adults=2&no_rooms=1&group_children=&age=&selected_currency=BRL,https://www.google.com/travel/explore?tfs=CBwQAxopEgoyMDI2LTA2LTEzag0IAxIJL20vMDIycGZtcgwIBBIIL20vMDJqNzEaKRIKMjAyNi0wNi0xNGoMCAQSCC9tLzAyajcxcg0IAxIJL20vMDIycGZtQAFIAXABggELCP___________wGYAQGyAQIgAQ&tfu=GioaKAoSCfGsOLrXgkLAEYDM2geLYUrAEhIJjwdQ_nX2R8ARQGbtgzWKVsA&hl=pt&curr=BRL,10895.0
109,IGU,Foz do Iguaçu,Brazil,2026-09-05,booking,4775,1020,2,Loi Suites (ARG),https://www.booking.com/searchresults.pt-br.html?ss=Loi+Suites+Iguazu+Hotel%2C+Puerto+Iguaz%C3%BA%2C+Misiones&checkin=2026-09-05&checkout=2026-09-07&group_adults=2&no_rooms=1&group_children=&age=&selected_currency=BRL,https://www.google.com/travel/explore?tfs=CBwQAxopEgoyMDI2LTA2LTEzag0IAxIJL20vMDIycGZtcgwIBBIIL20vMDJqNzEaKRIKMjAyNi0wNi0xNGoMCAQSCC9tLzAyajcxcg0IAxIJL20vMDIycGZtQAFIAXABggELCP___________wGYAQGyAQIgAQ&tfu=GioaKAoSCQl02cp_wzvAEYDM2gcriUbAEhIJbf7U094ERMARQGbtgwWeVMA&hl=pt&curr=BRL,10895.0
121,CGB,Cuiabá,Brazil,2026-09-05,booking,4839,1020,2,Malai Manso Indep.,https://www.booking.com/searchresults.pt-br.html?ss=Malai+Manso+Cotista+-+Resort+Acomoda%C3%A7%C3%B5es+4+hosp%2C+Retiro&checkin=2026-09-05&checkout=2026-09-07&group_adults=2&no_rooms=1&group_children=&age=&selected_currency=BRL,https://www.google.com/travel/explore?tfs=CBwQAxopEgoyMDI2LTA2LTEzag0IAxIJL20vMDIycGZtcgwIBBIIL20vMDJqNzEaKRIKMjAyNi0wNi0xNGoMCAQSCC9tLzAyajcxcg0IAxIJL20vMDIycGZtQAFIAXABggELCP___________wGYAQGyAQIgAQ&tfu=GioaKAoSCQl02cp_wzvAEYDM2gcriUbAEhIJbf7U094ERMARQGbtgwWeVMA&hl=pt&curr=BRL,10959.0
84,BPS,Porto Seguro,Brazil,2026-09-05,booking,4975,1020,2,Aketá Hotel Boutique,https://www.booking.com/searchresults.pt-br.html?ss=Aket%C3%A1+Hotel+Boutique%2C+Trancoso%2C+Bahia%2C+Brasil&checkin=2026-09-05&checkout=2026-09-07&group_adults=2&no_rooms=1&group_children=&age=&selected_currency=BRL,https://www.google.com/travel/explore?tfs=CBwQAxopEgoyMDI2LTA2LTEzag0IAxIJL20vMDIycGZtcgwIBBIIL20vMDJqNzEaKRIKMjAyNi0wNi0xNGoMCAQSCC9tLzAyajcxcg0IAxIJL20vMDIycGZtQAFIAXABggELCP___________wGYAQGyAQIgAQ&tfu=GioaKAoSCfGsOLrXgkLAEYDM2geLYUrAEhIJjwdQ_nX2R8ARQGbtgzWKVsA&hl=pt&curr=BRL,11095.0
100,JOI,Joinville,Brazil,2026-09-04,booking,5010,1020,3,Pousada Pedra da Ilha (Beto) 10km,https://www.booking.com/searchresults.pt-br.html?ss=Pousada+Pedra+da+Ilha%2C+Penha%2C+Santa+Catarina&checkin=2026-09-04&checkout=2026-09-07&group_adults=2&no_rooms=1&group_children=&age=&selected_currency=BRL,https://www.google.com/travel/explore?tfs=CBwQAxopEgoyMDI2LTA2LTEzag0IAxIJL20vMDIycGZtcgwIBBIIL20vMDJqNzEaKRIKMjAyNi0wNi0xNGoMCAQSCC9tLzAyajcxcg0IAxIJL20vMDIycGZtQAFIAXABggELCP___________wGYAQGyAQIgAQ&tfu=GioaKAoSCfGsOLrXgkLAEYDM2geLYUrAEhIJjwdQ_nX2R8ARQGbtgzWKVsA&hl=pt&curr=BRL,11130.0
80,CWB,Curitiba,Brazil,2026-09-05,booking,5020,1020,2,Hotel Boutique Vinícola Slaviero (29km),https://www.booking.com/searchresults.pt-br.html?ss=Hotel+Boutique+Vin%C3%ADcola+Arauc%C3%A1ria+by+Slaviero+Hot%C3%A9is&checkin=2026-09-05&checkout=2026-09-07&group_adults=2&no_rooms=1&group_children=&age=&selected_currency=BRL,https://www.google.com/travel/explore?tfs=CBwQAxopEgoyMDI2LTA2LTEzag0IAxIJL20vMDIycGZtcgwIBBIIL20vMDJqNzEaKRIKMjAyNi0wNi0xNGoMCAQSCC9tLzAyajcxcg0IAxIJL20vMDIycGZtQAFIAXABggELCP___________wGYAQGyAQIgAQ&tfu=GioaKAoSCfGsOLrXgkLAEYDM2geLYUrAEhIJjwdQ_nX2R8ARQGbtgzWKVsA&hl=pt&curr=BRL,11140.0
63,NAT,Natal,Brazil,2026-09-04,booking,5102,1020,3,Sombra e Agua Fresca Floresta,https://www.booking.com/searchresults.pt-br.html?ss=Sombra+e+%C3%81gua+Fresca+Floresta%2C+Pipa&checkin=2026-09-04&checkout=2026-09-07&group_adults=2&no_rooms=1&group_children=&age=&selected_currency=BRL,https://www.google.com/travel/explore?tfs=CBwQAxopEgoyMDI2LTA2LTEzag0IAxIJL20vMDIycGZtcgwIBBIIL20vMDJqNzEaKRIKMjAyNi0wNi0xNGoMCAQSCC9tLzAyajcxcg0IAxIJL20vMDIycGZtQAFIAXABggELCP___________wGYAQGyAQIgAQ&tfu=GioaKAoSCQl02cp_wzvAEYDM2gcriUbAEhIJbf7U094ERMARQGbtgwWeVMA&hl=pt&curr=BRL,11222.0
60,CPV,Campina Grande,Brazil,2026-09-04,booking,5102,1020,3,Sombra e Água Floresta (145km),https://www.booking.com/searchresults.pt-br.html?ss=Sombra+e+%C3%81gua+Fresca+Floresta&checkin=2026-09-04&checkout=2026-09-07&group_adults=2&no_rooms=1&group_children=&age=&selected_currency=BRL,https://www.google.com/travel/explore?tfs=CBwQAxopEgoyMDI2LTA2LTEzag0IAxIJL20vMDIycGZtcgwIBBIIL20vMDJqNzEaKRIKMjAyNi0wNi0xNGoMCAQSCC9tLzAyajcxcg0IAxIJL20vMDIycGZtQAFIAXABggELCP___________wGYAQGyAQIgAQ&tfu=GioaKAoSCfGsOLrXgkLAEYDM2geLYUrAEhIJjwdQ_nX2R8ARQGbtgzWKVsA&hl=pt&curr=BRL,11222.0
134,JPA,João Pessoa,Brazil,2026-09-04,booking,5102,1020,3,Sombra e Água Floresta (145km),https://www.booking.com/searchresults.pt-br.html?ss=Sombra+e+%C3%81gua+Fresca+Floresta&checkin=2026-09-04&checkout=2026-09-07&group_adults=2&no_rooms=1&group_children=&age=&selected_currency=BRL,https://www.google.com/travel/explore?tfs=CBwQAxopEgoyMDI2LTA2LTEzag0IAxIJL20vMDIycGZtcgwIBBIIL20vMDJqNzEaKRIKMjAyNi0wNi0xNGoMCAQSCC9tLzAyajcxcg0IAxIJL20vMDIycGZtQAFIAXABggELCP___________wGYAQGyAQIgAQ&tfu=GioaKAoSCfGsOLrXgkLAEYDM2geLYUrAEhIJjwdQ_nX2R8ARQGbtgzWKVsA&hl=pt&curr=BRL,11222.0
134,JPA,João Pessoa,Brazil,2026-09-04,booking,5203,1020,3,Ba Ra,https://www.booking.com/searchresults.pt-br.html?ss=BA%27RA+Hotel%2C+Jo%C3%A3o+Pessoa&checkin=2026-09-04&checkout=2026-09-07&group_adults=2&no_rooms=1&group_children=&age=&selected_currency=BRL,https://www.google.com/travel/explore?tfs=CBwQAxopEgoyMDI2LTA2LTEzag0IAxIJL20vMDIycGZtcgwIBBIIL20vMDJqNzEaKRIKMjAyNi0wNi0xNGoMCAQSCC9tLzAyajcxcg0IAxIJL20vMDIycGZtQAFIAXABggELCP___________wGYAQGyAQIgAQ&tfu=GioaKAoSCfGsOLrXgkLAEYDM2geLYUrAEhIJjwdQ_nX2R8ARQGbtgzWKVsA&hl=pt&curr=BRL,11323.0
77,POA,Porto Alegre,Brazil,2026-09-04,booking,5229,1020,3,Hubertus (Gramado),https://www.booking.com/searchresults.pt-br.html?ss=Hotel+Estalagem+St.+Hubertus%2C+Gramado&checkin=2026-09-04&checkout=2026-09-07&group_adults=2&no_rooms=1&group_children=&age=&selected_currency=BRL,https://www.google.com/travel/explore?tfs=CBwQAxopEgoyMDI2LTA2LTEzag0IAxIJL20vMDIycGZtcgwIBBIIL20vMDJqNzEaKRIKMjAyNi0wNi0xNGoMCAQSCC9tLzAyajcxcg0IAxIJL20vMDIycGZtQAFIAXABggELCP___________wGYAQGyAQIgAQ&tfu=GioaKAoSCQl02cp_wzvAEYDM2gcriUbAEhIJbf7U094ERMARQGbtgwWeVMA&hl=pt&curr=BRL,11349.0
123,FLN,Florianópolis,Brazil,2026-09-05,booking,5232,1020,2,Naatooh Guest Houses,https://www.booking.com/searchresults.pt-br.html?ss=Naatooh+Guest+Houses%2C+Florian%C3%B3polis%2C+Santa+Catarina&checkin=2026-09-05&checkout=2026-09-07&group_adults=2&no_rooms=1&group_children=&age=&selected_currency=BRL,https://www.google.com/travel/explore?tfs=CBwQAxopEgoyMDI2LTA2LTEzag0IAxIJL20vMDIycGZtcgwIBBIIL20vMDJqNzEaKRIKMjAyNi0wNi0xNGoMCAQSCC9tLzAyajcxcg0IAxIJL20vMDIycGZtQAFIAXABggELCP___________wGYAQGyAQIgAQ&tfu=GioaKAoSCQl02cp_wzvAEYDM2gcriUbAEhIJbf7U094ERMARQGbtgwWeVMA&hl=pt&curr=BRL,11352.0
100,JOI,Joinville,Brazil,2026-09-04,booking,5318,1020,3,Felissimo 5 Star (17km),https://www.booking.com/searchresults.pt-br.html?ss=Felissimo+Exclusive+Hotel%2C+Balne%C3%A1rio+Cambori%C3%BA%2C+Santa+Catarina&checkin=2026-09-04&checkout=2026-09-07&group_adults=2&no_rooms=1&group_children=&age=&selected_currency=BRL,https://www.google.com/travel/explore?tfs=CBwQAxopEgoyMDI2LTA2LTEzag0IAxIJL20vMDIycGZtcgwIBBIIL20vMDJqNzEaKRIKMjAyNi0wNi0xNGoMCAQSCC9tLzAyajcxcg0IAxIJL20vMDIycGZtQAFIAXABggELCP___________wGYAQGyAQIgAQ&tfu=GioaKAoSCfGsOLrXgkLAEYDM2geLYUrAEhIJjwdQ_nX2R8ARQGbtgzWKVsA&hl=pt&curr=BRL,11438.0
65,NVT,Navegantes,Brazil,2026-09-04,booking,5318,1020,3,Felissimo 5 Star (17km),https://www.booking.com/searchresults.pt-br.html?ss=Felissimo+Exclusive+Hotel%2C+Balne%C3%A1rio+Cambori%C3%BA%2C+Santa+Catarina&checkin=2026-09-04&checkout=2026-09-07&group_adults=2&no_rooms=1&group_children=&age=&selected_currency=BRL,https://www.google.com/travel/explore?tfs=CBwQAxopEgoyMDI2LTA2LTEzag0IAxIJL20vMDIycGZtcgwIBBIIL20vMDJqNzEaKRIKMjAyNi0wNi0xNGoMCAQSCC9tLzAyajcxcg0IAxIJL20vMDIycGZtQAFIAXABggELCP___________wGYAQGyAQIgAQ&tfu=GioaKAoSCQl02cp_wzvAEYDM2gcriUbAEhIJbf7U094ERMARQGbtgwWeVMA&hl=pt&curr=BRL,11438.0
103,LDB,Londrina,Brazil,2026-09-05,booking,5344,1020,2,Daj Resort & Marina (199km),https://www.booking.com/searchresults.pt-br.html?ss=Daj+Resort+%26+Marina%2C+Ribeir%C3%A3o+Claro&checkin=2026-09-05&checkout=2026-09-07&group_adults=2&no_rooms=1&group_children=&age=&selected_currency=BRL,https://www.google.com/travel/explore?tfs=CBwQAxopEgoyMDI2LTA2LTEzag0IAxIJL20vMDIycGZtcgwIBBIIL20vMDJqNzEaKRIKMjAyNi0wNi0xNGoMCAQSCC9tLzAyajcxcg0IAxIJL20vMDIycGZtQAFIAXABggELCP___________wGYAQGyAQIgAQ&tfu=GioaKAoSCQl02cp_wzvAEYDM2gcriUbAEhIJbf7U094ERMARQGbtgwWeVMA&hl=pt&curr=BRL,11464.0
69,CXJ,Caxias do Sul,Brazil,2026-09-04,booking,5398,1020,3,Pousada do Engenho (São FP),https://www.booking.com/searchresults.pt-br.html?ss=Pousada+do+Engenho%2C+S%C3%A3o+Francisco+de+Paula&checkin=2026-09-04&checkout=2026-09-07&group_adults=2&no_rooms=1&group_children=&age=&selected_currency=BRL,https://www.google.com/travel/explore?tfs=CBwQAxopEgoyMDI2LTA2LTEzag0IAxIJL20vMDIycGZtcgwIBBIIL20vMDJqNzEaKRIKMjAyNi0wNi0xNGoMCAQSCC9tLzAyajcxcg0IAxIJL20vMDIycGZtQAFIAXABggELCP___________wGYAQGyAQIgAQ&tfu=GioaKAoSCQl02cp_wzvAEYDM2gcriUbAEhIJbf7U094ERMARQGbtgwWeVMA&hl=pt&curr=BRL,11518.0
77,POA,Porto Alegre,Brazil,2026-09-04,booking,5398,1020,3,Pousada do Engenho (São FP),https://www.booking.com/searchresults.pt-br.html?ss=Pousada+do+Engenho%2C+S%C3%A3o+Francisco+de+Paula&checkin=2026-09-04&checkout=2026-09-07&group_adults=2&no_rooms=1&group_children=&age=&selected_currency=BRL,https://www.google.com/travel/explore?tfs=CBwQAxopEgoyMDI2LTA2LTEzag0IAxIJL20vMDIycGZtcgwIBBIIL20vMDJqNzEaKRIKMjAyNi0wNi0xNGoMCAQSCC9tLzAyajcxcg0IAxIJL20vMDIycGZtQAFIAXABggELCP___________wGYAQGyAQIgAQ&tfu=GioaKAoSCQl02cp_wzvAEYDM2gcriUbAEhIJbf7U094ERMARQGbtgwWeVMA&hl=pt&curr=BRL,11518.0
130,STM,Santarém,Brazil,2026-09-04,booking,5400,1020,3,Casa do Lago em Alter do Chão,https://www.booking.com/searchresults.pt-br.html?ss=Casa+do+Lago+em+Alter+do+Ch%C3%A3o%2C+Alter+do+Ch%C3%A3o%2C+Par%C3%A1%2C+Brasil&checkin=2026-09-04&checkout=2026-09-07&group_adults=2&no_rooms=1&group_children=&age=&selected_currency=BRL,https://www.google.com/travel/explore?tfs=CBwQAxopEgoyMDI2LTA2LTEzag0IAxIJL20vMDIycGZtcgwIBBIIL20vMDJqNzEaKRIKMjAyNi0wNi0xNGoMCAQSCC9tLzAyajcxcg0IAxIJL20vMDIycGZtQAFIAXABggELCP___________wGYAQGyAQIgAQ&tfu=GioaKAoSCfGsOLrXgkLAEYDM2geLYUrAEhIJjwdQ_nX2R8ARQGbtgzWKVsA&hl=pt&curr=BRL,11520.0
9,MDZ,Mendoza,Argentina,2026-09-04,booking,5420,1020,3,Terra Uco Suites & Viñedos,https://www.booking.com/searchresults.pt-br.html?ss=Terra+Uco+Suites+%26+Vi%C3%B1edos%2C+Vista+Flores%2C+Prov%C3%ADncia+de+Mendoza+%28Uco+Valley%29%2C+Argentina&checkin=2026-09-04&checkout=2026-09-07&group_adults=2&no_rooms=1&group_children=&age=&selected_currency=BRL,https://www.google.com/travel/explore?tfs=CBwQAxopEgoyMDI2LTA2LTEzag0IAxIJL20vMDIycGZtcgwIBBIIL20vMDJqNzEaKRIKMjAyNi0wNi0xNGoMCAQSCC9tLzAyajcxcg0IAxIJL20vMDIycGZtQAFIAXABggELCP___________wGYAQGyAQIgAQ&tfu=GioaKAoSCfGsOLrXgkLAEYDM2geLYUrAEhIJjwdQ_nX2R8ARQGbtgzWKVsA&hl=pt&curr=BRL,11540.0
70,CXJ,Caxias do Sul,Brazil,2026-09-05,booking,5455,1020,2,Hotel Valle D'incanto,https://www.booking.com/searchresults.pt-br.html?ss=Hotel+Valle+Dincanto%2C+Gramado&checkin=2026-09-05&checkout=2026-09-07&group_adults=2&no_rooms=1&group_children=&age=&selected_currency=BRL,https://www.google.com/travel/explore?tfs=CBwQAxopEgoyMDI2LTA2LTEzag0IAxIJL20vMDIycGZtcgwIBBIIL20vMDJqNzEaKRIKMjAyNi0wNi0xNGoMCAQSCC9tLzAyajcxcg0IAxIJL20vMDIycGZtQAFIAXABggELCP___________wGYAQGyAQIgAQ&tfu=GioaKAoSCfGsOLrXgkLAEYDM2geLYUrAEhIJjwdQ_nX2R8ARQGbtgzWKVsA&hl=pt&curr=BRL,11575.0
64,NAT,Natal,Brazil,2026-09-05,booking,5458,1020,2,Toca da Coruja,https://www.booking.com/searchresults.pt-br.html?ss=Toca+da+Coruja%2C+Pipa%2C+Rio+Grande+do+Norte%2C+Brasil&checkin=2026-09-05&checkout=2026-09-07&group_adults=2&no_rooms=1&group_children=&age=&selected_currency=BRL,https://www.google.com/travel/explore?tfs=CBwQAxopEgoyMDI2LTA2LTEzag0IAxIJL20vMDIycGZtcgwIBBIIL20vMDJqNzEaKRIKMjAyNi0wNi0xNGoMCAQSCC9tLzAyajcxcg0IAxIJL20vMDIycGZtQAFIAXABggELCP___________wGYAQGyAQIgAQ&tfu=GioaKAoSCfGsOLrXgkLAEYDM2geLYUrAEhIJjwdQ_nX2R8ARQGbtgzWKVsA&hl=pt&curr=BRL,11578.0
135,JPA,João Pessoa,Brazil,2026-09-05,booking,5458,1020,2,Toca da Coruja (139km),https://www.booking.com/searchresults.pt-br.html?ss=Toca+da+Coruja%2C+Pipa&checkin=2026-09-05&checkout=2026-09-07&group_adults=2&no_rooms=1&group_children=&age=&selected_currency=BRL,https://www.google.com/travel/explore?tfs=CBwQAxopEgoyMDI2LTA2LTEzag0IAxIJL20vMDIycGZtcgwIBBIIL20vMDJqNzEaKRIKMjAyNi0wNi0xNGoMCAQSCC9tLzAyajcxcg0IAxIJL20vMDIycGZtQAFIAXABggELCP___________wGYAQGyAQIgAQ&tfu=GioaKAoSCQl02cp_wzvAEYDM2gcriUbAEhIJbf7U094ERMARQGbtgwWeVMA&hl=pt&curr=BRL,11578.0
118,XAP,Chapecó,Brazil,2026-09-04,booking,5511,1020,3,Itá Thermas Resort e Spa (70km),https://www.booking.com/searchresults.pt-br.html?ss=It%C3%A1+Thermas+Resort+e+Spa%2C+It%C3%A1%2C+Santa+Catarina&checkin=2026-09-04&checkout=2026-09-07&group_adults=2&no_rooms=1&group_children=&age=&selected_currency=BRL,https://www.google.com/travel/explore?tfs=CBwQAxopEgoyMDI2LTA2LTEzag0IAxIJL20vMDIycGZtcgwIBBIIL20vMDJqNzEaKRIKMjAyNi0wNi0xNGoMCAQSCC9tLzAyajcxcg0IAxIJL20vMDIycGZtQAFIAXABggELCP___________wGYAQGyAQIgAQ&tfu=GioaKAoSCfGsOLrXgkLAEYDM2geLYUrAEhIJjwdQ_nX2R8ARQGbtgzWKVsA&hl=pt&curr=BRL,11631.0
69,CXJ,Caxias do Sul,Brazil,2026-09-04,booking,5643,1020,3,Celeiro Lake Village,https://www.booking.com/searchresults.pt-br.html?ss=Celeiro+Lake+Village%2C+S%C3%A3o+Francisco+de+Paula&checkin=2026-09-04&checkout=2026-09-07&group_adults=2&no_rooms=1&group_children=&age=&selected_currency=BRL,https://www.google.com/travel/explore?tfs=CBwQAxopEgoyMDI2LTA2LTEzag0IAxIJL20vMDIycGZtcgwIBBIIL20vMDJqNzEaKRIKMjAyNi0wNi0xNGoMCAQSCC9tLzAyajcxcg0IAxIJL20vMDIycGZtQAFIAXABggELCP___________wGYAQGyAQIgAQ&tfu=GioaKAoSCQl02cp_wzvAEYDM2gcriUbAEhIJbf7U094ERMARQGbtgwWeVMA&hl=pt&curr=BRL,11763.0
109,IGU,Foz do Iguaçu,Brazil,2026-09-05,booking,5665,1020,2,Las Boutique (prox Aero),https://www.booking.com/searchresults.pt-br.html?ss=LAS+HOTEL+BOUTIQUE%2C+Foz+do+Igua%C3%A7u%2C+Paran%C3%A1&checkin=2026-09-05&checkout=2026-09-07&group_adults=2&no_rooms=1&group_children=&age=&selected_currency=BRL,https://www.google.com/travel/explore?tfs=CBwQAxopEgoyMDI2LTA2LTEzag0IAxIJL20vMDIycGZtcgwIBBIIL20vMDJqNzEaKRIKMjAyNi0wNi0xNGoMCAQSCC9tLzAyajcxcg0IAxIJL20vMDIycGZtQAFIAXABggELCP___________wGYAQGyAQIgAQ&tfu=GioaKAoSCQl02cp_wzvAEYDM2gcriUbAEhIJbf7U094ERMARQGbtgwWeVMA&hl=pt&curr=BRL,11785.0
108,IGU,Foz do Iguaçu,Brazil,2026-09-04,booking,5773,1020,3,Recanto Cataratas,https://www.booking.com/searchresults.pt-br.html?ss=Recanto+Cataratas+-+Thermas%2C+Resort+e+Convention%2C+Foz+do+Igua%C3%A7u%2C+Paran%C3%A1&checkin=2026-09-04&checkout=2026-09-07&group_adults=2&no_rooms=1&group_children=&age=&selected_currency=BRL,https://www.google.com/travel/explore?tfs=CBwQAxopEgoyMDI2LTA2LTEzag0IAxIJL20vMDIycGZtcgwIBBIIL20vMDJqNzEaKRIKMjAyNi0wNi0xNGoMCAQSCC9tLzAyajcxcg0IAxIJL20vMDIycGZtQAFIAXABggELCP___________wGYAQGyAQIgAQ&tfu=GioaKAoSCfGsOLrXgkLAEYDM2geLYUrAEhIJjwdQ_nX2R8ARQGbtgzWKVsA&hl=pt&curr=BRL,11893.0
197,GRU,São Paulo,Brasil,2026-09-04,booking,5774,1020,3,Camburi - Alto padrão (10pax),https://www.booking.com/searchresults.pt-br.html?ss=Camburi+-+Alto+padr%C3%A3o%2C+5+quartos+-+100m+da+praia%2C+S%C3%A3o+Sebasti%C3%A3o&checkin=2026-09-04&checkout=2026-09-07&group_adults=2&no_rooms=1&group_children=&age=&selected_currency=BRL,https://www.google.com/travel/explore?tfs=CBwQAxopEgoyMDI2LTA2LTEzag0IAxIJL20vMDIycGZtcgwIBBIIL20vMDJqNzEaKRIKMjAyNi0wNi0xNGoMCAQSCC9tLzAyajcxcg0IAxIJL20vMDIycGZtQAFIAXABggELCP___________wGYAQGyAQIgAQ&tfu=GioaKAoSCQl02cp_wzvAEYDM2gcriUbAEhIJbf7U094ERMARQGbtgwWeVMA&hl=pt&curr=BRL,11894.0
120,CGB,Cuiabá,Brazil,2026-09-04,booking,5832,1020,3,Rio Claro + Chalana 8.1 (147km),https://www.booking.com/searchresults.pt-br.html?ss=Pousada+Rio+Claro%2C+Pocon%C3%A9%2C+Mato+Grosso&checkin=2026-09-04&checkout=2026-09-07&group_adults=2&no_rooms=1&group_children=&age=&selected_currency=BRL,https://www.google.com/travel/explore?tfs=CBwQAxopEgoyMDI2LTA2LTEzag0IAxIJL20vMDIycGZtcgwIBBIIL20vMDJqNzEaKRIKMjAyNi0wNi0xNGoMCAQSCC9tLzAyajcxcg0IAxIJL20vMDIycGZtQAFIAXABggELCP___________wGYAQGyAQIgAQ&tfu=GioaKAoSCfGsOLrXgkLAEYDM2geLYUrAEhIJjwdQ_nX2R8ARQGbtgzWKVsA&hl=pt&curr=BRL,11952.0
53,CNF,Belo Horizonte,Brazil,2026-09-04,booking,5845,1020,3,Hotel Solar do Rosário,https://www.booking.com/searchresults.pt-br.html?ss=Hotel+Solar+do+Ros%C3%A1rio%2C+Ouro+Preto&checkin=2026-09-04&checkout=2026-09-07&group_adults=2&no_rooms=1&group_children=&age=&selected_currency=BRL,https://www.google.com/travel/explore?tfs=CBwQAxopEgoyMDI2LTA2LTEzag0IAxIJL20vMDIycGZtcgwIBBIIL20vMDJqNzEaKRIKMjAyNi0wNi0xNGoMCAQSCC9tLzAyajcxcg0IAxIJL20vMDIycGZtQAFIAXABggELCP___________wGYAQGyAQIgAQ&tfu=GioaKAoSCQl02cp_wzvAEYDM2gcriUbAEhIJbf7U094ERMARQGbtgwWeVMA&hl=pt&curr=BRL,11965.0
86,REC,Recife,Brazil,2026-09-05,booking,6100,1020,2,Pontal dos Carneiros,https://www.booking.com/searchresults.pt-br.html?ss=Pontal+dos+Carneiros+Beach+Bungalows&checkin=2026-09-05&checkout=2026-09-07&group_adults=2&no_rooms=1&group_children=&age=&selected_currency=BRL,https://www.google.com/travel/explore?tfs=CBwQAxopEgoyMDI2LTA2LTEzag0IAxIJL20vMDIycGZtcgwIBBIIL20vMDJqNzEaKRIKMjAyNi0wNi0xNGoMCAQSCC9tLzAyajcxcg0IAxIJL20vMDIycGZtQAFIAXABggELCP___________wGYAQGyAQIgAQ&tfu=GioaKAoSCfGsOLrXgkLAEYDM2geLYUrAEhIJjwdQ_nX2R8ARQGbtgzWKVsA&hl=pt&curr=BRL,12220.0
83,BPS,Porto Seguro,Brazil,2026-09-04,booking,6270,1020,3,Aysú Trancoso Hotel,https://www.booking.com/searchresults.pt-br.html?ss=Ays%C3%BA+Trancoso+Boutique+Hotel&checkin=2026-09-04&checkout=2026-09-07&group_adults=2&no_rooms=1&group_children=&age=&selected_currency=BRL,https://www.google.com/travel/explore?tfs=CBwQAxopEgoyMDI2LTA2LTEzag0IAxIJL20vMDIycGZtcgwIBBIIL20vMDJqNzEaKRIKMjAyNi0wNi0xNGoMCAQSCC9tLzAyajcxcg0IAxIJL20vMDIycGZtQAFIAXABggELCP___________wGYAQGyAQIgAQ&tfu=GioaKAoSCQl02cp_wzvAEYDM2gcriUbAEhIJbf7U094ERMARQGbtgwWeVMA&hl=pt&curr=BRL,12390.0
86,REC,Recife,Brazil,2026-09-05,booking,6356,1020,2,Enotel,https://www.booking.com/searchresults.pt-br.html?ss=Enotel+Porto+de+Galinhas+All+Inclusive&checkin=2026-09-05&checkout=2026-09-07&group_adults=2&no_rooms=1&group_children=&age=&selected_currency=BRL,https://www.google.com/travel/explore?tfs=CBwQAxopEgoyMDI2LTA2LTEzag0IAxIJL20vMDIycGZtcgwIBBIIL20vMDJqNzEaKRIKMjAyNi0wNi0xNGoMCAQSCC9tLzAyajcxcg0IAxIJL20vMDIycGZtQAFIAXABggELCP___________wGYAQGyAQIgAQ&tfu=GioaKAoSCfGsOLrXgkLAEYDM2geLYUrAEhIJjwdQ_nX2R8ARQGbtgzWKVsA&hl=pt&curr=BRL,12476.0
108,IGU,Foz do Iguaçu,Brazil,2026-09-04,booking,6384,1020,3,Loi Suites (ARG),https://www.booking.com/searchresults.pt-br.html?ss=Loi+Suites+Iguazu+Hotel%2C+Puerto+Iguaz%C3%BA%2C+Misiones&checkin=2026-09-04&checkout=2026-09-07&group_adults=2&no_rooms=1&group_children=&age=&selected_currency=BRL,https://www.google.com/travel/explore?tfs=CBwQAxopEgoyMDI2LTA2LTEzag0IAxIJL20vMDIycGZtcgwIBBIIL20vMDJqNzEaKRIKMjAyNi0wNi0xNGoMCAQSCC9tLzAyajcxcg0IAxIJL20vMDIycGZtQAFIAXABggELCP___________wGYAQGyAQIgAQ&tfu=GioaKAoSCfGsOLrXgkLAEYDM2geLYUrAEhIJjwdQ_nX2R8ARQGbtgzWKVsA&hl=pt&curr=BRL,12504.0
79,CWB,Curitiba,Brazil,2026-09-04,booking,6444,1020,3,Hotel Boutique Vinícola Slaviero (29km),https://www.booking.com/searchresults.pt-br.html?ss=Hotel+Boutique+Vin%C3%ADcola+Arauc%C3%A1ria+by+Slaviero+Hot%C3%A9is&checkin=2026-09-04&checkout=2026-09-07&group_adults=2&no_rooms=1&group_children=&age=&selected_currency=BRL,https://www.google.com/travel/explore?tfs=CBwQAxopEgoyMDI2LTA2LTEzag0IAxIJL20vMDIycGZtcgwIBBIIL20vMDJqNzEaKRIKMjAyNi0wNi0xNGoMCAQSCC9tLzAyajcxcg0IAxIJL20vMDIycGZtQAFIAXABggELCP___________wGYAQGyAQIgAQ&tfu=GioaKAoSCQl02cp_wzvAEYDM2gcriUbAEhIJbf7U094ERMARQGbtgwWeVMA&hl=pt&curr=BRL,12564.0
85,REC,Recife,Brazil,2026-09-04,booking,6515,1020,3,Samoa Villa Resort,https://www.booking.com/searchresults.pt-br.html?ss=Samoa+Villa+Resort%2C+Porto+de+Galinhas%2C+Pernambuco&checkin=2026-09-04&checkout=2026-09-07&group_adults=2&no_rooms=1&group_children=&age=&selected_currency=BRL,https://www.google.com/travel/explore?tfs=CBwQAxopEgoyMDI2LTA2LTEzag0IAxIJL20vMDIycGZtcgwIBBIIL20vMDJqNzEaKRIKMjAyNi0wNi0xNGoMCAQSCC9tLzAyajcxcg0IAxIJL20vMDIycGZtQAFIAXABggELCP___________wGYAQGyAQIgAQ&tfu=GioaKAoSCQl02cp_wzvAEYDM2gcriUbAEhIJbf7U094ERMARQGbtgwWeVMA&hl=pt&curr=BRL,12635.0
83,BPS,Porto Seguro,Brazil,2026-09-04,booking,6551,1020,3,Campo Bahia,https://www.booking.com/searchresults.pt-br.html?ss=Campo+Bahia+Hotel+Villas+Spa&checkin=2026-09-04&checkout=2026-09-07&group_adults=2&no_rooms=1&group_children=&age=&selected_currency=BRL,https://www.google.com/travel/explore?tfs=CBwQAxopEgoyMDI2LTA2LTEzag0IAxIJL20vMDIycGZtcgwIBBIIL20vMDJqNzEaKRIKMjAyNi0wNi0xNGoMCAQSCC9tLzAyajcxcg0IAxIJL20vMDIycGZtQAFIAXABggELCP___________wGYAQGyAQIgAQ&tfu=GioaKAoSCQl02cp_wzvAEYDM2gcriUbAEhIJbf7U094ERMARQGbtgwWeVMA&hl=pt&curr=BRL,12671.0
122,FLN,Florianópolis,Brazil,2026-09-04,booking,6573,1020,3,Naatooh Guest Houses,https://www.booking.com/searchresults.pt-br.html?ss=Naatooh+Guest+Houses%2C+Florian%C3%B3polis%2C+Santa+Catarina&checkin=2026-09-04&checkout=2026-09-07&group_adults=2&no_rooms=1&group_children=&age=&selected_currency=BRL,https://www.google.com/travel/explore?tfs=CBwQAxopEgoyMDI2LTA2LTEzag0IAxIJL20vMDIycGZtcgwIBBIIL20vMDJqNzEaKRIKMjAyNi0wNi0xNGoMCAQSCC9tLzAyajcxcg0IAxIJL20vMDIycGZtQAFIAXABggELCP___________wGYAQGyAQIgAQ&tfu=GioaKAoSCfGsOLrXgkLAEYDM2geLYUrAEhIJjwdQ_nX2R8ARQGbtgzWKVsA&hl=pt&curr=BRL,12693.0
112,UDI,Uberlândia,Brazil,2026-09-04,booking,6602,1020,3,Cavaleiro dos Pireneus,https://www.booking.com/searchresults.pt-br.html?ss=Pousada+Cavaleiro+dos+Pireneus%2C+Piren%C3%B3polis&checkin=2026-09-04&checkout=2026-09-07&group_adults=2&no_rooms=1&group_children=&age=&selected_currency=BRL,https://www.google.com/travel/explore?tfs=CBwQAxopEgoyMDI2LTA2LTEzag0IAxIJL20vMDIycGZtcgwIBBIIL20vMDJqNzEaKRIKMjAyNi0wNi0xNGoMCAQSCC9tLzAyajcxcg0IAxIJL20vMDIycGZtQAFIAXABggELCP___________wGYAQGyAQIgAQ&tfu=GioaKAoSCfGsOLrXgkLAEYDM2geLYUrAEhIJjwdQ_nX2R8ARQGbtgzWKVsA&hl=pt&curr=BRL,12722.0
33,EZE,Unknown,Unknown,2026-09-04,booking,6613,1020,3,Mio Buenos Aires,https://www.booking.com/searchresults.pt-br.html?ss=Mio+Buenos+Aires%2C+Buenos+Aires%2C+Argentina&checkin=2026-09-04&checkout=2026-09-07&group_adults=2&no_rooms=1&group_children=&age=&selected_currency=BRL,https://www.google.com/travel/explore?tfs=CBwQAxopEgoyMDI2LTA2LTEzag0IAxIJL20vMDIycGZtcgwIBBIIL20vMDJqNzEaKRIKMjAyNi0wNi0xNGoMCAQSCC9tLzAyajcxcg0IAxIJL20vMDIycGZtQAFIAXABggELCP___________wGYAQGyAQIgAQ&tfu=GioaKAoSCfGsOLrXgkLAEYDM2geLYUrAEhIJjwdQ_nX2R8ARQGbtgzWKVsA&hl=pt&curr=BRL,12733.0
71,PFB,Passo Fundo,Brazil,2026-09-04,booking,6654,1020,3,Machadinho,https://www.booking.com/searchresults.pt-br.html?ss=Machadinho+Thermas+Resort+SPA&checkin=2026-09-04&checkout=2026-09-07&group_adults=2&no_rooms=1&group_children=&age=&selected_currency=BRL,https://www.google.com/travel/explore?tfs=CBwQAxopEgoyMDI2LTA2LTEzag0IAxIJL20vMDIycGZtcgwIBBIIL20vMDJqNzEaKRIKMjAyNi0wNi0xNGoMCAQSCC9tLzAyajcxcg0IAxIJL20vMDIycGZtQAFIAXABggELCP___________wGYAQGyAQIgAQ&tfu=GioaKAoSCQl02cp_wzvAEYDM2gcriUbAEhIJbf7U094ERMARQGbtgwWeVMA&hl=pt&curr=BRL,12774.0
132,SJP,São José do Rio Preto,Brazil,2026-09-04,booking,6728,1020,3,Celebration Resort (com Ingressos),https://www.booking.com/searchresults.pt-br.html?ss=Hot+Beach+Celebration%2C+Ol%C3%ADmpia%2C+Estado+de+S%C3%A3o+Paulo%2C+Brasil&checkin=2026-09-04&checkout=2026-09-07&group_adults=2&no_rooms=1&group_children=&age=&selected_currency=BRL,https://www.google.com/travel/explore?tfs=CBwQAxopEgoyMDI2LTA2LTEzag0IAxIJL20vMDIycGZtcgwIBBIIL20vMDJqNzEaKRIKMjAyNi0wNi0xNGoMCAQSCC9tLzAyajcxcg0IAxIJL20vMDIycGZtQAFIAXABggELCP___________wGYAQGyAQIgAQ&tfu=GioaKAoSCfGsOLrXgkLAEYDM2geLYUrAEhIJjwdQ_nX2R8ARQGbtgzWKVsA&hl=pt&curr=BRL,12848.0
32,BUE,Unknown,Unknown,2026-09-05,booking,6752,1020,2,Palacio Duhau - Park Hyatt Buenos Aires,https://www.booking.com/searchresults.pt-br.html?ss=Palacio+Duhau+-+Park+Hyatt+Buenos+Aires%2C+Buenos+Aires%2C+Argentina&checkin=2026-09-05&checkout=2026-09-07&group_adults=2&no_rooms=1&group_children=&age=&selected_currency=BRL,https://www.google.com/travel/explore?tfs=CBwQAxopEgoyMDI2LTA2LTEzag0IAxIJL20vMDIycGZtcgwIBBIIL20vMDJqNzEaKRIKMjAyNi0wNi0xNGoMCAQSCC9tLzAyajcxcg0IAxIJL20vMDIycGZtQAFIAXABggELCP___________wGYAQGyAQIgAQ&tfu=GioaKAoSCQl02cp_wzvAEYDM2gcriUbAEhIJbf7U094ERMARQGbtgwWeVMA&hl=pt&curr=BRL,12872.0
70,CXJ,Caxias do Sul,Brazil,2026-09-05,booking,6791,1020,2,Castelo Saint Andrews,https://www.booking.com/searchresults.pt-br.html?ss=Castelo+Saint+Andrews%2C+Gramado%2C+Rio+Grande+do+Sul%2C+Brasil&checkin=2026-09-05&checkout=2026-09-07&group_adults=2&no_rooms=1&group_children=&age=&selected_currency=BRL,https://www.google.com/travel/explore?tfs=CBwQAxopEgoyMDI2LTA2LTEzag0IAxIJL20vMDIycGZtcgwIBBIIL20vMDJqNzEaKRIKMjAyNi0wNi0xNGoMCAQSCC9tLzAyajcxcg0IAxIJL20vMDIycGZtQAFIAXABggELCP___________wGYAQGyAQIgAQ&tfu=GioaKAoSCfGsOLrXgkLAEYDM2geLYUrAEhIJjwdQ_nX2R8ARQGbtgzWKVsA&hl=pt&curr=BRL,12911.0
120,CGB,Cuiabá,Brazil,2026-09-04,booking,6976,1020,3,Malai Manso Indep.,https://www.booking.com/searchresults.pt-br.html?ss=Malai+Manso+Cotista+-+Resort+Acomoda%C3%A7%C3%B5es+4+hosp%2C+Retiro&checkin=2026-09-04&checkout=2026-09-07&group_adults=2&no_rooms=1&group_children=&age=&selected_currency=BRL,https://www.google.com/travel/explore?tfs=CBwQAxopEgoyMDI2LTA2LTEzag0IAxIJL20vMDIycGZtcgwIBBIIL20vMDJqNzEaKRIKMjAyNi0wNi0xNGoMCAQSCC9tLzAyajcxcg0IAxIJL20vMDIycGZtQAFIAXABggELCP___________wGYAQGyAQIgAQ&tfu=GioaKAoSCfGsOLrXgkLAEYDM2geLYUrAEhIJjwdQ_nX2R8ARQGbtgzWKVsA&hl=pt&curr=BRL,13096.0
100,JOI,Joinville,Brazil,2026-09-04,booking,6978,1020,3,Piazito (90km),https://www.booking.com/searchresults.pt-br.html?ss=Piazito+Park+Hotel%2C+Fragosos%2C+Santa+Catarina&checkin=2026-09-04&checkout=2026-09-07&group_adults=2&no_rooms=1&group_children=&age=&selected_currency=BRL,https://www.google.com/travel/explore?tfs=CBwQAxopEgoyMDI2LTA2LTEzag0IAxIJL20vMDIycGZtcgwIBBIIL20vMDJqNzEaKRIKMjAyNi0wNi0xNGoMCAQSCC9tLzAyajcxcg0IAxIJL20vMDIycGZtQAFIAXABggELCP___________wGYAQGyAQIgAQ&tfu=GioaKAoSCfGsOLrXgkLAEYDM2geLYUrAEhIJjwdQ_nX2R8ARQGbtgzWKVsA&hl=pt&curr=BRL,13098.0
102,LDB,Londrina,Brazil,2026-09-04,booking,7011,1020,3,Aguativa Golf Resort (56km),https://www.booking.com/searchresults.pt-br.html?ss=Aguativa+Golf+Resort%2C+Corn%C3%A9lio+Proc%C3%B3pio%2C+Paran%C3%A1&checkin=2026-09-04&checkout=2026-09-07&group_adults=2&no_rooms=1&group_children=&age=&selected_currency=BRL,https://www.google.com/travel/explore?tfs=CBwQAxopEgoyMDI2LTA2LTEzag0IAxIJL20vMDIycGZtcgwIBBIIL20vMDJqNzEaKRIKMjAyNi0wNi0xNGoMCAQSCC9tLzAyajcxcg0IAxIJL20vMDIycGZtQAFIAXABggELCP___________wGYAQGyAQIgAQ&tfu=GioaKAoSCfGsOLrXgkLAEYDM2geLYUrAEhIJjwdQ_nX2R8ARQGbtgzWKVsA&hl=pt&curr=BRL,13131.0
5,AEP,Buenos Aires,Argentina,2026-09-05,booking,7062,1020,2,Four Seasons Hotel Buenos Aires,https://www.booking.com/searchresults.pt-br.html?ss=Four+Seasons+Hotel+Buenos+Aires%2C+Buenos+Aires%2C+Argentina&checkin=2026-09-05&checkout=2026-09-07&group_adults=2&no_rooms=1&group_children=&age=&selected_currency=BRL,https://www.google.com/travel/explore?tfs=CBwQAxopEgoyMDI2LTA2LTEzag0IAxIJL20vMDIycGZtcgwIBBIIL20vMDJqNzEaKRIKMjAyNi0wNi0xNGoMCAQSCC9tLzAyajcxcg0IAxIJL20vMDIycGZtQAFIAXABggELCP___________wGYAQGyAQIgAQ&tfu=GioaKAoSCfGsOLrXgkLAEYDM2geLYUrAEhIJjwdQ_nX2R8ARQGbtgzWKVsA&hl=pt&curr=BRL,13182.0
34,EZE,Unknown,Unknown,2026-09-05,booking,7062,1020,2,Four Seasons Hotel Buenos Aires,https://www.booking.com/searchresults.pt-br.html?ss=Four+Seasons+Hotel+Buenos+Aires%2C+Buenos+Aires%2C+Argentina&checkin=2026-09-05&checkout=2026-09-07&group_adults=2&no_rooms=1&group_children=&age=&selected_currency=BRL,https://www.google.com/travel/explore?tfs=CBwQAxopEgoyMDI2LTA2LTEzag0IAxIJL20vMDIycGZtcgwIBBIIL20vMDJqNzEaKRIKMjAyNi0wNi0xNGoMCAQSCC9tLzAyajcxcg0IAxIJL20vMDIycGZtQAFIAXABggELCP___________wGYAQGyAQIgAQ&tfu=GioaKAoSCQl02cp_wzvAEYDM2gcriUbAEhIJbf7U094ERMARQGbtgwWeVMA&hl=pt&curr=BRL,13182.0
200,CGH,São Paulo,Brasil,2026-09-05,booking,7100,1020,2,Hotel Vila Inglesa (Campos),https://www.booking.com/searchresults.pt-br.html?ss=Hotel+Vila+Inglesa%2C+Campos+do+Jord%C3%A3o&checkin=2026-09-05&checkout=2026-09-07&group_adults=2&no_rooms=1&group_children=&age=&selected_currency=BRL,https://www.google.com/travel/explore?tfs=CBwQAxopEgoyMDI2LTA2LTEzag0IAxIJL20vMDIycGZtcgwIBBIIL20vMDJqNzEaKRIKMjAyNi0wNi0xNGoMCAQSCC9tLzAyajcxcg0IAxIJL20vMDIycGZtQAFIAXABggELCP___________wGYAQGyAQIgAQ&tfu=GioaKAoSCQl02cp_wzvAEYDM2gcriUbAEhIJbf7U094ERMARQGbtgwWeVMA&hl=pt&curr=BRL,13220.0
15,USH,Ushuaia,Argentina,2026-09-05,booking,7353,1020,2,Arakur Ushuaia Resort & Spa,https://www.booking.com/searchresults.pt-br.html?ss=Arakur+Ushuaia+Resort+%26+Spa%2C+Ushuaia%2C+Terra+do+Fogo+%28Ushuaia+Ski%29%2C+Argentina&checkin=2026-09-05&checkout=2026-09-07&group_adults=2&no_rooms=1&group_children=&age=&selected_currency=BRL,https://www.google.com/travel/explore?tfs=CBwQAxopEgoyMDI2LTA2LTEzag0IAxIJL20vMDIycGZtcgwIBBIIL20vMDJqNzEaKRIKMjAyNi0wNi0xNGoMCAQSCC9tLzAyajcxcg0IAxIJL20vMDIycGZtQAFIAXABggELCP___________wGYAQGyAQIgAQ&tfu=GioaKAoSCfGsOLrXgkLAEYDM2geLYUrAEhIJjwdQ_nX2R8ARQGbtgzWKVsA&hl=pt&curr=BRL,13473.0
108,IGU,Foz do Iguaçu,Brazil,2026-09-04,booking,7450,1020,3,Las Boutique (prox Aero),https://www.booking.com/searchresults.pt-br.html?ss=LAS+HOTEL+BOUTIQUE%2C+Foz+do+Igua%C3%A7u%2C+Paran%C3%A1&checkin=2026-09-04&checkout=2026-09-07&group_adults=2&no_rooms=1&group_children=&age=&selected_currency=BRL,https://www.google.com/travel/explore?tfs=CBwQAxopEgoyMDI2LTA2LTEzag0IAxIJL20vMDIycGZtcgwIBBIIL20vMDJqNzEaKRIKMjAyNi0wNi0xNGoMCAQSCC9tLzAyajcxcg0IAxIJL20vMDIycGZtQAFIAXABggELCP___________wGYAQGyAQIgAQ&tfu=GioaKAoSCfGsOLrXgkLAEYDM2geLYUrAEhIJjwdQ_nX2R8ARQGbtgzWKVsA&hl=pt&curr=BRL,13570.0
83,BPS,Porto Seguro,Brazil,2026-09-04,booking,7463,1020,3,Aketá Hotel Boutique,https://www.booking.com/searchresults.pt-br.html?ss=Aket%C3%A1+Hotel+Boutique%2C+Trancoso%2C+Bahia%2C+Brasil&checkin=2026-09-04&checkout=2026-09-07&group_adults=2&no_rooms=1&group_children=&age=&selected_currency=BRL,https://www.google.com/travel/explore?tfs=CBwQAxopEgoyMDI2LTA2LTEzag0IAxIJL20vMDIycGZtcgwIBBIIL20vMDJqNzEaKRIKMjAyNi0wNi0xNGoMCAQSCC9tLzAyajcxcg0IAxIJL20vMDIycGZtQAFIAXABggELCP___________wGYAQGyAQIgAQ&tfu=GioaKAoSCQl02cp_wzvAEYDM2gcriUbAEhIJbf7U094ERMARQGbtgwWeVMA&hl=pt&curr=BRL,13583.0
102,LDB,Londrina,Brazil,2026-09-04,booking,7596,1020,3,Daj Resort & Marina (199km),https://www.booking.com/searchresults.pt-br.html?ss=Daj+Resort+%26+Marina%2C+Ribeir%C3%A3o+Claro&checkin=2026-09-04&checkout=2026-09-07&group_adults=2&no_rooms=1&group_children=&age=&selected_currency=BRL,https://www.google.com/travel/explore?tfs=CBwQAxopEgoyMDI2LTA2LTEzag0IAxIJL20vMDIycGZtcgwIBBIIL20vMDJqNzEaKRIKMjAyNi0wNi0xNGoMCAQSCC9tLzAyajcxcg0IAxIJL20vMDIycGZtQAFIAXABggELCP___________wGYAQGyAQIgAQ&tfu=GioaKAoSCfGsOLrXgkLAEYDM2geLYUrAEhIJjwdQ_nX2R8ARQGbtgzWKVsA&hl=pt&curr=BRL,13716.0
109,IGU,Foz do Iguaçu,Brazil,2026-09-05,booking,7668,1020,2,Sanma (prox Aero),https://www.booking.com/searchresults.pt-br.html?ss=Sanma+Hotel%2C+Foz+do+Igua%C3%A7u%2C+Paran%C3%A1&checkin=2026-09-05&checkout=2026-09-07&group_adults=2&no_rooms=1&group_children=&age=&selected_currency=BRL,https://www.google.com/travel/explore?tfs=CBwQAxopEgoyMDI2LTA2LTEzag0IAxIJL20vMDIycGZtcgwIBBIIL20vMDJqNzEaKRIKMjAyNi0wNi0xNGoMCAQSCC9tLzAyajcxcg0IAxIJL20vMDIycGZtQAFIAXABggELCP___________wGYAQGyAQIgAQ&tfu=GioaKAoSCQl02cp_wzvAEYDM2gcriUbAEhIJbf7U094ERMARQGbtgwWeVMA&hl=pt&curr=BRL,13788.0
84,BPS,Porto Seguro,Brazil,2026-09-05,booking,7744,1020,2,Casa do Bosque - Trancoso,https://www.booking.com/searchresults.pt-br.html?ss=Casa+do+Bosque+-+Trancoso%2C+Bahia%2C+Porto+Seguro%2C+Bahia%2C+Brasil&checkin=2026-09-05&checkout=2026-09-07&group_adults=2&no_rooms=1&group_children=&age=&selected_currency=BRL,https://www.google.com/travel/explore?tfs=CBwQAxopEgoyMDI2LTA2LTEzag0IAxIJL20vMDIycGZtcgwIBBIIL20vMDJqNzEaKRIKMjAyNi0wNi0xNGoMCAQSCC9tLzAyajcxcg0IAxIJL20vMDIycGZtQAFIAXABggELCP___________wGYAQGyAQIgAQ&tfu=GioaKAoSCfGsOLrXgkLAEYDM2geLYUrAEhIJjwdQ_nX2R8ARQGbtgzWKVsA&hl=pt&curr=BRL,13864.0
90,GIG,Rio de Janeiro,Brasil,2026-09-05,booking,7795,1020,2,Fairmont Rio de Janeiro Copacabana,https://www.booking.com/searchresults.pt-br.html?ss=Fairmont+Rio+de+Janeiro+Copacabana%2C+Rio+de+Janeiro%2C+Estado+do+Rio+de+Janeiro%2C+Brasil&checkin=2026-09-05&checkout=2026-09-07&group_adults=2&no_rooms=1&group_children=&age=&selected_currency=BRL,https://www.google.com/travel/explore?tfs=CBwQAxopEgoyMDI2LTA2LTEzag0IAxIJL20vMDIycGZtcgwIBBIIL20vMDJqNzEaKRIKMjAyNi0wNi0xNGoMCAQSCC9tLzAyajcxcg0IAxIJL20vMDIycGZtQAFIAXABggELCP___________wGYAQGyAQIgAQ&tfu=GioaKAoSCfGsOLrXgkLAEYDM2geLYUrAEhIJjwdQ_nX2R8ARQGbtgzWKVsA&hl=pt&curr=BRL,13915.0
105,RIO,Rio de Janeiro,Brasil,2026-09-05,booking,7795,1020,2,Fairmont Rio de Janeiro Copacabana,https://www.booking.com/searchresults.pt-br.html?ss=Fairmont+Rio+de+Janeiro+Copacabana%2C+Rio+de+Janeiro%2C+Estado+do+Rio+de+Janeiro%2C+Brasil&checkin=2026-09-05&checkout=2026-09-07&group_adults=2&no_rooms=1&group_children=&age=&selected_currency=BRL,https://www.google.com/travel/explore?tfs=CBwQAxopEgoyMDI2LTA2LTEzag0IAxIJL20vMDIycGZtcgwIBBIIL20vMDJqNzEaKRIKMjAyNi0wNi0xNGoMCAQSCC9tLzAyajcxcg0IAxIJL20vMDIycGZtQAFIAXABggELCP___________wGYAQGyAQIgAQ&tfu=GioaKAoSCQl02cp_wzvAEYDM2gcriUbAEhIJbf7U094ERMARQGbtgwWeVMA&hl=pt&curr=BRL,13915.0
55,MAO,Manaus,Brazil,2026-09-04,booking,7920,1020,3,Hotel Villa Amazônia (Centro),https://www.booking.com/searchresults.pt-br.html?ss=Hotel+Villa+Amaz%C3%B4nia%2C+Manaus&checkin=2026-09-04&checkout=2026-09-07&group_adults=2&no_rooms=1&group_children=&age=&selected_currency=BRL,https://www.google.com/travel/explore?tfs=CBwQAxopEgoyMDI2LTA2LTEzag0IAxIJL20vMDIycGZtcgwIBBIIL20vMDJqNzEaKRIKMjAyNi0wNi0xNGoMCAQSCC9tLzAyajcxcg0IAxIJL20vMDIycGZtQAFIAXABggELCP___________wGYAQGyAQIgAQ&tfu=GioaKAoSCQl02cp_wzvAEYDM2gcriUbAEhIJbf7U094ERMARQGbtgwWeVMA&hl=pt&curr=BRL,14040.0
98,AJU,Aracaju,Brazil,2026-09-04,booking,8014,1020,3,Vidam,https://www.booking.com/searchresults.pt-br.html?ss=Vidam+Hotel+Aracaju&checkin=2026-09-04&checkout=2026-09-07&group_adults=2&no_rooms=1&group_children=&age=&selected_currency=BRL,https://www.google.com/travel/explore?tfs=CBwQAxopEgoyMDI2LTA2LTEzag0IAxIJL20vMDIycGZtcgwIBBIIL20vMDJqNzEaKRIKMjAyNi0wNi0xNGoMCAQSCC9tLzAyajcxcg0IAxIJL20vMDIycGZtQAFIAXABggELCP___________wGYAQGyAQIgAQ&tfu=GioaKAoSCfGsOLrXgkLAEYDM2geLYUrAEhIJjwdQ_nX2R8ARQGbtgzWKVsA&hl=pt&curr=BRL,14134.0
93,JJG,Jaguaruna,Brazil,2026-09-04,booking,8045,1020,3,Rio do Rastro Eco (92km),https://www.booking.com/searchresults.pt-br.html?ss=Rio+do+Rastro+Eco+Resort%2C+Bom+Jardim+da+Serra%2C+Santa+Catarina&checkin=2026-09-04&checkout=2026-09-07&group_adults=2&no_rooms=1&group_children=&age=&selected_currency=BRL,https://www.google.com/travel/explore?tfs=CBwQAxopEgoyMDI2LTA2LTEzag0IAxIJL20vMDIycGZtcgwIBBIIL20vMDJqNzEaKRIKMjAyNi0wNi0xNGoMCAQSCC9tLzAyajcxcg0IAxIJL20vMDIycGZtQAFIAXABggELCP___________wGYAQGyAQIgAQ&tfu=GioaKAoSCQl02cp_wzvAEYDM2gcriUbAEhIJbf7U094ERMARQGbtgwWeVMA&hl=pt&curr=BRL,14165.0
108,IGU,Foz do Iguaçu,Brazil,2026-09-04,booking,8170,1020,3,Wish Foz do Iguaçu,https://www.booking.com/searchresults.pt-br.html?ss=Wish+Foz+do+Igua%C3%A7u%2C+Foz+do+Igua%C3%A7u%2C+Paran%C3%A1&checkin=2026-09-04&checkout=2026-09-07&group_adults=2&no_rooms=1&group_children=&age=&selected_currency=BRL,https://www.google.com/travel/explore?tfs=CBwQAxopEgoyMDI2LTA2LTEzag0IAxIJL20vMDIycGZtcgwIBBIIL20vMDJqNzEaKRIKMjAyNi0wNi0xNGoMCAQSCC9tLzAyajcxcg0IAxIJL20vMDIycGZtQAFIAXABggELCP___________wGYAQGyAQIgAQ&tfu=GioaKAoSCfGsOLrXgkLAEYDM2geLYUrAEhIJjwdQ_nX2R8ARQGbtgzWKVsA&hl=pt&curr=BRL,14290.0
69,CXJ,Caxias do Sul,Brazil,2026-09-04,booking,8182,1020,3,Hotel Valle D'incanto,https://www.booking.com/searchresults.pt-br.html?ss=Hotel+Valle+Dincanto%2C+Gramado&checkin=2026-09-04&checkout=2026-09-07&group_adults=2&no_rooms=1&group_children=&age=&selected_currency=BRL,https://www.google.com/travel/explore?tfs=CBwQAxopEgoyMDI2LTA2LTEzag0IAxIJL20vMDIycGZtcgwIBBIIL20vMDJqNzEaKRIKMjAyNi0wNi0xNGoMCAQSCC9tLzAyajcxcg0IAxIJL20vMDIycGZtQAFIAXABggELCP___________wGYAQGyAQIgAQ&tfu=GioaKAoSCQl02cp_wzvAEYDM2gcriUbAEhIJbf7U094ERMARQGbtgwWeVMA&hl=pt&curr=BRL,14302.0
134,JPA,João Pessoa,Brazil,2026-09-04,booking,8187,1020,3,Toca da Coruja (139km),https://www.booking.com/searchresults.pt-br.html?ss=Toca+da+Coruja%2C+Pipa&checkin=2026-09-04&checkout=2026-09-07&group_adults=2&no_rooms=1&group_children=&age=&selected_currency=BRL,https://www.google.com/travel/explore?tfs=CBwQAxopEgoyMDI2LTA2LTEzag0IAxIJL20vMDIycGZtcgwIBBIIL20vMDJqNzEaKRIKMjAyNi0wNi0xNGoMCAQSCC9tLzAyajcxcg0IAxIJL20vMDIycGZtQAFIAXABggELCP___________wGYAQGyAQIgAQ&tfu=GioaKAoSCfGsOLrXgkLAEYDM2geLYUrAEhIJjwdQ_nX2R8ARQGbtgzWKVsA&hl=pt&curr=BRL,14307.0
60,CPV,Campina Grande,Brazil,2026-09-04,booking,8187,1020,3,Toca da Coruja (139km),https://www.booking.com/searchresults.pt-br.html?ss=Toca+da+Coruja%2C+Pipa&checkin=2026-09-04&checkout=2026-09-07&group_adults=2&no_rooms=1&group_children=&age=&selected_currency=BRL,https://www.google.com/travel/explore?tfs=CBwQAxopEgoyMDI2LTA2LTEzag0IAxIJL20vMDIycGZtcgwIBBIIL20vMDJqNzEaKRIKMjAyNi0wNi0xNGoMCAQSCC9tLzAyajcxcg0IAxIJL20vMDIycGZtQAFIAXABggELCP___________wGYAQGyAQIgAQ&tfu=GioaKAoSCfGsOLrXgkLAEYDM2geLYUrAEhIJjwdQ_nX2R8ARQGbtgzWKVsA&hl=pt&curr=BRL,14307.0
86,REC,Recife,Brazil,2026-09-05,booking,8215,1020,2,Nannai,https://www.booking.com/searchresults.pt-br.html?ss=NANNAI+Muro+Alto&checkin=2026-09-05&checkout=2026-09-07&group_adults=2&no_rooms=1&group_children=&age=&selected_currency=BRL,https://www.google.com/travel/explore?tfs=CBwQAxopEgoyMDI2LTA2LTEzag0IAxIJL20vMDIycGZtcgwIBBIIL20vMDJqNzEaKRIKMjAyNi0wNi0xNGoMCAQSCC9tLzAyajcxcg0IAxIJL20vMDIycGZtQAFIAXABggELCP___________wGYAQGyAQIgAQ&tfu=GioaKAoSCfGsOLrXgkLAEYDM2geLYUrAEhIJjwdQ_nX2R8ARQGbtgzWKVsA&hl=pt&curr=BRL,14335.0
47,SSA,Salvador,Brazil,2026-09-04,booking,8225,1020,3,Sauipe Brisa Premium,https://www.booking.com/searchresults.pt-br.html?ss=Sauipe+Brisa+Grand+Premium+All+Inclusive%2C+Costa+do+Sau%C3%ADpe%2C+Bahia&checkin=2026-09-04&checkout=2026-09-07&group_adults=2&no_rooms=1&group_children=&age=&selected_currency=BRL,https://www.google.com/travel/explore?tfs=CBwQAxopEgoyMDI2LTA2LTEzag0IAxIJL20vMDIycGZtcgwIBBIIL20vMDJqNzEaKRIKMjAyNi0wNi0xNGoMCAQSCC9tLzAyajcxcg0IAxIJL20vMDIycGZtQAFIAXABggELCP___________wGYAQGyAQIgAQ&tfu=GioaKAoSCQl02cp_wzvAEYDM2gcriUbAEhIJbf7U094ERMARQGbtgwWeVMA&hl=pt&curr=BRL,14345.0
156,CJC,Calama,Chile,2026-09-05,booking,8315,1020,2,UNAI Atacama Luxury Tents,https://www.booking.com/searchresults.pt-br.html?ss=UNAI+Atacama+Luxury+Tents%2C+San+Pedro+de+Atacama%2C+Antofagasta%2C+Chile&checkin=2026-09-05&checkout=2026-09-07&group_adults=2&no_rooms=1&group_children=&age=&selected_currency=BRL,https://www.google.com/travel/explore?tfs=CBwQAxopEgoyMDI2LTA2LTEzag0IAxIJL20vMDIycGZtcgwIBBIIL20vMDJqNzEaKRIKMjAyNi0wNi0xNGoMCAQSCC9tLzAyajcxcg0IAxIJL20vMDIycGZtQAFIAXABggELCP___________wGYAQGyAQIgAQ&tfu=GioaKAoSCfGsOLrXgkLAEYDM2geLYUrAEhIJjwdQ_nX2R8ARQGbtgzWKVsA&hl=pt&curr=BRL,14435.0
74,JJD,Cruz (Jericoacoara),Brazil,2026-09-05,booking,8362,1020,2,Club do Mar,https://www.booking.com/searchresults.pt-br.html?ss=Club+de+Mar+Condo+Hotel%2C+Icara%C3%AD&checkin=2026-09-05&checkout=2026-09-07&group_adults=2&no_rooms=1&group_children=&age=&selected_currency=BRL,https://www.google.com/travel/explore?tfs=CBwQAxopEgoyMDI2LTA2LTEzag0IAxIJL20vMDIycGZtcgwIBBIIL20vMDJqNzEaKRIKMjAyNi0wNi0xNGoMCAQSCC9tLzAyajcxcg0IAxIJL20vMDIycGZtQAFIAXABggELCP___________wGYAQGyAQIgAQ&tfu=GioaKAoSCfGsOLrXgkLAEYDM2geLYUrAEhIJjwdQ_nX2R8ARQGbtgzWKVsA&hl=pt&curr=BRL,14482.0
109,IGU,Foz do Iguaçu,Brazil,2026-09-05,booking,8557,1020,2,Gran Melia (ARG),https://www.booking.com/searchresults.pt-br.html?ss=Gran+Meli%C3%A1+Iguaz%C3%BA%2C+Puerto+Iguaz%C3%BA%2C+Misiones%2C+Argentina&checkin=2026-09-05&checkout=2026-09-07&group_adults=2&no_rooms=1&group_children=&age=&selected_currency=BRL,https://www.google.com/travel/explore?tfs=CBwQAxopEgoyMDI2LTA2LTEzag0IAxIJL20vMDIycGZtcgwIBBIIL20vMDJqNzEaKRIKMjAyNi0wNi0xNGoMCAQSCC9tLzAyajcxcg0IAxIJL20vMDIycGZtQAFIAXABggELCP___________wGYAQGyAQIgAQ&tfu=GioaKAoSCQl02cp_wzvAEYDM2gcriUbAEhIJbf7U094ERMARQGbtgwWeVMA&hl=pt&curr=BRL,14677.0
148,SDU,Rio de Janeiro,Brasil,2026-09-04,booking,8640,1020,3,Hotel Portobello Resort & Safari,https://www.booking.com/searchresults.pt-br.html?ss=Hotel+Portobello+Resort+%26+Safari%2C+Mangaratiba%2C+Estado+do+Rio+de+Janeiro%2C+Brasil&checkin=2026-09-04&checkout=2026-09-07&group_adults=2&no_rooms=1&group_children=&age=&selected_currency=BRL,https://www.google.com/travel/explore?tfs=CBwQAxopEgoyMDI2LTA2LTEzag0IAxIJL20vMDIycGZtcgwIBBIIL20vMDJqNzEaKRIKMjAyNi0wNi0xNGoMCAQSCC9tLzAyajcxcg0IAxIJL20vMDIycGZtQAFIAXABggELCP___________wGYAQGyAQIgAQ&tfu=GioaKAoSCfGsOLrXgkLAEYDM2geLYUrAEhIJjwdQ_nX2R8ARQGbtgzWKVsA&hl=pt&curr=BRL,14760.0
104,RIO,Rio de Janeiro,Brasil,2026-09-04,booking,8640,1020,3,Hotel Portobello Resort & Safari,https://www.booking.com/searchresults.pt-br.html?ss=Hotel+Portobello+Resort+%26+Safari%2C+Mangaratiba%2C+Estado+do+Rio+de+Janeiro%2C+Brasil&checkin=2026-09-04&checkout=2026-09-07&group_adults=2&no_rooms=1&group_children=&age=&selected_currency=BRL,https://www.google.com/travel/explore?tfs=CBwQAxopEgoyMDI2LTA2LTEzag0IAxIJL20vMDIycGZtcgwIBBIIL20vMDJqNzEaKRIKMjAyNi0wNi0xNGoMCAQSCC9tLzAyajcxcg0IAxIJL20vMDIycGZtQAFIAXABggELCP___________wGYAQGyAQIgAQ&tfu=GioaKAoSCfGsOLrXgkLAEYDM2geLYUrAEhIJjwdQ_nX2R8ARQGbtgzWKVsA&hl=pt&curr=BRL,14760.0
93,JJG,Jaguaruna,Brazil,2026-09-04,booking,8682,1020,3,Cerro Azul (300km),https://www.booking.com/searchresults.pt-br.html?ss=Cerro+Azul+Hotel+Fazenda%2C+Cap%C3%A3o+Alto%2C+Santa+Catarina&checkin=2026-09-04&checkout=2026-09-07&group_adults=2&no_rooms=1&group_children=&age=&selected_currency=BRL,https://www.google.com/travel/explore?tfs=CBwQAxopEgoyMDI2LTA2LTEzag0IAxIJL20vMDIycGZtcgwIBBIIL20vMDJqNzEaKRIKMjAyNi0wNi0xNGoMCAQSCC9tLzAyajcxcg0IAxIJL20vMDIycGZtQAFIAXABggELCP___________wGYAQGyAQIgAQ&tfu=GioaKAoSCQl02cp_wzvAEYDM2gcriUbAEhIJbf7U094ERMARQGbtgwWeVMA&hl=pt&curr=BRL,14802.0
4,AEP,Buenos Aires,Argentina,2026-09-04,booking,8771,1020,3,Faena Hotel Buenos Aires,https://www.booking.com/searchresults.pt-br.html?ss=Faena+Hotel+Buenos+Aires%2C+Buenos+Aires%2C+Argentina&checkin=2026-09-04&checkout=2026-09-07&group_adults=2&no_rooms=1&group_children=&age=&selected_currency=BRL,https://www.google.com/travel/explore?tfs=CBwQAxopEgoyMDI2LTA2LTEzag0IAxIJL20vMDIycGZtcgwIBBIIL20vMDJqNzEaKRIKMjAyNi0wNi0xNGoMCAQSCC9tLzAyajcxcg0IAxIJL20vMDIycGZtQAFIAXABggELCP___________wGYAQGyAQIgAQ&tfu=GioaKAoSCQl02cp_wzvAEYDM2gcriUbAEhIJbf7U094ERMARQGbtgwWeVMA&hl=pt&curr=BRL,14891.0
56,MAO,Manaus,Brazil,2026-09-05,booking,8881,1020,2,Amazon Ecopark Jungle Lodge,https://www.booking.com/searchresults.pt-br.html?ss=Amazon+Ecopark+Jungle+Lodge%2C+Manaus&checkin=2026-09-05&checkout=2026-09-07&group_adults=2&no_rooms=1&group_children=&age=&selected_currency=BRL,https://www.google.com/travel/explore?tfs=CBwQAxopEgoyMDI2LTA2LTEzag0IAxIJL20vMDIycGZtcgwIBBIIL20vMDJqNzEaKRIKMjAyNi0wNi0xNGoMCAQSCC9tLzAyajcxcg0IAxIJL20vMDIycGZtQAFIAXABggELCP___________wGYAQGyAQIgAQ&tfu=GioaKAoSCfGsOLrXgkLAEYDM2geLYUrAEhIJjwdQ_nX2R8ARQGbtgzWKVsA&hl=pt&curr=BRL,15001.0
55,MAO,Manaus,Brazil,2026-09-04,booking,8899,1020,3,Juma Opera,https://www.booking.com/searchresults.pt-br.html?ss=Juma+%C3%93pera+Boutique+Hotel+%26+Spa&checkin=2026-09-04&checkout=2026-09-07&group_adults=2&no_rooms=1&group_children=&age=&selected_currency=BRL,https://www.google.com/travel/explore?tfs=CBwQAxopEgoyMDI2LTA2LTEzag0IAxIJL20vMDIycGZtcgwIBBIIL20vMDJqNzEaKRIKMjAyNi0wNi0xNGoMCAQSCC9tLzAyajcxcg0IAxIJL20vMDIycGZtQAFIAXABggELCP___________wGYAQGyAQIgAQ&tfu=GioaKAoSCQl02cp_wzvAEYDM2gcriUbAEhIJbf7U094ERMARQGbtgwWeVMA&hl=pt&curr=BRL,15019.0
4,AEP,Buenos Aires,Argentina,2026-09-04,booking,8906,1020,3,Casa Lucia Member of Melia Collection,https://www.booking.com/searchresults.pt-br.html?ss=Casa+Lucia+Member+of+Melia+Collection%2C+Buenos+Aires%2C+Argentina&checkin=2026-09-04&checkout=2026-09-07&group_adults=2&no_rooms=1&group_children=&age=&selected_currency=BRL,https://www.google.com/travel/explore?tfs=CBwQAxopEgoyMDI2LTA2LTEzag0IAxIJL20vMDIycGZtcgwIBBIIL20vMDJqNzEaKRIKMjAyNi0wNi0xNGoMCAQSCC9tLzAyajcxcg0IAxIJL20vMDIycGZtQAFIAXABggELCP___________wGYAQGyAQIgAQ&tfu=GioaKAoSCQl02cp_wzvAEYDM2gcriUbAEhIJbf7U094ERMARQGbtgwWeVMA&hl=pt&curr=BRL,15026.0
31,BUE,Unknown,Unknown,2026-09-04,booking,8906,1020,3,Casa Lucia Member of Melia Collection,https://www.booking.com/searchresults.pt-br.html?ss=Casa+Lucia+Member+of+Melia+Collection%2C+Buenos+Aires%2C+Argentina&checkin=2026-09-04&checkout=2026-09-07&group_adults=2&no_rooms=1&group_children=&age=&selected_currency=BRL,https://www.google.com/travel/explore?tfs=CBwQAxopEgoyMDI2LTA2LTEzag0IAxIJL20vMDIycGZtcgwIBBIIL20vMDJqNzEaKRIKMjAyNi0wNi0xNGoMCAQSCC9tLzAyajcxcg0IAxIJL20vMDIycGZtQAFIAXABggELCP___________wGYAQGyAQIgAQ&tfu=GioaKAoSCfGsOLrXgkLAEYDM2geLYUrAEhIJjwdQ_nX2R8ARQGbtgzWKVsA&hl=pt&curr=BRL,15026.0
200,CGH,São Paulo,Brasil,2026-09-05,booking,8913,1020,2,Hotel Boutique Quebra-Noz,https://www.booking.com/searchresults.pt-br.html?ss=Hotel+Boutique+QUEBRA-NOZ%2C+Campos+do+Jord%C3%A3o&checkin=2026-09-05&checkout=2026-09-07&group_adults=2&no_rooms=1&group_children=&age=&selected_currency=BRL,https://www.google.com/travel/explore?tfs=CBwQAxopEgoyMDI2LTA2LTEzag0IAxIJL20vMDIycGZtcgwIBBIIL20vMDJqNzEaKRIKMjAyNi0wNi0xNGoMCAQSCC9tLzAyajcxcg0IAxIJL20vMDIycGZtQAFIAXABggELCP___________wGYAQGyAQIgAQ&tfu=GioaKAoSCQl02cp_wzvAEYDM2gcriUbAEhIJbf7U094ERMARQGbtgwWeVMA&hl=pt&curr=BRL,15033.0
85,REC,Recife,Brazil,2026-09-04,booking,9044,1020,3,Enotel,https://www.booking.com/searchresults.pt-br.html?ss=Enotel+Porto+de+Galinhas+All+Inclusive&checkin=2026-09-04&checkout=2026-09-07&group_adults=2&no_rooms=1&group_children=&age=&selected_currency=BRL,https://www.google.com/travel/explore?tfs=CBwQAxopEgoyMDI2LTA2LTEzag0IAxIJL20vMDIycGZtcgwIBBIIL20vMDJqNzEaKRIKMjAyNi0wNi0xNGoMCAQSCC9tLzAyajcxcg0IAxIJL20vMDIycGZtQAFIAXABggELCP___________wGYAQGyAQIgAQ&tfu=GioaKAoSCQl02cp_wzvAEYDM2gcriUbAEhIJbf7U094ERMARQGbtgwWeVMA&hl=pt&curr=BRL,15164.0
85,REC,Recife,Brazil,2026-09-04,booking,9150,1020,3,Pontal dos Carneiros,https://www.booking.com/searchresults.pt-br.html?ss=Pontal+dos+Carneiros+Beach+Bungalows&checkin=2026-09-04&checkout=2026-09-07&group_adults=2&no_rooms=1&group_children=&age=&selected_currency=BRL,https://www.google.com/travel/explore?tfs=CBwQAxopEgoyMDI2LTA2LTEzag0IAxIJL20vMDIycGZtcgwIBBIIL20vMDJqNzEaKRIKMjAyNi0wNi0xNGoMCAQSCC9tLzAyajcxcg0IAxIJL20vMDIycGZtQAFIAXABggELCP___________wGYAQGyAQIgAQ&tfu=GioaKAoSCQl02cp_wzvAEYDM2gcriUbAEhIJbf7U094ERMARQGbtgwWeVMA&hl=pt&curr=BRL,15270.0
73,JJD,Cruz (Jericoacoara),Brazil,2026-09-04,booking,9241,1020,3,Aldeia (8 pax),https://www.booking.com/searchresults.pt-br.html?ss=Aldeia+Jericoacoara&checkin=2026-09-04&checkout=2026-09-07&group_adults=2&no_rooms=1&group_children=&age=&selected_currency=BRL,https://www.google.com/travel/explore?tfs=CBwQAxopEgoyMDI2LTA2LTEzag0IAxIJL20vMDIycGZtcgwIBBIIL20vMDJqNzEaKRIKMjAyNi0wNi0xNGoMCAQSCC9tLzAyajcxcg0IAxIJL20vMDIycGZtQAFIAXABggELCP___________wGYAQGyAQIgAQ&tfu=GioaKAoSCQl02cp_wzvAEYDM2gcriUbAEhIJbf7U094ERMARQGbtgwWeVMA&hl=pt&curr=BRL,15361.0
199,CGH,São Paulo,Brasil,2026-09-04,booking,9576,1020,3,Hotel Fazenda Morros Verdes Ecolodge (Ibiuna),https://www.booking.com/searchresults.pt-br.html?ss=Hotel+Fazenda+Morros+Verdes+Ecolodge%2C+Ibi%C3%BAna%2C+Estado+de+S%C3%A3o+Paulo&checkin=2026-09-04&checkout=2026-09-07&group_adults=2&no_rooms=1&group_children=&age=&selected_currency=BRL,https://www.google.com/travel/explore?tfs=CBwQAxopEgoyMDI2LTA2LTEzag0IAxIJL20vMDIycGZtcgwIBBIIL20vMDJqNzEaKRIKMjAyNi0wNi0xNGoMCAQSCC9tLzAyajcxcg0IAxIJL20vMDIycGZtQAFIAXABggELCP___________wGYAQGyAQIgAQ&tfu=GioaKAoSCQl02cp_wzvAEYDM2gcriUbAEhIJbf7U094ERMARQGbtgwWeVMA&hl=pt&curr=BRL,15696.0
90,GIG,Rio de Janeiro,Brasil,2026-09-05,booking,9697,1020,2,Hotel Fasano Angra dos Reis,https://www.booking.com/searchresults.pt-br.html?ss=Hotel+Fasano+Angra+dos+Reis%2C+Angra+dos+Reis%2C+Estado+do+Rio+de+Janeiro%2C+Brasil&checkin=2026-09-05&checkout=2026-09-07&group_adults=2&no_rooms=1&group_children=&age=&selected_currency=BRL,https://www.google.com/travel/explore?tfs=CBwQAxopEgoyMDI2LTA2LTEzag0IAxIJL20vMDIycGZtcgwIBBIIL20vMDJqNzEaKRIKMjAyNi0wNi0xNGoMCAQSCC9tLzAyajcxcg0IAxIJL20vMDIycGZtQAFIAXABggELCP___________wGYAQGyAQIgAQ&tfu=GioaKAoSCfGsOLrXgkLAEYDM2geLYUrAEhIJjwdQ_nX2R8ARQGbtgzWKVsA&hl=pt&curr=BRL,15817.0
105,RIO,Rio de Janeiro,Brasil,2026-09-05,booking,9697,1020,2,Hotel Fasano Angra dos Reis,https://www.booking.com/searchresults.pt-br.html?ss=Hotel+Fasano+Angra+dos+Reis%2C+Angra+dos+Reis%2C+Estado+do+Rio+de+Janeiro%2C+Brasil&checkin=2026-09-05&checkout=2026-09-07&group_adults=2&no_rooms=1&group_children=&age=&selected_currency=BRL,https://www.google.com/travel/explore?tfs=CBwQAxopEgoyMDI2LTA2LTEzag0IAxIJL20vMDIycGZtcgwIBBIIL20vMDJqNzEaKRIKMjAyNi0wNi0xNGoMCAQSCC9tLzAyajcxcg0IAxIJL20vMDIycGZtQAFIAXABggELCP___________wGYAQGyAQIgAQ&tfu=GioaKAoSCQl02cp_wzvAEYDM2gcriUbAEhIJbf7U094ERMARQGbtgwWeVMA&hl=pt&curr=BRL,15817.0
144,MCZ,Maceió,Brazil,2026-09-04,booking,9766,1020,3,Pousada Haya,https://www.booking.com/searchresults.pt-br.html?ss=Pousada+Haya%2C+S%C3%A3o+Miguel+dos+Milagres&checkin=2026-09-04&checkout=2026-09-07&group_adults=2&no_rooms=1&group_children=&age=&selected_currency=BRL,https://www.google.com/travel/explore?tfs=CBwQAxopEgoyMDI2LTA2LTEzag0IAxIJL20vMDIycGZtcgwIBBIIL20vMDJqNzEaKRIKMjAyNi0wNi0xNGoMCAQSCC9tLzAyajcxcg0IAxIJL20vMDIycGZtQAFIAXABggELCP___________wGYAQGyAQIgAQ&tfu=GioaKAoSCfGsOLrXgkLAEYDM2geLYUrAEhIJjwdQ_nX2R8ARQGbtgzWKVsA&hl=pt&curr=BRL,15886.0
144,MCZ,Maceió,Brazil,2026-09-04,booking,9812,1020,3,Pousada da Amendoeira,https://www.booking.com/searchresults.pt-br.html?ss=Pousada+da+Amendoeira%2C+S%C3%A3o+Miguel+dos+Milagres&checkin=2026-09-04&checkout=2026-09-07&group_adults=2&no_rooms=1&group_children=&age=&selected_currency=BRL,https://www.google.com/travel/explore?tfs=CBwQAxopEgoyMDI2LTA2LTEzag0IAxIJL20vMDIycGZtcgwIBBIIL20vMDJqNzEaKRIKMjAyNi0wNi0xNGoMCAQSCC9tLzAyajcxcg0IAxIJL20vMDIycGZtQAFIAXABggELCP___________wGYAQGyAQIgAQ&tfu=GioaKAoSCfGsOLrXgkLAEYDM2geLYUrAEhIJjwdQ_nX2R8ARQGbtgzWKVsA&hl=pt&curr=BRL,15932.0
197,GRU,São Paulo,Brasil,2026-09-04,booking,10123,1020,3,Quinta dos Pinhais Pouso e Charme,https://www.booking.com/searchresults.pt-br.html?ss=Quinta+dos+Pinhais+Pouso+e+Charme%2C+Santo+Ant%C3%B4nio+do+Pinhal&checkin=2026-09-04&checkout=2026-09-07&group_adults=2&no_rooms=1&group_children=&age=&selected_currency=BRL,https://www.google.com/travel/explore?tfs=CBwQAxopEgoyMDI2LTA2LTEzag0IAxIJL20vMDIycGZtcgwIBBIIL20vMDJqNzEaKRIKMjAyNi0wNi0xNGoMCAQSCC9tLzAyajcxcg0IAxIJL20vMDIycGZtQAFIAXABggELCP___________wGYAQGyAQIgAQ&tfu=GioaKAoSCQl02cp_wzvAEYDM2gcriUbAEhIJbf7U094ERMARQGbtgwWeVMA&hl=pt&curr=BRL,16243.0
134,JPA,João Pessoa,Brazil,2026-09-04,booking,10143,1020,3,Filha da Lua Ecolodge (145km),https://www.booking.com/searchresults.pt-br.html?ss=Filha+Da+Lua+Ecolodge&checkin=2026-09-04&checkout=2026-09-07&group_adults=2&no_rooms=1&group_children=&age=&selected_currency=BRL,https://www.google.com/travel/explore?tfs=CBwQAxopEgoyMDI2LTA2LTEzag0IAxIJL20vMDIycGZtcgwIBBIIL20vMDJqNzEaKRIKMjAyNi0wNi0xNGoMCAQSCC9tLzAyajcxcg0IAxIJL20vMDIycGZtQAFIAXABggELCP___________wGYAQGyAQIgAQ&tfu=GioaKAoSCfGsOLrXgkLAEYDM2geLYUrAEhIJjwdQ_nX2R8ARQGbtgzWKVsA&hl=pt&curr=BRL,16263.0
63,NAT,Natal,Brazil,2026-09-04,booking,10143,1020,3,Filha da Lua Ecolodge (94km),https://www.booking.com/searchresults.pt-br.html?ss=Filha+Da+Lua+Ecolodge%2C+Pipa&checkin=2026-09-04&checkout=2026-09-07&group_adults=2&no_rooms=1&group_children=&age=&selected_currency=BRL,https://www.google.com/travel/explore?tfs=CBwQAxopEgoyMDI2LTA2LTEzag0IAxIJL20vMDIycGZtcgwIBBIIL20vMDJqNzEaKRIKMjAyNi0wNi0xNGoMCAQSCC9tLzAyajcxcg0IAxIJL20vMDIycGZtQAFIAXABggELCP___________wGYAQGyAQIgAQ&tfu=GioaKAoSCQl02cp_wzvAEYDM2gcriUbAEhIJbf7U094ERMARQGbtgwWeVMA&hl=pt&curr=BRL,16263.0
69,CXJ,Caxias do Sul,Brazil,2026-09-04,booking,10186,1020,3,Castelo Saint Andrews,https://www.booking.com/searchresults.pt-br.html?ss=Castelo+Saint+Andrews%2C+Gramado%2C+Rio+Grande+do+Sul%2C+Brasil&checkin=2026-09-04&checkout=2026-09-07&group_adults=2&no_rooms=1&group_children=&age=&selected_currency=BRL,https://www.google.com/travel/explore?tfs=CBwQAxopEgoyMDI2LTA2LTEzag0IAxIJL20vMDIycGZtcgwIBBIIL20vMDJqNzEaKRIKMjAyNi0wNi0xNGoMCAQSCC9tLzAyajcxcg0IAxIJL20vMDIycGZtQAFIAXABggELCP___________wGYAQGyAQIgAQ&tfu=GioaKAoSCQl02cp_wzvAEYDM2gcriUbAEhIJbf7U094ERMARQGbtgwWeVMA&hl=pt&curr=BRL,16306.0
200,CGH,São Paulo,Brasil,2026-09-05,booking,10613,1020,2,Unique Garden (Mairipora),https://www.booking.com/searchresults.pt-br.html?ss=Unique+Garden%2C+Mairipor%C3%A3&checkin=2026-09-05&checkout=2026-09-07&group_adults=2&no_rooms=1&group_children=&age=&selected_currency=BRL,https://www.google.com/travel/explore?tfs=CBwQAxopEgoyMDI2LTA2LTEzag0IAxIJL20vMDIycGZtcgwIBBIIL20vMDJqNzEaKRIKMjAyNi0wNi0xNGoMCAQSCC9tLzAyajcxcg0IAxIJL20vMDIycGZtQAFIAXABggELCP___________wGYAQGyAQIgAQ&tfu=GioaKAoSCQl02cp_wzvAEYDM2gcriUbAEhIJbf7U094ERMARQGbtgwWeVMA&hl=pt&curr=BRL,16733.0
85,REC,Recife,Brazil,2026-09-04,booking,10615,1020,3,The Westin All Inclusive,https://www.booking.com/searchresults.pt-br.html?ss=The+Westin+Porto+de+Galinhas+All-Inclusive&checkin=2026-09-04&checkout=2026-09-07&group_adults=2&no_rooms=1&group_children=&age=&selected_currency=BRL,https://www.google.com/travel/explore?tfs=CBwQAxopEgoyMDI2LTA2LTEzag0IAxIJL20vMDIycGZtcgwIBBIIL20vMDJqNzEaKRIKMjAyNi0wNi0xNGoMCAQSCC9tLzAyajcxcg0IAxIJL20vMDIycGZtQAFIAXABggELCP___________wGYAQGyAQIgAQ&tfu=GioaKAoSCQl02cp_wzvAEYDM2gcriUbAEhIJbf7U094ERMARQGbtgwWeVMA&hl=pt&curr=BRL,16735.0
199,CGH,São Paulo,Brasil,2026-09-04,booking,10649,1020,3,Hotel Vila Inglesa (Campos),https://www.booking.com/searchresults.pt-br.html?ss=Hotel+Vila+Inglesa%2C+Campos+do+Jord%C3%A3o&checkin=2026-09-04&checkout=2026-09-07&group_adults=2&no_rooms=1&group_children=&age=&selected_currency=BRL,https://www.google.com/travel/explore?tfs=CBwQAxopEgoyMDI2LTA2LTEzag0IAxIJL20vMDIycGZtcgwIBBIIL20vMDJqNzEaKRIKMjAyNi0wNi0xNGoMCAQSCC9tLzAyajcxcg0IAxIJL20vMDIycGZtQAFIAXABggELCP___________wGYAQGyAQIgAQ&tfu=GioaKAoSCQl02cp_wzvAEYDM2gcriUbAEhIJbf7U094ERMARQGbtgwWeVMA&hl=pt&curr=BRL,16769.0
90,GIG,Rio de Janeiro,Brasil,2026-09-05,booking,11003,1020,2,Emiliano Rio,https://www.booking.com/searchresults.pt-br.html?ss=Emiliano+Rio%2C+Rio+de+Janeiro%2C+Estado+do+Rio+de+Janeiro%2C+Brasil&checkin=2026-09-05&checkout=2026-09-07&group_adults=2&no_rooms=1&group_children=&age=&selected_currency=BRL,https://www.google.com/travel/explore?tfs=CBwQAxopEgoyMDI2LTA2LTEzag0IAxIJL20vMDIycGZtcgwIBBIIL20vMDJqNzEaKRIKMjAyNi0wNi0xNGoMCAQSCC9tLzAyajcxcg0IAxIJL20vMDIycGZtQAFIAXABggELCP___________wGYAQGyAQIgAQ&tfu=GioaKAoSCfGsOLrXgkLAEYDM2geLYUrAEhIJjwdQ_nX2R8ARQGbtgzWKVsA&hl=pt&curr=BRL,17123.0
105,RIO,Rio de Janeiro,Brasil,2026-09-05,booking,11003,1020,2,Emiliano Rio,https://www.booking.com/searchresults.pt-br.html?ss=Emiliano+Rio%2C+Rio+de+Janeiro%2C+Estado+do+Rio+de+Janeiro%2C+Brasil&checkin=2026-09-05&checkout=2026-09-07&group_adults=2&no_rooms=1&group_children=&age=&selected_currency=BRL,https://www.google.com/travel/explore?tfs=CBwQAxopEgoyMDI2LTA2LTEzag0IAxIJL20vMDIycGZtcgwIBBIIL20vMDJqNzEaKRIKMjAyNi0wNi0xNGoMCAQSCC9tLzAyajcxcg0IAxIJL20vMDIycGZtQAFIAXABggELCP___________wGYAQGyAQIgAQ&tfu=GioaKAoSCQl02cp_wzvAEYDM2gcriUbAEhIJbf7U094ERMARQGbtgwWeVMA&hl=pt&curr=BRL,17123.0
90,GIG,Rio de Janeiro,Brasil,2026-09-05,booking,11029,1020,2,Santa Teresa Hotel Rio de Janeiro,https://www.booking.com/searchresults.pt-br.html?ss=Santa+Teresa+Hotel+Rio+de+Janeiro+-+MGallery+Collection%2C+Rio+de+Janeiro%2C+Estado+do+Rio+de+Janeiro%2C+Brasil&checkin=2026-09-05&checkout=2026-09-07&group_adults=2&no_rooms=1&group_children=&age=&selected_currency=BRL,https://www.google.com/travel/explore?tfs=CBwQAxopEgoyMDI2LTA2LTEzag0IAxIJL20vMDIycGZtcgwIBBIIL20vMDJqNzEaKRIKMjAyNi0wNi0xNGoMCAQSCC9tLzAyajcxcg0IAxIJL20vMDIycGZtQAFIAXABggELCP___________wGYAQGyAQIgAQ&tfu=GioaKAoSCfGsOLrXgkLAEYDM2geLYUrAEhIJjwdQ_nX2R8ARQGbtgzWKVsA&hl=pt&curr=BRL,17149.0
89,GIG,Rio de Janeiro,Brasil,2026-09-04,booking,11060,1020,3,Fairmont Rio de Janeiro Copacabana,https://www.booking.com/searchresults.pt-br.html?ss=Fairmont+Rio+de+Janeiro+Copacabana%2C+Rio+de+Janeiro%2C+Estado+do+Rio+de+Janeiro%2C+Brasil&checkin=2026-09-04&checkout=2026-09-07&group_adults=2&no_rooms=1&group_children=&age=&selected_currency=BRL,https://www.google.com/travel/explore?tfs=CBwQAxopEgoyMDI2LTA2LTEzag0IAxIJL20vMDIycGZtcgwIBBIIL20vMDJqNzEaKRIKMjAyNi0wNi0xNGoMCAQSCC9tLzAyajcxcg0IAxIJL20vMDIycGZtQAFIAXABggELCP___________wGYAQGyAQIgAQ&tfu=GioaKAoSCQl02cp_wzvAEYDM2gcriUbAEhIJbf7U094ERMARQGbtgwWeVMA&hl=pt&curr=BRL,17180.0
104,RIO,Rio de Janeiro,Brasil,2026-09-04,booking,11060,1020,3,Fairmont Rio de Janeiro Copacabana,https://www.booking.com/searchresults.pt-br.html?ss=Fairmont+Rio+de+Janeiro+Copacabana%2C+Rio+de+Janeiro%2C+Estado+do+Rio+de+Janeiro%2C+Brasil&checkin=2026-09-04&checkout=2026-09-07&group_adults=2&no_rooms=1&group_children=&age=&selected_currency=BRL,https://www.google.com/travel/explore?tfs=CBwQAxopEgoyMDI2LTA2LTEzag0IAxIJL20vMDIycGZtcgwIBBIIL20vMDJqNzEaKRIKMjAyNi0wNi0xNGoMCAQSCC9tLzAyajcxcg0IAxIJL20vMDIycGZtQAFIAXABggELCP___________wGYAQGyAQIgAQ&tfu=GioaKAoSCfGsOLrXgkLAEYDM2geLYUrAEhIJjwdQ_nX2R8ARQGbtgzWKVsA&hl=pt&curr=BRL,17180.0
144,MCZ,Maceió,Brazil,2026-09-04,booking,11178,1020,3,Kenoa,https://www.booking.com/searchresults.pt-br.html?ss=Kenoa+Exclusive+Beach+Spa+%26+Resort&checkin=2026-09-04&checkout=2026-09-07&group_adults=2&no_rooms=1&group_children=&age=&selected_currency=BRL,https://www.google.com/travel/explore?tfs=CBwQAxopEgoyMDI2LTA2LTEzag0IAxIJL20vMDIycGZtcgwIBBIIL20vMDJqNzEaKRIKMjAyNi0wNi0xNGoMCAQSCC9tLzAyajcxcg0IAxIJL20vMDIycGZtQAFIAXABggELCP___________wGYAQGyAQIgAQ&tfu=GioaKAoSCfGsOLrXgkLAEYDM2geLYUrAEhIJjwdQ_nX2R8ARQGbtgzWKVsA&hl=pt&curr=BRL,17298.0
201,SAO,São Paulo,Brasil,2026-09-04,booking,11191,1020,3,Fazenda Dona Carolina,https://www.booking.com/searchresults.pt-br.html?ss=Hotel+Fazenda+Dona+Carolina&checkin=2026-09-04&checkout=2026-09-07&group_adults=2&no_rooms=1&group_children=&age=&selected_currency=BRL,https://www.google.com/travel/explore?tfs=CBwQAxopEgoyMDI2LTA2LTEzag0IAxIJL20vMDIycGZtcgwIBBIIL20vMDJqNzEaKRIKMjAyNi0wNi0xNGoMCAQSCC9tLzAyajcxcg0IAxIJL20vMDIycGZtQAFIAXABggELCP___________wGYAQGyAQIgAQ&tfu=GioaKAoSCQl02cp_wzvAEYDM2gcriUbAEhIJbf7U094ERMARQGbtgwWeVMA&hl=pt&curr=BRL,17311.0
74,JJD,Cruz (Jericoacoara),Brazil,2026-09-05,booking,11385,1020,2,Casa Siará (5s),https://www.booking.com/searchresults.pt-br.html?ss=Casa+Siar%C3%A1+-+Hotel+%26+Vilas%2C+Praia+do+Pre%C3%A1%2C+Cear%C3%A1%2C+Brasil&checkin=2026-09-05&checkout=2026-09-07&group_adults=2&no_rooms=1&group_children=&age=&selected_currency=BRL,https://www.google.com/travel/explore?tfs=CBwQAxopEgoyMDI2LTA2LTEzag0IAxIJL20vMDIycGZtcgwIBBIIL20vMDJqNzEaKRIKMjAyNi0wNi0xNGoMCAQSCC9tLzAyajcxcg0IAxIJL20vMDIycGZtQAFIAXABggELCP___________wGYAQGyAQIgAQ&tfu=GioaKAoSCfGsOLrXgkLAEYDM2geLYUrAEhIJjwdQ_nX2R8ARQGbtgzWKVsA&hl=pt&curr=BRL,17505.0
108,IGU,Foz do Iguaçu,Brazil,2026-09-04,booking,11437,1020,3,Sanma (prox Aero),https://www.booking.com/searchresults.pt-br.html?ss=Sanma+Hotel%2C+Foz+do+Igua%C3%A7u%2C+Paran%C3%A1&checkin=2026-09-04&checkout=2026-09-07&group_adults=2&no_rooms=1&group_children=&age=&selected_currency=BRL,https://www.google.com/travel/explore?tfs=CBwQAxopEgoyMDI2LTA2LTEzag0IAxIJL20vMDIycGZtcgwIBBIIL20vMDJqNzEaKRIKMjAyNi0wNi0xNGoMCAQSCC9tLzAyajcxcg0IAxIJL20vMDIycGZtQAFIAXABggELCP___________wGYAQGyAQIgAQ&tfu=GioaKAoSCfGsOLrXgkLAEYDM2geLYUrAEhIJjwdQ_nX2R8ARQGbtgzWKVsA&hl=pt&curr=BRL,17557.0
83,BPS,Porto Seguro,Brazil,2026-09-04,booking,11616,1020,3,Casa do Bosque - Trancoso,https://www.booking.com/searchresults.pt-br.html?ss=Casa+do+Bosque+-+Trancoso%2C+Bahia%2C+Porto+Seguro%2C+Bahia%2C+Brasil&checkin=2026-09-04&checkout=2026-09-07&group_adults=2&no_rooms=1&group_children=&age=&selected_currency=BRL,https://www.google.com/travel/explore?tfs=CBwQAxopEgoyMDI2LTA2LTEzag0IAxIJL20vMDIycGZtcgwIBBIIL20vMDJqNzEaKRIKMjAyNi0wNi0xNGoMCAQSCC9tLzAyajcxcg0IAxIJL20vMDIycGZtQAFIAXABggELCP___________wGYAQGyAQIgAQ&tfu=GioaKAoSCQl02cp_wzvAEYDM2gcriUbAEhIJbf7U094ERMARQGbtgwWeVMA&hl=pt&curr=BRL,17736.0
9,MDZ,Mendoza,Argentina,2026-09-04,booking,12255,1020,3,Chozos Resort,https://www.booking.com/searchresults.pt-br.html?ss=Chozos+Resort%2C+Agrelo%2C+Prov%C3%ADncia+de+Mendoza%2C+Argentina&checkin=2026-09-04&checkout=2026-09-07&group_adults=2&no_rooms=1&group_children=&age=&selected_currency=BRL,https://www.google.com/travel/explore?tfs=CBwQAxopEgoyMDI2LTA2LTEzag0IAxIJL20vMDIycGZtcgwIBBIIL20vMDJqNzEaKRIKMjAyNi0wNi0xNGoMCAQSCC9tLzAyajcxcg0IAxIJL20vMDIycGZtQAFIAXABggELCP___________wGYAQGyAQIgAQ&tfu=GioaKAoSCfGsOLrXgkLAEYDM2geLYUrAEhIJjwdQ_nX2R8ARQGbtgzWKVsA&hl=pt&curr=BRL,18375.0
4,AEP,Buenos Aires,Argentina,2026-09-04,booking,12769,1020,3,Alvear Palace Hotel - Leading Hotels of the World,https://www.booking.com/searchresults.pt-br.html?ss=Alvear+Palace+Hotel+-+Leading+Hotels+of+the+World%2C+Buenos+Aires%2C+Argentina&checkin=2026-09-04&checkout=2026-09-07&group_adults=2&no_rooms=1&group_children=&age=&selected_currency=BRL,https://www.google.com/travel/explore?tfs=CBwQAxopEgoyMDI2LTA2LTEzag0IAxIJL20vMDIycGZtcgwIBBIIL20vMDJqNzEaKRIKMjAyNi0wNi0xNGoMCAQSCC9tLzAyajcxcg0IAxIJL20vMDIycGZtQAFIAXABggELCP___________wGYAQGyAQIgAQ&tfu=GioaKAoSCQl02cp_wzvAEYDM2gcriUbAEhIJbf7U094ERMARQGbtgwWeVMA&hl=pt&curr=BRL,18889.0
31,BUE,Unknown,Unknown,2026-09-04,booking,12769,1020,3,Alvear Palace Hotel - Leading Hotels of the World,https://www.booking.com/searchresults.pt-br.html?ss=Alvear+Palace+Hotel+-+Leading+Hotels+of+the+World%2C+Buenos+Aires%2C+Argentina&checkin=2026-09-04&checkout=2026-09-07&group_adults=2&no_rooms=1&group_children=&age=&selected_currency=BRL,https://www.google.com/travel/explore?tfs=CBwQAxopEgoyMDI2LTA2LTEzag0IAxIJL20vMDIycGZtcgwIBBIIL20vMDJqNzEaKRIKMjAyNi0wNi0xNGoMCAQSCC9tLzAyajcxcg0IAxIJL20vMDIycGZtQAFIAXABggELCP___________wGYAQGyAQIgAQ&tfu=GioaKAoSCfGsOLrXgkLAEYDM2geLYUrAEhIJjwdQ_nX2R8ARQGbtgzWKVsA&hl=pt&curr=BRL,18889.0
123,FLN,Florianópolis,Brazil,2026-09-05,booking,12965,1020,2,Ponta dos Ganchos Awasi (93km),https://www.booking.com/searchresults.pt-br.html?ss=Awasi+Santa+Catarina%2C+Governador+Celso+Ramos&checkin=2026-09-05&checkout=2026-09-07&group_adults=2&no_rooms=1&group_children=&age=&selected_currency=BRL,https://www.google.com/travel/explore?tfs=CBwQAxopEgoyMDI2LTA2LTEzag0IAxIJL20vMDIycGZtcgwIBBIIL20vMDJqNzEaKRIKMjAyNi0wNi0xNGoMCAQSCC9tLzAyajcxcg0IAxIJL20vMDIycGZtQAFIAXABggELCP___________wGYAQGyAQIgAQ&tfu=GioaKAoSCQl02cp_wzvAEYDM2gcriUbAEhIJbf7U094ERMARQGbtgwWeVMA&hl=pt&curr=BRL,19085.0
123,FLN,Florianópolis,Brazil,2026-09-05,booking,13031,1020,2,Fuso Concept Hotel (34km),https://www.booking.com/searchresults.pt-br.html?ss=Fuso+Concept+Hotel%2C+Florian%C3%B3polis%2C+Santa+Catarina&checkin=2026-09-05&checkout=2026-09-07&group_adults=2&no_rooms=1&group_children=&age=&selected_currency=BRL,https://www.google.com/travel/explore?tfs=CBwQAxopEgoyMDI2LTA2LTEzag0IAxIJL20vMDIycGZtcgwIBBIIL20vMDJqNzEaKRIKMjAyNi0wNi0xNGoMCAQSCC9tLzAyajcxcg0IAxIJL20vMDIycGZtQAFIAXABggELCP___________wGYAQGyAQIgAQ&tfu=GioaKAoSCQl02cp_wzvAEYDM2gcriUbAEhIJbf7U094ERMARQGbtgwWeVMA&hl=pt&curr=BRL,19151.0
39,CAC,Cascavel,Brazil,2026-09-04,booking,13198,1020,3,Gran Melia (ARG),https://www.booking.com/searchresults.pt-br.html?ss=Gran+Meli%C3%A1+Iguaz%C3%BA%2C+Puerto+Iguaz%C3%BA%2C+Misiones%2C+Argentina&checkin=2026-09-04&checkout=2026-09-07&group_adults=2&no_rooms=1&group_children=&age=&selected_currency=BRL,https://www.google.com/travel/explore?tfs=CBwQAxopEgoyMDI2LTA2LTEzag0IAxIJL20vMDIycGZtcgwIBBIIL20vMDJqNzEaKRIKMjAyNi0wNi0xNGoMCAQSCC9tLzAyajcxcg0IAxIJL20vMDIycGZtQAFIAXABggELCP___________wGYAQGyAQIgAQ&tfu=GioaKAoSCQl02cp_wzvAEYDM2gcriUbAEhIJbf7U094ERMARQGbtgwWeVMA&hl=pt&curr=BRL,19318.0
108,IGU,Foz do Iguaçu,Brazil,2026-09-04,booking,13198,1020,3,Gran Melia (ARG),https://www.booking.com/searchresults.pt-br.html?ss=Gran+Meli%C3%A1+Iguaz%C3%BA%2C+Puerto+Iguaz%C3%BA%2C+Misiones%2C+Argentina&checkin=2026-09-04&checkout=2026-09-07&group_adults=2&no_rooms=1&group_children=&age=&selected_currency=BRL,https://www.google.com/travel/explore?tfs=CBwQAxopEgoyMDI2LTA2LTEzag0IAxIJL20vMDIycGZtcgwIBBIIL20vMDJqNzEaKRIKMjAyNi0wNi0xNGoMCAQSCC9tLzAyajcxcg0IAxIJL20vMDIycGZtQAFIAXABggELCP___________wGYAQGyAQIgAQ&tfu=GioaKAoSCfGsOLrXgkLAEYDM2geLYUrAEhIJjwdQ_nX2R8ARQGbtgzWKVsA&hl=pt&curr=BRL,19318.0
173,ZCO,Temuco,Chile,2026-09-05,booking,13900,1020,2,andBeyond Vira Vira,https://www.booking.com/searchresults.pt-br.html?ss=andBeyond+Vira+Vira%2C+Puc%C3%B3n%2C+Araucania%2C+Chile&checkin=2026-09-05&checkout=2026-09-07&group_adults=2&no_rooms=1&group_children=&age=&selected_currency=BRL,https://www.google.com/travel/explore?tfs=CBwQAxopEgoyMDI2LTA2LTEzag0IAxIJL20vMDIycGZtcgwIBBIIL20vMDJqNzEaKRIKMjAyNi0wNi0xNGoMCAQSCC9tLzAyajcxcg0IAxIJL20vMDIycGZtQAFIAXABggELCP___________wGYAQGyAQIgAQ&tfu=GioaKAoSCQl02cp_wzvAEYDM2gcriUbAEhIJbf7U094ERMARQGbtgwWeVMA&hl=pt&curr=BRL,20020.0
197,GRU,São Paulo,Brasil,2026-09-04,booking,14328,1020,3,Hotel Spa Nau Royal (Camburi),https://www.booking.com/searchresults.pt-br.html?ss=Hotel+Spa+Nau+Royal&checkin=2026-09-04&checkout=2026-09-07&group_adults=2&no_rooms=1&group_children=&age=&selected_currency=BRL,https://www.google.com/travel/explore?tfs=CBwQAxopEgoyMDI2LTA2LTEzag0IAxIJL20vMDIycGZtcgwIBBIIL20vMDJqNzEaKRIKMjAyNi0wNi0xNGoMCAQSCC9tLzAyajcxcg0IAxIJL20vMDIycGZtQAFIAXABggELCP___________wGYAQGyAQIgAQ&tfu=GioaKAoSCQl02cp_wzvAEYDM2gcriUbAEhIJbf7U094ERMARQGbtgwWeVMA&hl=pt&curr=BRL,20448.0
148,SDU,Rio de Janeiro,Brasil,2026-09-04,booking,14545,1020,3,Hotel Fasano Angra dos Reis,https://www.booking.com/searchresults.pt-br.html?ss=Hotel+Fasano+Angra+dos+Reis%2C+Angra+dos+Reis%2C+Estado+do+Rio+de+Janeiro%2C+Brasil&checkin=2026-09-04&checkout=2026-09-07&group_adults=2&no_rooms=1&group_children=&age=&selected_currency=BRL,https://www.google.com/travel/explore?tfs=CBwQAxopEgoyMDI2LTA2LTEzag0IAxIJL20vMDIycGZtcgwIBBIIL20vMDJqNzEaKRIKMjAyNi0wNi0xNGoMCAQSCC9tLzAyajcxcg0IAxIJL20vMDIycGZtQAFIAXABggELCP___________wGYAQGyAQIgAQ&tfu=GioaKAoSCfGsOLrXgkLAEYDM2geLYUrAEhIJjwdQ_nX2R8ARQGbtgzWKVsA&hl=pt&curr=BRL,20665.0
104,RIO,Rio de Janeiro,Brasil,2026-09-04,booking,14545,1020,3,Hotel Fasano Angra dos Reis,https://www.booking.com/searchresults.pt-br.html?ss=Hotel+Fasano+Angra+dos+Reis%2C+Angra+dos+Reis%2C+Estado+do+Rio+de+Janeiro%2C+Brasil&checkin=2026-09-04&checkout=2026-09-07&group_adults=2&no_rooms=1&group_children=&age=&selected_currency=BRL,https://www.google.com/travel/explore?tfs=CBwQAxopEgoyMDI2LTA2LTEzag0IAxIJL20vMDIycGZtcgwIBBIIL20vMDJqNzEaKRIKMjAyNi0wNi0xNGoMCAQSCC9tLzAyajcxcg0IAxIJL20vMDIycGZtQAFIAXABggELCP___________wGYAQGyAQIgAQ&tfu=GioaKAoSCfGsOLrXgkLAEYDM2geLYUrAEhIJjwdQ_nX2R8ARQGbtgzWKVsA&hl=pt&curr=BRL,20665.0
89,GIG,Rio de Janeiro,Brasil,2026-09-04,booking,14545,1020,3,Hotel Fasano Angra dos Reis,https://www.booking.com/searchresults.pt-br.html?ss=Hotel+Fasano+Angra+dos+Reis%2C+Angra+dos+Reis%2C+Estado+do+Rio+de+Janeiro%2C+Brasil&checkin=2026-09-04&checkout=2026-09-07&group_adults=2&no_rooms=1&group_children=&age=&selected_currency=BRL,https://www.google.com/travel/explore?tfs=CBwQAxopEgoyMDI2LTA2LTEzag0IAxIJL20vMDIycGZtcgwIBBIIL20vMDJqNzEaKRIKMjAyNi0wNi0xNGoMCAQSCC9tLzAyajcxcg0IAxIJL20vMDIycGZtQAFIAXABggELCP___________wGYAQGyAQIgAQ&tfu=GioaKAoSCQl02cp_wzvAEYDM2gcriUbAEhIJbf7U094ERMARQGbtgwWeVMA&hl=pt&curr=BRL,20665.0
89,GIG,Rio de Janeiro,Brasil,2026-09-04,booking,15001,1020,3,Santa Teresa Hotel Rio de Janeiro,https://www.booking.com/searchresults.pt-br.html?ss=Santa+Teresa+Hotel+Rio+de+Janeiro+-+MGallery+Collection%2C+Rio+de+Janeiro%2C+Estado+do+Rio+de+Janeiro%2C+Brasil&checkin=2026-09-04&checkout=2026-09-07&group_adults=2&no_rooms=1&group_children=&age=&selected_currency=BRL,https://www.google.com/travel/explore?tfs=CBwQAxopEgoyMDI2LTA2LTEzag0IAxIJL20vMDIycGZtcgwIBBIIL20vMDJqNzEaKRIKMjAyNi0wNi0xNGoMCAQSCC9tLzAyajcxcg0IAxIJL20vMDIycGZtQAFIAXABggELCP___________wGYAQGyAQIgAQ&tfu=GioaKAoSCQl02cp_wzvAEYDM2gcriUbAEhIJbf7U094ERMARQGbtgwWeVMA&hl=pt&curr=BRL,21121.0
104,RIO,Rio de Janeiro,Brasil,2026-09-04,booking,15001,1020,3,Santa Teresa Hotel Rio de Janeiro,https://www.booking.com/searchresults.pt-br.html?ss=Santa+Teresa+Hotel+Rio+de+Janeiro+-+MGallery+Collection%2C+Rio+de+Janeiro%2C+Estado+do+Rio+de+Janeiro%2C+Brasil&checkin=2026-09-04&checkout=2026-09-07&group_adults=2&no_rooms=1&group_children=&age=&selected_currency=BRL,https://www.google.com/travel/explore?tfs=CBwQAxopEgoyMDI2LTA2LTEzag0IAxIJL20vMDIycGZtcgwIBBIIL20vMDJqNzEaKRIKMjAyNi0wNi0xNGoMCAQSCC9tLzAyajcxcg0IAxIJL20vMDIycGZtQAFIAXABggELCP___________wGYAQGyAQIgAQ&tfu=GioaKAoSCfGsOLrXgkLAEYDM2geLYUrAEhIJjwdQ_nX2R8ARQGbtgzWKVsA&hl=pt&curr=BRL,21121.0
197,GRU,São Paulo,Brasil,2026-09-04,booking,15739,1020,3,Clara Ibiúna Resort,https://www.booking.com/searchresults.pt-br.html?ss=Clara+Ibi%C3%BAna+Resort%2C+Ibi%C3%BAna%2C+Estado+de+S%C3%A3o+Paulo&checkin=2026-09-04&checkout=2026-09-07&group_adults=2&no_rooms=1&group_children=&age=&selected_currency=BRL,https://www.google.com/travel/explore?tfs=CBwQAxopEgoyMDI2LTA2LTEzag0IAxIJL20vMDIycGZtcgwIBBIIL20vMDJqNzEaKRIKMjAyNi0wNi0xNGoMCAQSCC9tLzAyajcxcg0IAxIJL20vMDIycGZtQAFIAXABggELCP___________wGYAQGyAQIgAQ&tfu=GioaKAoSCQl02cp_wzvAEYDM2gcriUbAEhIJbf7U094ERMARQGbtgwWeVMA&hl=pt&curr=BRL,21859.0
89,GIG,Rio de Janeiro,Brasil,2026-09-04,booking,16395,1020,3,Emiliano Rio,https://www.booking.com/searchresults.pt-br.html?ss=Emiliano+Rio%2C+Rio+de+Janeiro%2C+Estado+do+Rio+de+Janeiro%2C+Brasil&checkin=2026-09-04&checkout=2026-09-07&group_adults=2&no_rooms=1&group_children=&age=&selected_currency=BRL,https://www.google.com/travel/explore?tfs=CBwQAxopEgoyMDI2LTA2LTEzag0IAxIJL20vMDIycGZtcgwIBBIIL20vMDJqNzEaKRIKMjAyNi0wNi0xNGoMCAQSCC9tLzAyajcxcg0IAxIJL20vMDIycGZtQAFIAXABggELCP___________wGYAQGyAQIgAQ&tfu=GioaKAoSCQl02cp_wzvAEYDM2gcriUbAEhIJbf7U094ERMARQGbtgwWeVMA&hl=pt&curr=BRL,22515.0
83,BPS,Porto Seguro,Brazil,2026-09-04,booking,16575,1020,3,Amaia Trancoso Hotel,https://www.booking.com/searchresults.pt-br.html?ss=Amaia+Trancoso+Hotel%2C+Trancoso%2C+Bahia%2C+Brasil&checkin=2026-09-04&checkout=2026-09-07&group_adults=2&no_rooms=1&group_children=&age=&selected_currency=BRL,https://www.google.com/travel/explore?tfs=CBwQAxopEgoyMDI2LTA2LTEzag0IAxIJL20vMDIycGZtcgwIBBIIL20vMDJqNzEaKRIKMjAyNi0wNi0xNGoMCAQSCC9tLzAyajcxcg0IAxIJL20vMDIycGZtQAFIAXABggELCP___________wGYAQGyAQIgAQ&tfu=GioaKAoSCQl02cp_wzvAEYDM2gcriUbAEhIJbf7U094ERMARQGbtgwWeVMA&hl=pt&curr=BRL,22695.0
105,RIO,Rio de Janeiro,Brasil,2026-09-05,booking,16843,1020,2,"Copacabana Palace, A Belmond Hotel",https://www.booking.com/searchresults.pt-br.html?ss=Copacabana+Palace%2C+A+Belmond+Hotel%2C+Rio+de+Janeiro%2C+Rio+de+Janeiro%2C+Estado+do+Rio+de+Janeiro%2C+Brasil&checkin=2026-09-05&checkout=2026-09-07&group_adults=2&no_rooms=1&group_children=&age=&selected_currency=BRL,https://www.google.com/travel/explore?tfs=CBwQAxopEgoyMDI2LTA2LTEzag0IAxIJL20vMDIycGZtcgwIBBIIL20vMDJqNzEaKRIKMjAyNi0wNi0xNGoMCAQSCC9tLzAyajcxcg0IAxIJL20vMDIycGZtQAFIAXABggELCP___________wGYAQGyAQIgAQ&tfu=GioaKAoSCQl02cp_wzvAEYDM2gcriUbAEhIJbf7U094ERMARQGbtgwWeVMA&hl=pt&curr=BRL,22963.0
90,GIG,Rio de Janeiro,Brasil,2026-09-05,booking,16843,1020,2,"Copacabana Palace, A Belmond Hotel",https://www.booking.com/searchresults.pt-br.html?ss=Copacabana+Palace%2C+A+Belmond+Hotel%2C+Rio+de+Janeiro%2C+Rio+de+Janeiro%2C+Estado+do+Rio+de+Janeiro%2C+Brasil&checkin=2026-09-05&checkout=2026-09-07&group_adults=2&no_rooms=1&group_children=&age=&selected_currency=BRL,https://www.google.com/travel/explore?tfs=CBwQAxopEgoyMDI2LTA2LTEzag0IAxIJL20vMDIycGZtcgwIBBIIL20vMDJqNzEaKRIKMjAyNi0wNi0xNGoMCAQSCC9tLzAyajcxcg0IAxIJL20vMDIycGZtQAFIAXABggELCP___________wGYAQGyAQIgAQ&tfu=GioaKAoSCfGsOLrXgkLAEYDM2geLYUrAEhIJjwdQ_nX2R8ARQGbtgzWKVsA&hl=pt&curr=BRL,22963.0
144,MCZ,Maceió,Brazil,2026-09-04,booking,17164,1020,3,Mahré Hotel & Spa,https://www.booking.com/searchresults.pt-br.html?ss=Mahr%C3%A9+Hotel+%26+Spa%2C+S%C3%A3o+Miguel+dos+Milagres&checkin=2026-09-04&checkout=2026-09-07&group_adults=2&no_rooms=1&group_children=&age=&selected_currency=BRL,https://www.google.com/travel/explore?tfs=CBwQAxopEgoyMDI2LTA2LTEzag0IAxIJL20vMDIycGZtcgwIBBIIL20vMDJqNzEaKRIKMjAyNi0wNi0xNGoMCAQSCC9tLzAyajcxcg0IAxIJL20vMDIycGZtQAFIAXABggELCP___________wGYAQGyAQIgAQ&tfu=GioaKAoSCfGsOLrXgkLAEYDM2geLYUrAEhIJjwdQ_nX2R8ARQGbtgzWKVsA&hl=pt&curr=BRL,23284.0
144,MCZ,Maceió,Brazil,2026-09-04,booking,17539,1020,3,Zai Patacho,https://www.booking.com/searchresults.pt-br.html?ss=Zai+Patacho%2C+Porto+de+Pedras&checkin=2026-09-04&checkout=2026-09-07&group_adults=2&no_rooms=1&group_children=&age=&selected_currency=BRL,https://www.google.com/travel/explore?tfs=CBwQAxopEgoyMDI2LTA2LTEzag0IAxIJL20vMDIycGZtcgwIBBIIL20vMDJqNzEaKRIKMjAyNi0wNi0xNGoMCAQSCC9tLzAyajcxcg0IAxIJL20vMDIycGZtQAFIAXABggELCP___________wGYAQGyAQIgAQ&tfu=GioaKAoSCfGsOLrXgkLAEYDM2geLYUrAEhIJjwdQ_nX2R8ARQGbtgzWKVsA&hl=pt&curr=BRL,23659.0
63,NAT,Natal,Brazil,2026-09-04,booking,17780,1020,3,Vogal Luxury (40km),https://www.booking.com/searchresults.pt-br.html?ss=Vogal+Luxury+Beach+Hotel+%26+SPA%2C+Natal&checkin=2026-09-04&checkout=2026-09-07&group_adults=2&no_rooms=1&group_children=&age=&selected_currency=BRL,https://www.google.com/travel/explore?tfs=CBwQAxopEgoyMDI2LTA2LTEzag0IAxIJL20vMDIycGZtcgwIBBIIL20vMDJqNzEaKRIKMjAyNi0wNi0xNGoMCAQSCC9tLzAyajcxcg0IAxIJL20vMDIycGZtQAFIAXABggELCP___________wGYAQGyAQIgAQ&tfu=GioaKAoSCQl02cp_wzvAEYDM2gcriUbAEhIJbf7U094ERMARQGbtgwWeVMA&hl=pt&curr=BRL,23900.0
65,NVT,Navegantes,Brazil,2026-09-04,booking,19443,1020,3,Ponta dos Ganchos Awasi (93km),https://www.booking.com/searchresults.pt-br.html?ss=Awasi+Santa+Catarina%2C+Governador+Celso+Ramos&checkin=2026-09-04&checkout=2026-09-07&group_adults=2&no_rooms=1&group_children=&age=&selected_currency=BRL,https://www.google.com/travel/explore?tfs=CBwQAxopEgoyMDI2LTA2LTEzag0IAxIJL20vMDIycGZtcgwIBBIIL20vMDJqNzEaKRIKMjAyNi0wNi0xNGoMCAQSCC9tLzAyajcxcg0IAxIJL20vMDIycGZtQAFIAXABggELCP___________wGYAQGyAQIgAQ&tfu=GioaKAoSCQl02cp_wzvAEYDM2gcriUbAEhIJbf7U094ERMARQGbtgwWeVMA&hl=pt&curr=BRL,25563.0
122,FLN,Florianópolis,Brazil,2026-09-04,booking,19443,1020,3,Ponta dos Ganchos Awasi (93km),https://www.booking.com/searchresults.pt-br.html?ss=Awasi+Santa+Catarina%2C+Governador+Celso+Ramos&checkin=2026-09-04&checkout=2026-09-07&group_adults=2&no_rooms=1&group_children=&age=&selected_currency=BRL,https://www.google.com/travel/explore?tfs=CBwQAxopEgoyMDI2LTA2LTEzag0IAxIJL20vMDIycGZtcgwIBBIIL20vMDJqNzEaKRIKMjAyNi0wNi0xNGoMCAQSCC9tLzAyajcxcg0IAxIJL20vMDIycGZtQAFIAXABggELCP___________wGYAQGyAQIgAQ&tfu=GioaKAoSCfGsOLrXgkLAEYDM2geLYUrAEhIJjwdQ_nX2R8ARQGbtgzWKVsA&hl=pt&curr=BRL,25563.0
85,REC,Recife,Brazil,2026-09-04,booking,19661,1020,3,Camurim Grande Pousada & SPA,https://www.booking.com/searchresults.pt-br.html?ss=Camurim+Grande+Pousada+%26+SPA+-+Jantar+Inclu%C3%ADdo%2C+Maragogi%2C+Alagoas%2C+Brasil&checkin=2026-09-04&checkout=2026-09-07&group_adults=2&no_rooms=1&group_children=&age=&selected_currency=BRL,https://www.google.com/travel/explore?tfs=CBwQAxopEgoyMDI2LTA2LTEzag0IAxIJL20vMDIycGZtcgwIBBIIL20vMDJqNzEaKRIKMjAyNi0wNi0xNGoMCAQSCC9tLzAyajcxcg0IAxIJL20vMDIycGZtQAFIAXABggELCP___________wGYAQGyAQIgAQ&tfu=GioaKAoSCQl02cp_wzvAEYDM2gcriUbAEhIJbf7U094ERMARQGbtgwWeVMA&hl=pt&curr=BRL,25781.0
128,IOS,Ilhéus,Brazil,2026-09-04,booking,20412,1020,3,Txai,https://www.booking.com/searchresults.pt-br.html?ss=Txai+Resort%2C+Itacar%C3%A9&checkin=2026-09-04&checkout=2026-09-07&group_adults=2&no_rooms=1&group_children=&age=&selected_currency=BRL,https://www.google.com/travel/explore?tfs=CBwQAxopEgoyMDI2LTA2LTEzag0IAxIJL20vMDIycGZtcgwIBBIIL20vMDJqNzEaKRIKMjAyNi0wNi0xNGoMCAQSCC9tLzAyajcxcg0IAxIJL20vMDIycGZtQAFIAXABggELCP___________wGYAQGyAQIgAQ&tfu=GioaKAoSCfGsOLrXgkLAEYDM2geLYUrAEhIJjwdQ_nX2R8ARQGbtgzWKVsA&hl=pt&curr=BRL,26532.0
55,MAO,Manaus,Brazil,2026-09-04,booking,20691,1020,3,Uiara Amazon,https://www.booking.com/searchresults.pt-br.html?ss=Uiara+Amazon+Resort&checkin=2026-09-04&checkout=2026-09-07&group_adults=2&no_rooms=1&group_children=&age=&selected_currency=BRL,https://www.google.com/travel/explore?tfs=CBwQAxopEgoyMDI2LTA2LTEzag0IAxIJL20vMDIycGZtcgwIBBIIL20vMDJqNzEaKRIKMjAyNi0wNi0xNGoMCAQSCC9tLzAyajcxcg0IAxIJL20vMDIycGZtQAFIAXABggELCP___________wGYAQGyAQIgAQ&tfu=GioaKAoSCQl02cp_wzvAEYDM2gcriUbAEhIJbf7U094ERMARQGbtgwWeVMA&hl=pt&curr=BRL,26811.0
83,BPS,Porto Seguro,Brazil,2026-09-04,booking,20721,1020,3,Uxua Spa,https://www.booking.com/searchresults.pt-br.html?ss=UXUA+Casa+Hotel+%26+Spa&checkin=2026-09-04&checkout=2026-09-07&group_adults=2&no_rooms=1&group_children=&age=&selected_currency=BRL,https://www.google.com/travel/explore?tfs=CBwQAxopEgoyMDI2LTA2LTEzag0IAxIJL20vMDIycGZtcgwIBBIIL20vMDJqNzEaKRIKMjAyNi0wNi0xNGoMCAQSCC9tLzAyajcxcg0IAxIJL20vMDIycGZtQAFIAXABggELCP___________wGYAQGyAQIgAQ&tfu=GioaKAoSCQl02cp_wzvAEYDM2gcriUbAEhIJbf7U094ERMARQGbtgwWeVMA&hl=pt&curr=BRL,26841.0
89,GIG,Rio de Janeiro,Brasil,2026-09-04,booking,20765,1020,3,"Copacabana Palace, A Belmond Hotel",https://www.booking.com/searchresults.pt-br.html?ss=Copacabana+Palace%2C+A+Belmond+Hotel%2C+Rio+de+Janeiro%2C+Rio+de+Janeiro%2C+Estado+do+Rio+de+Janeiro%2C+Brasil&checkin=2026-09-04&checkout=2026-09-07&group_adults=2&no_rooms=1&group_children=&age=&selected_currency=BRL,https://www.google.com/travel/explore?tfs=CBwQAxopEgoyMDI2LTA2LTEzag0IAxIJL20vMDIycGZtcgwIBBIIL20vMDJqNzEaKRIKMjAyNi0wNi0xNGoMCAQSCC9tLzAyajcxcg0IAxIJL20vMDIycGZtQAFIAXABggELCP___________wGYAQGyAQIgAQ&tfu=GioaKAoSCQl02cp_wzvAEYDM2gcriUbAEhIJbf7U094ERMARQGbtgwWeVMA&hl=pt&curr=BRL,26885.0
104,RIO,Rio de Janeiro,Brasil,2026-09-04,booking,20765,1020,3,"Copacabana Palace, A Belmond Hotel",https://www.booking.com/searchresults.pt-br.html?ss=Copacabana+Palace%2C+A+Belmond+Hotel%2C+Rio+de+Janeiro%2C+Rio+de+Janeiro%2C+Estado+do+Rio+de+Janeiro%2C+Brasil&checkin=2026-09-04&checkout=2026-09-07&group_adults=2&no_rooms=1&group_children=&age=&selected_currency=BRL,https://www.google.com/travel/explore?tfs=CBwQAxopEgoyMDI2LTA2LTEzag0IAxIJL20vMDIycGZtcgwIBBIIL20vMDJqNzEaKRIKMjAyNi0wNi0xNGoMCAQSCC9tLzAyajcxcg0IAxIJL20vMDIycGZtQAFIAXABggELCP___________wGYAQGyAQIgAQ&tfu=GioaKAoSCfGsOLrXgkLAEYDM2geLYUrAEhIJjwdQ_nX2R8ARQGbtgzWKVsA&hl=pt&curr=BRL,26885.0
36,UBA,Uberaba,Brazil,2026-09-04,booking,21600,1020,3,Vila Mattuto - Casa Paiol (24pax),https://www.booking.com/searchresults.pt-br.html?ss=Vila+Mattuto+-+Casa+Paiol%2C+Miguel%C3%B3polis%2C+Estado+de+S%C3%A3o+Paulo%2C+Brasil&checkin=2026-09-04&checkout=2026-09-07&group_adults=2&no_rooms=1&group_children=&age=&selected_currency=BRL,https://www.google.com/travel/explore?tfs=CBwQAxopEgoyMDI2LTA2LTEzag0IAxIJL20vMDIycGZtcgwIBBIIL20vMDJqNzEaKRIKMjAyNi0wNi0xNGoMCAQSCC9tLzAyajcxcg0IAxIJL20vMDIycGZtQAFIAXABggELCP___________wGYAQGyAQIgAQ&tfu=GioaKAoSCfGsOLrXgkLAEYDM2geLYUrAEhIJjwdQ_nX2R8ARQGbtgzWKVsA&hl=pt&curr=BRL,27720.0
200,CGH,São Paulo,Brasil,2026-09-05,booking,21959,1020,2,Fasano Boa Vista,https://www.booking.com/searchresults.pt-br.html?ss=Hotel+Fasano+Boa+Vista&checkin=2026-09-05&checkout=2026-09-07&group_adults=2&no_rooms=1&group_children=&age=&selected_currency=BRL,https://www.google.com/travel/explore?tfs=CBwQAxopEgoyMDI2LTA2LTEzag0IAxIJL20vMDIycGZtcgwIBBIIL20vMDJqNzEaKRIKMjAyNi0wNi0xNGoMCAQSCC9tLzAyajcxcg0IAxIJL20vMDIycGZtQAFIAXABggELCP___________wGYAQGyAQIgAQ&tfu=GioaKAoSCQl02cp_wzvAEYDM2gcriUbAEhIJbf7U094ERMARQGbtgwWeVMA&hl=pt&curr=BRL,28079.0
167,PNT,Puerto Natales,Chile,2026-09-04,booking,26843,1020,3,Estancia Cerro Guido,https://www.booking.com/searchresults.pt-br.html?ss=Estancia+Cerro+Guido%2C+Torres+del+Paine%2C+Magallanes%2C+Chile&checkin=2026-09-04&checkout=2026-09-07&group_adults=2&no_rooms=1&group_children=&age=&selected_currency=BRL,https://www.google.com/travel/explore?tfs=CBwQAxopEgoyMDI2LTA2LTEzag0IAxIJL20vMDIycGZtcgwIBBIIL20vMDJqNzEaKRIKMjAyNi0wNi0xNGoMCAQSCC9tLzAyajcxcg0IAxIJL20vMDIycGZtQAFIAXABggELCP___________wGYAQGyAQIgAQ&tfu=GioaKAoSCQl02cp_wzvAEYDM2gcriUbAEhIJbf7U094ERMARQGbtgwWeVMA&hl=pt&curr=BRL,32963.0
199,CGH,São Paulo,Brasil,2026-09-04,booking,29410,1020,3,Fasano Boa Vista,https://www.booking.com/searchresults.pt-br.html?ss=Hotel+Fasano+Boa+Vista&checkin=2026-09-04&checkout=2026-09-07&group_adults=2&no_rooms=1&group_children=&age=&selected_currency=BRL,https://www.google.com/travel/explore?tfs=CBwQAxopEgoyMDI2LTA2LTEzag0IAxIJL20vMDIycGZtcgwIBBIIL20vMDJqNzEaKRIKMjAyNi0wNi0xNGoMCAQSCC9tLzAyajcxcg0IAxIJL20vMDIycGZtQAFIAXABggELCP___________wGYAQGyAQIgAQ&tfu=GioaKAoSCQl02cp_wzvAEYDM2gcriUbAEhIJbf7U094ERMARQGbtgwWeVMA&hl=pt&curr=BRL,35530.0
