Row,City,City Name,Country,Checkin_Date,Source,Price,Air Price,# Days,Hotel Name,URL,url_flight,Final Price
151,XAP,Chapecó,Brazil,2026-10-31,booking,3497,839.3,2,La Mision Mocona - Lodge de Selva,https://www.booking.com/searchresults.pt-br.html?ss=La+Mision+Mocona+-+Lodge+de+Selva%2C+Saltos+del+Mocon%C3%A1%2C+Misiones&checkin=2026-10-31&checkout=2026-11-02&group_adults=8&no_rooms=4&group_children=1&age=4&selected_currency=BRL,https://www.latamairlines.com/br/pt/oferta-voos?origin=SAO&outbound=2026-11-06T00%3A00%3A00.000Z&destination=SDU&inbound=2026-11-09T00%3A00%3A00.000Z&adt=1&chd=0&inf=0&trip=RT&cabin=Economy&redemption=true&sort=PRICE%2Casc,8532.8
150,XAP,Chapecó,Brazil,2026-10-30,booking,5246,839.3,3,La Mision Mocona - Lodge de Selva,https://www.booking.com/searchresults.pt-br.html?ss=La+Mision+Mocona+-+Lodge+de+Selva%2C+Saltos+del+Mocon%C3%A1%2C+Misiones&checkin=2026-10-30&checkout=2026-11-02&group_adults=8&no_rooms=4&group_children=1&age=4&selected_currency=BRL,https://www.latamairlines.com/br/pt/oferta-voos?origin=SAO&outbound=2026-11-06T00%3A00%3A00.000Z&destination=SDU&inbound=2026-11-09T00%3A00%3A00.000Z&adt=1&chd=0&inf=0&trip=RT&cabin=Economy&redemption=true&sort=PRICE%2Casc,10281.8
102,CXJ,Caxias do Sul,Brazil,2026-10-31,booking,4033,1223.3,2,Pousada Quinta do Vale (snowland),https://www.booking.com/searchresults.pt-br.html?ss=Pousada+Quinta+do+Vale%2C+Gramado%2C+Rio+Grande+do+Sul%2C+Brasil&checkin=2026-10-31&checkout=2026-11-02&group_adults=8&no_rooms=4&group_children=1&age=4&selected_currency=BRL,https://www.latamairlines.com/br/pt/oferta-voos?origin=SAO&outbound=2026-11-06T00%3A00%3A00.000Z&destination=SDU&inbound=2026-11-09T00%3A00%3A00.000Z&adt=1&chd=0&inf=0&trip=RT&cabin=Economy&redemption=true&sort=PRICE%2Casc,11372.8
71,CAC,Cascavel,Brazil,2026-10-31,booking,5100,1121.3,2,Catarina,https://www.booking.com/searchresults.pt-br.html?ss=Recanto+Catarina%2C+Cascavel&checkin=2026-10-31&checkout=2026-11-02&group_adults=8&no_rooms=4&group_children=1&age=4&selected_currency=BRL,https://www.latamairlines.com/br/pt/oferta-voos?origin=SAO&outbound=2026-11-06T00%3A00%3A00.000Z&destination=SDU&inbound=2026-11-09T00%3A00%3A00.000Z&adt=1&chd=0&inf=0&trip=RT&cabin=Economy&redemption=true&sort=PRICE%2Casc,11827.8
165,SJP,São José do Rio Preto,Brazil,2026-10-31,booking,4515,1283.3,2,Thermas Resort (com Ingressos),https://www.booking.com/searchresults.pt-br.html?ss=Thermas+de+Olimpia+Resort%2C+Ol%C3%ADmpia%2C+Estado+de+S%C3%A3o+Paulo&checkin=2026-10-31&checkout=2026-11-02&group_adults=8&no_rooms=4&group_children=1&age=4&selected_currency=BRL,https://www.latamairlines.com/br/pt/oferta-voos?origin=SAO&outbound=2026-11-06T00%3A00%3A00.000Z&destination=SDU&inbound=2026-11-09T00%3A00%3A00.000Z&adt=1&chd=0&inf=0&trip=RT&cabin=Economy&redemption=true&sort=PRICE%2Casc,12214.8
98,NVT,Navegantes,Brazil,2026-10-31,booking,4682,1380.08,2,B14 Suítes (Beto),https://www.booking.com/searchresults.pt-br.html?ss=B14+Su%C3%ADtes%2C+Penha%2C+Santa+Catarina%2C+Brasil&checkin=2026-10-31&checkout=2026-11-02&group_adults=8&no_rooms=4&group_children=1&age=4&selected_currency=BRL,https://www.latamairlines.com/br/pt/oferta-voos?origin=SAO&outbound=2026-11-06T00%3A00%3A00.000Z&destination=SDU&inbound=2026-11-09T00%3A00%3A00.000Z&adt=1&chd=0&inf=0&trip=RT&cabin=Economy&redemption=true&sort=PRICE%2Casc,12962.48
131,JOI,Joinville,Brazil,2026-10-31,booking,4682,1517.3,2,B14 Suítes (Beto),https://www.booking.com/searchresults.pt-br.html?ss=B14+Su%C3%ADtes%2C+Penha%2C+Santa+Catarina%2C+Brasil&checkin=2026-10-31&checkout=2026-11-02&group_adults=8&no_rooms=4&group_children=1&age=4&selected_currency=BRL,https://www.latamairlines.com/br/pt/oferta-voos?origin=SAO&outbound=2026-11-06T00%3A00%3A00.000Z&destination=SDU&inbound=2026-11-09T00%3A00%3A00.000Z&adt=1&chd=0&inf=0&trip=RT&cabin=Economy&redemption=true&sort=PRICE%2Casc,13785.8
82,THE,Teresina,Brazil,2026-10-31,booking,5806,1342.16,2,Mikiki,https://www.booking.com/searchresults.pt-br.html?ss=Mikiki+Lifestyle+Hotel%2C+Barra+Grande&checkin=2026-10-31&checkout=2026-11-02&group_adults=8&no_rooms=4&group_children=1&age=4&selected_currency=BRL,https://www.latamairlines.com/br/pt/oferta-voos?origin=SAO&outbound=2026-11-06T00%3A00%3A00.000Z&destination=SDU&inbound=2026-11-09T00%3A00%3A00.000Z&adt=1&chd=0&inf=0&trip=RT&cabin=Economy&redemption=true&sort=PRICE%2Casc,13858.960000000001
69,MOC,Montes Claros,Brazil,2026-10-31,booking,5745,1367.3,2,Casarão Diamantina,https://www.booking.com/searchresults.pt-br.html?ss=Casar%C3%A3o+Diamantina%2C+Diamantina%2C+Minas+Gerais%2C+Brasil&checkin=2026-10-31&checkout=2026-11-02&group_adults=8&no_rooms=4&group_children=1&age=4&selected_currency=BRL,https://www.latamairlines.com/br/pt/oferta-voos?origin=SAO&outbound=2026-11-06T00%3A00%3A00.000Z&destination=SDU&inbound=2026-11-09T00%3A00%3A00.000Z&adt=1&chd=0&inf=0&trip=RT&cabin=Economy&redemption=true&sort=PRICE%2Casc,13948.8
70,CAC,Cascavel,Brazil,2026-10-30,booking,7650,1095.3,3,Catarina,https://www.booking.com/searchresults.pt-br.html?ss=Recanto+Catarina%2C+Cascavel&checkin=2026-10-30&checkout=2026-11-02&group_adults=8&no_rooms=4&group_children=1&age=4&selected_currency=BRL,https://www.latamairlines.com/br/pt/oferta-voos?origin=SAO&outbound=2026-11-06T00%3A00%3A00.000Z&destination=SDU&inbound=2026-11-09T00%3A00%3A00.000Z&adt=1&chd=0&inf=0&trip=RT&cabin=Economy&redemption=true&sort=PRICE%2Casc,14221.8
110,POA,Porto Alegre,Brazil,2026-10-31,booking,4033,1735.3,2,Pousada Quinta do Vale (snowland),https://www.booking.com/searchresults.pt-br.html?ss=Pousada+Quinta+do+Vale%2C+Gramado%2C+Rio+Grande+do+Sul%2C+Brasil&checkin=2026-10-31&checkout=2026-11-02&group_adults=8&no_rooms=4&group_children=1&age=4&selected_currency=BRL,https://www.latamairlines.com/br/pt/oferta-voos?origin=SAO&outbound=2026-11-06T00%3A00%3A00.000Z&destination=SDU&inbound=2026-11-09T00%3A00%3A00.000Z&adt=1&chd=0&inf=0&trip=RT&cabin=Economy&redemption=true&sort=PRICE%2Casc,14444.8
124,IMP,Imperatriz,Brazil,2026-10-31,booking,4179,1761.3,2,Bristol Imperatriz,https://www.booking.com/searchresults.pt-br.html?ss=Bristol+Imperatriz+Maranhao&checkin=2026-10-31&checkout=2026-11-02&group_adults=8&no_rooms=4&group_children=1&age=4&selected_currency=BRL,https://www.latamairlines.com/br/pt/oferta-voos?origin=SAO&outbound=2026-11-06T00%3A00%3A00.000Z&destination=SDU&inbound=2026-11-09T00%3A00%3A00.000Z&adt=1&chd=0&inf=0&trip=RT&cabin=Economy&redemption=true&sort=PRICE%2Casc,14746.8
164,SJP,São José do Rio Preto,Brazil,2026-10-30,booking,6773,1336.08,3,Thermas Resort (com Ingressos),https://www.booking.com/searchresults.pt-br.html?ss=Thermas+de+Olimpia+Resort%2C+Ol%C3%ADmpia%2C+Estado+de+S%C3%A3o+Paulo&checkin=2026-10-30&checkout=2026-11-02&group_adults=8&no_rooms=4&group_children=1&age=4&selected_currency=BRL,https://www.latamairlines.com/br/pt/oferta-voos?origin=SAO&outbound=2026-11-06T00%3A00%3A00.000Z&destination=SDU&inbound=2026-11-09T00%3A00%3A00.000Z&adt=1&chd=0&inf=0&trip=RT&cabin=Economy&redemption=true&sort=PRICE%2Casc,14789.48
96,CGR,Campo Grande,Brazil,2026-10-31,booking,8450,1119.3,2,Pousada Pantanal Experiência (190km),https://www.booking.com/searchresults.pt-br.html?ss=Pousada+Pantanal+Experi%C3%AAncia%2C+Miranda&checkin=2026-10-31&checkout=2026-11-02&group_adults=8&no_rooms=4&group_children=1&age=4&selected_currency=BRL,https://www.latamairlines.com/br/pt/oferta-voos?origin=SAO&outbound=2026-11-06T00%3A00%3A00.000Z&destination=SDU&inbound=2026-11-09T00%3A00%3A00.000Z&adt=1&chd=0&inf=0&trip=RT&cabin=Economy&redemption=true&sort=PRICE%2Casc,15165.8
165,SJP,São José do Rio Preto,Brazil,2026-10-31,booking,7623,1283.3,2,Wyndham (sem Ingresso),https://www.booking.com/searchresults.pt-br.html?ss=Wyndham+Ol%C3%ADmpia+Royal+Hotels&checkin=2026-10-31&checkout=2026-11-02&group_adults=8&no_rooms=4&group_children=1&age=4&selected_currency=BRL,https://www.latamairlines.com/br/pt/oferta-voos?origin=SAO&outbound=2026-11-06T00%3A00%3A00.000Z&destination=SDU&inbound=2026-11-09T00%3A00%3A00.000Z&adt=1&chd=0&inf=0&trip=RT&cabin=Economy&redemption=true&sort=PRICE%2Casc,15322.8
171,VIX,Vitória,Brazil,2026-10-31,booking,7119,1434.32,2,Sheraton Vitoria,https://www.booking.com/searchresults.pt-br.html?ss=Sheraton+Vitoria%2C+Vit%C3%B3ria%2C+Esp%C3%ADrito+Santo+%28Regi%C3%A3o+de+Vit%C3%B3ria%29%2C+Brasil&checkin=2026-10-31&checkout=2026-11-02&group_adults=8&no_rooms=4&group_children=1&age=4&selected_currency=BRL,https://www.latamairlines.com/br/pt/oferta-voos?origin=SAO&outbound=2026-11-06T00%3A00%3A00.000Z&destination=SDU&inbound=2026-11-09T00%3A00%3A00.000Z&adt=1&chd=0&inf=0&trip=RT&cabin=Economy&redemption=true&sort=PRICE%2Casc,15724.92
86,CNF,Belo Horizonte,Brazil,2026-10-31,booking,7438,1385.3,2,Classica (Ouro Preto),https://www.booking.com/searchresults.pt-br.html?ss=Hotel+Pousada+Cl%C3%A1ssica%2C+Ouro+Preto%2C+Minas+Gerais&checkin=2026-10-31&checkout=2026-11-02&group_adults=8&no_rooms=4&group_children=1&age=4&selected_currency=BRL,https://www.latamairlines.com/br/pt/oferta-voos?origin=SAO&outbound=2026-11-06T00%3A00%3A00.000Z&destination=SDU&inbound=2026-11-09T00%3A00%3A00.000Z&adt=1&chd=0&inf=0&trip=RT&cabin=Economy&redemption=true&sort=PRICE%2Casc,15749.8
100,PMW,Palmas,Brazil,2026-10-31,booking,3710,2065.3,2,Pousada Águas do Jalapão,https://www.booking.com/searchresults.pt-br.html?ss=Pousada+%C3%81guas+do+Jalap%C3%A3o%2C+Ponte+Alta+do+Tocantins%2C+Tocantins+%28Norte+do+Brasil&checkin=2026-10-31&checkout=2026-11-02&group_adults=8&no_rooms=4&group_children=1&age=4&selected_currency=BRL,https://www.latamairlines.com/br/pt/oferta-voos?origin=SAO&outbound=2026-11-06T00%3A00%3A00.000Z&destination=SDU&inbound=2026-11-09T00%3A00%3A00.000Z&adt=1&chd=0&inf=0&trip=RT&cabin=Economy&redemption=true&sort=PRICE%2Casc,16101.800000000001
165,SJP,São José do Rio Preto,Brazil,2026-10-31,booking,8527,1283.3,2,Enjoy Solar das Águas Park Resort,https://www.booking.com/searchresults.pt-br.html?ss=Enjoy+Solar+das+%C3%81guas+Park+Resort%2C+Ol%C3%ADmpia%2C+Estado+de+S%C3%A3o+Paulo%2C+Brasil&checkin=2026-10-31&checkout=2026-11-02&group_adults=8&no_rooms=4&group_children=1&age=4&selected_currency=BRL,https://www.latamairlines.com/br/pt/oferta-voos?origin=SAO&outbound=2026-11-06T00%3A00%3A00.000Z&destination=SDU&inbound=2026-11-09T00%3A00%3A00.000Z&adt=1&chd=0&inf=0&trip=RT&cabin=Economy&redemption=true&sort=PRICE%2Casc,16226.8
97,NVT,Navegantes,Brazil,2026-10-30,booking,7023,1536.08,3,B14 Suítes (Beto),https://www.booking.com/searchresults.pt-br.html?ss=B14+Su%C3%ADtes%2C+Penha%2C+Santa+Catarina%2C+Brasil&checkin=2026-10-30&checkout=2026-11-02&group_adults=8&no_rooms=4&group_children=1&age=4&selected_currency=BRL,https://www.latamairlines.com/br/pt/oferta-voos?origin=SAO&outbound=2026-11-06T00%3A00%3A00.000Z&destination=SDU&inbound=2026-11-09T00%3A00%3A00.000Z&adt=1&chd=0&inf=0&trip=RT&cabin=Economy&redemption=true&sort=PRICE%2Casc,16239.48
85,CNF,Belo Horizonte,Brazil,2026-10-30,booking,10598,972.08,3,Classica (Ouro Preto),https://www.booking.com/searchresults.pt-br.html?ss=Hotel+Pousada+Cl%C3%A1ssica%2C+Ouro+Preto%2C+Minas+Gerais&checkin=2026-10-30&checkout=2026-11-02&group_adults=8&no_rooms=4&group_children=1&age=4&selected_currency=BRL,https://www.latamairlines.com/br/pt/oferta-voos?origin=SAO&outbound=2026-11-06T00%3A00%3A00.000Z&destination=SDU&inbound=2026-11-09T00%3A00%3A00.000Z&adt=1&chd=0&inf=0&trip=RT&cabin=Economy&redemption=true&sort=PRICE%2Casc,16430.48
109,POA,Porto Alegre,Brazil,2026-10-30,booking,6050,1735.3,3,Pousada Quinta do Vale (snowland),https://www.booking.com/searchresults.pt-br.html?ss=Pousada+Quinta+do+Vale%2C+Gramado%2C+Rio+Grande+do+Sul%2C+Brasil&checkin=2026-10-30&checkout=2026-11-02&group_adults=8&no_rooms=4&group_children=1&age=4&selected_currency=BRL,https://www.latamairlines.com/br/pt/oferta-voos?origin=SAO&outbound=2026-11-06T00%3A00%3A00.000Z&destination=SDU&inbound=2026-11-09T00%3A00%3A00.000Z&adt=1&chd=0&inf=0&trip=RT&cabin=Economy&redemption=true&sort=PRICE%2Casc,16461.8
95,CGR,Campo Grande,Brazil,2026-10-30,booking,8520,1333.3,3,Pousada Girassol (Bonito),https://www.booking.com/searchresults.pt-br.html?ss=Pousada+Girassol%2C+Bonito&checkin=2026-10-30&checkout=2026-11-02&group_adults=8&no_rooms=4&group_children=1&age=4&selected_currency=BRL,https://www.latamairlines.com/br/pt/oferta-voos?origin=SAO&outbound=2026-11-06T00%3A00%3A00.000Z&destination=SDU&inbound=2026-11-09T00%3A00%3A00.000Z&adt=1&chd=0&inf=0&trip=RT&cabin=Economy&redemption=true&sort=PRICE%2Casc,16519.8
100,PMW,Palmas,Brazil,2026-10-31,booking,4451,2065.3,2,Pousada Casa de Naná,https://www.booking.com/searchresults.pt-br.html?ss=Pousada+Casa+de+Nan%C3%A1%2C+Palmas%2C+Tocantins%2C+Brasil&checkin=2026-10-31&checkout=2026-11-02&group_adults=8&no_rooms=4&group_children=1&age=4&selected_currency=BRL,https://www.latamairlines.com/br/pt/oferta-voos?origin=SAO&outbound=2026-11-06T00%3A00%3A00.000Z&destination=SDU&inbound=2026-11-09T00%3A00%3A00.000Z&adt=1&chd=0&inf=0&trip=RT&cabin=Economy&redemption=true&sort=PRICE%2Casc,16842.800000000003
130,JOI,Joinville,Brazil,2026-10-30,booking,7023,1640.38,3,B14 Suítes (Beto),https://www.booking.com/searchresults.pt-br.html?ss=B14+Su%C3%ADtes%2C+Penha%2C+Santa+Catarina%2C+Brasil&checkin=2026-10-30&checkout=2026-11-02&group_adults=8&no_rooms=4&group_children=1&age=4&selected_currency=BRL,https://www.latamairlines.com/br/pt/oferta-voos?origin=SAO&outbound=2026-11-06T00%3A00%3A00.000Z&destination=SDU&inbound=2026-11-09T00%3A00%3A00.000Z&adt=1&chd=0&inf=0&trip=RT&cabin=Economy&redemption=true&sort=PRICE%2Casc,16865.28
98,NVT,Navegantes,Brazil,2026-10-31,booking,8777,1380.08,2,Liwe Hotels,https://www.booking.com/searchresults.pt-br.html?ss=Liwe+Hotels%2C+Penha%2C+Santa+Catarina%2C+Brasil&checkin=2026-10-31&checkout=2026-11-02&group_adults=8&no_rooms=4&group_children=1&age=4&selected_currency=BRL,https://www.latamairlines.com/br/pt/oferta-voos?origin=SAO&outbound=2026-11-06T00%3A00%3A00.000Z&destination=SDU&inbound=2026-11-09T00%3A00%3A00.000Z&adt=1&chd=0&inf=0&trip=RT&cabin=Economy&redemption=true&sort=PRICE%2Casc,17057.48
100,PMW,Palmas,Brazil,2026-10-31,booking,4706,2065.3,2,Pousada Divino Toca,https://www.booking.com/searchresults.pt-br.html?ss=Pousada+Divino+Toca%2C+Palmas%2C+Tocantins%2C+Brasil&checkin=2026-10-31&checkout=2026-11-02&group_adults=8&no_rooms=4&group_children=1&age=4&selected_currency=BRL,https://www.latamairlines.com/br/pt/oferta-voos?origin=SAO&outbound=2026-11-06T00%3A00%3A00.000Z&destination=SDU&inbound=2026-11-09T00%3A00%3A00.000Z&adt=1&chd=0&inf=0&trip=RT&cabin=Economy&redemption=true&sort=PRICE%2Casc,17097.800000000003
91,BYO,Bonito,Brazil,2026-10-30,booking,8520,1447.3,3,Pousada Girassol (Bonito),https://www.booking.com/searchresults.pt-br.html?ss=Pousada+Girassol%2C+Bonito&checkin=2026-10-30&checkout=2026-11-02&group_adults=8&no_rooms=4&group_children=1&age=4&selected_currency=BRL,https://www.latamairlines.com/br/pt/oferta-voos?origin=SAO&outbound=2026-11-06T00%3A00%3A00.000Z&destination=SDU&inbound=2026-11-09T00%3A00%3A00.000Z&adt=1&chd=0&inf=0&trip=RT&cabin=Economy&redemption=true&sort=PRICE%2Casc,17203.8
139,BEL,Belém,Brazil,2026-10-31,booking,4238,2207.3,2,Quinta das Pedras,https://www.booking.com/searchresults.pt-br.html?ss=Atrium+Hotel+Quinta+De+Pedras&checkin=2026-10-31&checkout=2026-11-02&group_adults=8&no_rooms=4&group_children=1&age=4&selected_currency=BRL,https://www.latamairlines.com/br/pt/oferta-voos?origin=SAO&outbound=2026-11-06T00%3A00%3A00.000Z&destination=SDU&inbound=2026-11-09T00%3A00%3A00.000Z&adt=1&chd=0&inf=0&trip=RT&cabin=Economy&redemption=true&sort=PRICE%2Casc,17481.800000000003
131,JOI,Joinville,Brazil,2026-10-31,booking,8777,1517.3,2,Liwe Hotels,https://www.booking.com/searchresults.pt-br.html?ss=Liwe+Hotels%2C+Penha%2C+Santa+Catarina%2C+Brasil&checkin=2026-10-31&checkout=2026-11-02&group_adults=8&no_rooms=4&group_children=1&age=4&selected_currency=BRL,https://www.latamairlines.com/br/pt/oferta-voos?origin=SAO&outbound=2026-11-06T00%3A00%3A00.000Z&destination=SDU&inbound=2026-11-09T00%3A00%3A00.000Z&adt=1&chd=0&inf=0&trip=RT&cabin=Economy&redemption=true&sort=PRICE%2Casc,17880.8
133,AJU,Aracaju,Brazil,2026-10-31,booking,11160,1149.3,2,Vidam,https://www.booking.com/searchresults.pt-br.html?ss=Vidam+Hotel+Aracaju&checkin=2026-10-31&checkout=2026-11-02&group_adults=8&no_rooms=4&group_children=1&age=4&selected_currency=BRL,https://www.latamairlines.com/br/pt/oferta-voos?origin=SAO&outbound=2026-11-06T00%3A00%3A00.000Z&destination=SDU&inbound=2026-11-09T00%3A00%3A00.000Z&adt=1&chd=0&inf=0&trip=RT&cabin=Economy&redemption=true&sort=PRICE%2Casc,18055.8
86,CNF,Belo Horizonte,Brazil,2026-10-31,booking,9930,1385.3,2,Recanto do Ouro (Ouro Preto),https://www.booking.com/searchresults.pt-br.html?ss=Hotel+Recanto+do+Ouro%2C+Ouro+Preto%2C+Minas+Gerais&checkin=2026-10-31&checkout=2026-11-02&group_adults=8&no_rooms=4&group_children=1&age=4&selected_currency=BRL,https://www.latamairlines.com/br/pt/oferta-voos?origin=SAO&outbound=2026-11-06T00%3A00%3A00.000Z&destination=SDU&inbound=2026-11-09T00%3A00%3A00.000Z&adt=1&chd=0&inf=0&trip=RT&cabin=Economy&redemption=true&sort=PRICE%2Casc,18241.8
90,BVB,Boa Vista,Brazil,2026-10-31,booking,3716,2435.3,2,Ibis Styles,https://www.booking.com/searchresults.pt-br.html?ss=ibis+Styles+Boa+Vista%2C+Boa+Vista%2C+Roraima&checkin=2026-10-31&checkout=2026-11-02&group_adults=8&no_rooms=4&group_children=1&age=4&selected_currency=BRL,https://www.latamairlines.com/br/pt/oferta-voos?origin=SAO&outbound=2026-11-06T00%3A00%3A00.000Z&destination=SDU&inbound=2026-11-09T00%3A00%3A00.000Z&adt=1&chd=0&inf=0&trip=RT&cabin=Economy&redemption=true&sort=PRICE%2Casc,18327.800000000003
171,VIX,Vitória,Brazil,2026-10-31,booking,9770,1434.32,2,Pousada Pedra Azul (115km),https://www.booking.com/searchresults.pt-br.html?ss=Pousada+Pedra+Azul%2C+Pedra+Azul%2C+Esp%C3%ADrito+Santo+%28Parque+Estadual+Pedra+Azul%29%2C+Brasil&checkin=2026-10-31&checkout=2026-11-02&group_adults=8&no_rooms=4&group_children=1&age=4&selected_currency=BRL,https://www.latamairlines.com/br/pt/oferta-voos?origin=SAO&outbound=2026-11-06T00%3A00%3A00.000Z&destination=SDU&inbound=2026-11-09T00%3A00%3A00.000Z&adt=1&chd=0&inf=0&trip=RT&cabin=Economy&redemption=true&sort=PRICE%2Casc,18375.92
164,SJP,São José do Rio Preto,Brazil,2026-10-30,booking,10392,1336.08,3,Wyndham (sem Ingresso),https://www.booking.com/searchresults.pt-br.html?ss=Wyndham+Ol%C3%ADmpia+Royal+Hotels&checkin=2026-10-30&checkout=2026-11-02&group_adults=8&no_rooms=4&group_children=1&age=4&selected_currency=BRL,https://www.latamairlines.com/br/pt/oferta-voos?origin=SAO&outbound=2026-11-06T00%3A00%3A00.000Z&destination=SDU&inbound=2026-11-09T00%3A00%3A00.000Z&adt=1&chd=0&inf=0&trip=RT&cabin=Economy&redemption=true&sort=PRICE%2Casc,18408.48
450,ASU,Assunção,Paraguay,2026-10-31,booking,5019,2247.62,2,Palmaroga Hotel Asuncion,https://www.booking.com/searchresults.pt-br.html?ss=Palmaroga+Hotel+Asuncion%2C+Tapestry+Collection+by+Hilton&checkin=2026-10-31&checkout=2026-11-02&group_adults=8&no_rooms=4&group_children=1&age=4&selected_currency=BRL,https://www.latamairlines.com/br/pt/oferta-voos?origin=SAO&outbound=2026-11-06T00%3A00%3A00.000Z&destination=SDU&inbound=2026-11-09T00%3A00%3A00.000Z&adt=1&chd=0&inf=0&trip=RT&cabin=Economy&redemption=true&sort=PRICE%2Casc,18504.72
212,LSC,La Serena,Chile,2026-10-31,booking,5068,2291.3,2,Glaciar de Roca Lofts,https://sp.booking.com/searchresults.pt-br.html?ss=Glaciar+de+Roca+Lofts%2C+Horcon%2C+Coquimbo+Region%2C+Chile&checkin=2026-10-31&checkout=2026-11-02&group_adults=8&no_rooms=4&group_children=1&age=4&selected_currency=BRL,https://www.latamairlines.com/br/pt/oferta-voos?origin=SAO&outbound=2026-11-06T00%3A00%3A00.000Z&destination=SDU&inbound=2026-11-09T00%3A00%3A00.000Z&adt=1&chd=0&inf=0&trip=RT&cabin=Economy&redemption=true&sort=PRICE%2Casc,18815.800000000003
86,CNF,Belo Horizonte,Brazil,2026-10-31,booking,10528,1385.3,2,Vila Galé Collection Ouro Preto,https://www.booking.com/searchresults.pt-br.html?ss=Vila+Gal%C3%A9+Collection+Ouro+Preto%2C+Ouro+Preto%2C+Minas+Gerais&checkin=2026-10-31&checkout=2026-11-02&group_adults=8&no_rooms=4&group_children=1&age=4&selected_currency=BRL,https://www.latamairlines.com/br/pt/oferta-voos?origin=SAO&outbound=2026-11-06T00%3A00%3A00.000Z&destination=SDU&inbound=2026-11-09T00%3A00%3A00.000Z&adt=1&chd=0&inf=0&trip=RT&cabin=Economy&redemption=true&sort=PRICE%2Casc,18839.8
165,SJP,São José do Rio Preto,Brazil,2026-10-31,booking,11171,1283.3,2,Celebration Resort (com Ingressos),https://www.booking.com/searchresults.pt-br.html?ss=Hot+Beach+Celebration%2C+Ol%C3%ADmpia%2C+Estado+de+S%C3%A3o+Paulo%2C+Brasil&checkin=2026-10-31&checkout=2026-11-02&group_adults=8&no_rooms=4&group_children=1&age=4&selected_currency=BRL,https://www.latamairlines.com/br/pt/oferta-voos?origin=SAO&outbound=2026-11-06T00%3A00%3A00.000Z&destination=SDU&inbound=2026-11-09T00%3A00%3A00.000Z&adt=1&chd=0&inf=0&trip=RT&cabin=Economy&redemption=true&sort=PRICE%2Casc,18870.8
86,CNF,Belo Horizonte,Brazil,2026-10-31,booking,10590,1385.3,2,Hotel Luxor (Ouro Preto),https://www.booking.com/searchresults.pt-br.html?ss=Hotel+Luxor%2C+Ouro+Preto%2C+Minas+Gerais&checkin=2026-10-31&checkout=2026-11-02&group_adults=8&no_rooms=4&group_children=1&age=4&selected_currency=BRL,https://www.latamairlines.com/br/pt/oferta-voos?origin=SAO&outbound=2026-11-06T00%3A00%3A00.000Z&destination=SDU&inbound=2026-11-09T00%3A00%3A00.000Z&adt=1&chd=0&inf=0&trip=RT&cabin=Economy&redemption=true&sort=PRICE%2Casc,18901.8
112,CWB,Curitiba,Brazil,2026-10-31,booking,12044,1150.08,2,Hotel Boutique Vinícola Slaviero (29km),https://www.booking.com/searchresults.pt-br.html?ss=Hotel+Boutique+Vin%C3%ADcola+Arauc%C3%A1ria+by+Slaviero+Hot%C3%A9is&checkin=2026-10-31&checkout=2026-11-02&group_adults=8&no_rooms=4&group_children=1&age=4&selected_currency=BRL,https://www.latamairlines.com/br/pt/oferta-voos?origin=SAO&outbound=2026-11-06T00%3A00%3A00.000Z&destination=SDU&inbound=2026-11-09T00%3A00%3A00.000Z&adt=1&chd=0&inf=0&trip=RT&cabin=Economy&redemption=true&sort=PRICE%2Casc,18944.48
208,IQQ,Iquique,Chile,2026-10-31,booking,3008,2656.96,2,Hotel Terrado Cavancha,https://www.booking.com/searchresults.pt-br.html?ss=Hotel+Terrado+Cavancha%2C+Iquique%2C+Tarapac%C3%A1%2C+Chile&checkin=2026-10-31&checkout=2026-11-02&group_adults=8&no_rooms=4&group_children=1&age=4&selected_currency=BRL,https://www.latamairlines.com/br/pt/oferta-voos?origin=SAO&outbound=2026-11-06T00%3A00%3A00.000Z&destination=SDU&inbound=2026-11-09T00%3A00%3A00.000Z&adt=1&chd=0&inf=0&trip=RT&cabin=Economy&redemption=true&sort=PRICE%2Casc,18949.760000000002
141,MAB,Marabá,Brazil,2026-10-31,booking,3396,2594.08,2,Hotel São Bento,https://www.booking.com/searchresults.pt-br.html?ss=Hotel+S%C3%A3o+Bento%2C+Marab%C3%A1%2C+Par%C3%A1%2C+Brasil&checkin=2026-10-31&checkout=2026-11-02&group_adults=8&no_rooms=4&group_children=1&age=4&selected_currency=BRL,https://www.latamairlines.com/br/pt/oferta-voos?origin=SAO&outbound=2026-11-06T00%3A00%3A00.000Z&destination=SDU&inbound=2026-11-09T00%3A00%3A00.000Z&adt=1&chd=0&inf=0&trip=RT&cabin=Economy&redemption=true&sort=PRICE%2Casc,18960.48
208,IQQ,Iquique,Chile,2026-10-31,booking,3203,2656.96,2,NH Iquique Costa,https://www.booking.com/searchresults.pt-br.html?ss=NH+Iquique+Costa%2C+Iquique%2C+Tarapac%C3%A1%2C+Chile&checkin=2026-10-31&checkout=2026-11-02&group_adults=8&no_rooms=4&group_children=1&age=4&selected_currency=BRL,https://www.latamairlines.com/br/pt/oferta-voos?origin=SAO&outbound=2026-11-06T00%3A00%3A00.000Z&destination=SDU&inbound=2026-11-09T00%3A00%3A00.000Z&adt=1&chd=0&inf=0&trip=RT&cabin=Economy&redemption=true&sort=PRICE%2Casc,19144.760000000002
172,MCP,Macapá,Brazil,2026-10-30,booking,9000,1709.3,3,Hotel Do Forte,https://www.booking.com/searchresults.pt-br.html?ss=Hotel+Do+Forte%2C+Macap%C3%A1%2C+Amap%C3%A1+%28Norte+do+Brasil%29%2C+Brasil&checkin=2026-10-30&checkout=2026-11-02&group_adults=8&no_rooms=4&group_children=1&age=4&selected_currency=BRL,https://www.latamairlines.com/br/pt/oferta-voos?origin=SAO&outbound=2026-11-06T00%3A00%3A00.000Z&destination=SDU&inbound=2026-11-09T00%3A00%3A00.000Z&adt=1&chd=0&inf=0&trip=RT&cabin=Economy&redemption=true&sort=PRICE%2Casc,19255.8
138,BEL,Belém,Brazil,2026-10-30,booking,7550,1953.3,3,Quinta das Pedras,https://www.booking.com/searchresults.pt-br.html?ss=Atrium+Hotel+Quinta+De+Pedras&checkin=2026-10-30&checkout=2026-11-02&group_adults=8&no_rooms=4&group_children=1&age=4&selected_currency=BRL,https://www.latamairlines.com/br/pt/oferta-voos?origin=SAO&outbound=2026-11-06T00%3A00%3A00.000Z&destination=SDU&inbound=2026-11-09T00%3A00%3A00.000Z&adt=1&chd=0&inf=0&trip=RT&cabin=Economy&redemption=true&sort=PRICE%2Casc,19269.8
139,BEL,Belém,Brazil,2026-10-31,booking,6334,2207.3,2,Aqualand Park & Resort,https://www.booking.com/searchresults.pt-br.html?ss=Aqualand+Park+%26+Resort+Oficial%2C+Salin%C3%B3polis%2C+Par%C3%A1&checkin=2026-10-31&checkout=2026-11-02&group_adults=8&no_rooms=4&group_children=1&age=4&selected_currency=BRL,https://www.latamairlines.com/br/pt/oferta-voos?origin=SAO&outbound=2026-11-06T00%3A00%3A00.000Z&destination=SDU&inbound=2026-11-09T00%3A00%3A00.000Z&adt=1&chd=0&inf=0&trip=RT&cabin=Economy&redemption=true&sort=PRICE%2Casc,19577.800000000003
459,LIM,Lima,Peru,2026-10-31,booking,9979,1599.86,2,Hyatt Centric San Isidro Lima,https://www.booking.com/searchresults.pt-br.html?ss=Hyatt+Centric+San+Isidro+Lima%2C+Lima%2C+Prov%C3%ADncia+de+Lima%2C+Peru&checkin=2026-10-31&checkout=2026-11-02&group_adults=8&no_rooms=4&group_children=1&age=4&selected_currency=BRL,https://www.latamairlines.com/br/pt/oferta-voos?origin=SAO&outbound=2026-11-06T00%3A00%3A00.000Z&destination=SDU&inbound=2026-11-09T00%3A00%3A00.000Z&adt=1&chd=0&inf=0&trip=RT&cabin=Economy&redemption=true&sort=PRICE%2Casc,19578.16
170,VIX,Vitória,Brazil,2026-10-30,booking,10679,1487.04,3,Sheraton Vitoria,https://www.booking.com/searchresults.pt-br.html?ss=Sheraton+Vitoria%2C+Vit%C3%B3ria%2C+Esp%C3%ADrito+Santo+%28Regi%C3%A3o+de+Vit%C3%B3ria%29%2C+Brasil&checkin=2026-10-30&checkout=2026-11-02&group_adults=8&no_rooms=4&group_children=1&age=4&selected_currency=BRL,https://www.latamairlines.com/br/pt/oferta-voos?origin=SAO&outbound=2026-11-06T00%3A00%3A00.000Z&destination=SDU&inbound=2026-11-09T00%3A00%3A00.000Z&adt=1&chd=0&inf=0&trip=RT&cabin=Economy&redemption=true&sort=PRICE%2Casc,19601.239999999998
85,CNF,Belo Horizonte,Brazil,2026-10-30,booking,13795,972.08,3,Recanto do Ouro (Ouro Preto),https://www.booking.com/searchresults.pt-br.html?ss=Hotel+Recanto+do+Ouro%2C+Ouro+Preto%2C+Minas+Gerais&checkin=2026-10-30&checkout=2026-11-02&group_adults=8&no_rooms=4&group_children=1&age=4&selected_currency=BRL,https://www.latamairlines.com/br/pt/oferta-voos?origin=SAO&outbound=2026-11-06T00%3A00%3A00.000Z&destination=SDU&inbound=2026-11-09T00%3A00%3A00.000Z&adt=1&chd=0&inf=0&trip=RT&cabin=Economy&redemption=true&sort=PRICE%2Casc,19627.48
164,SJP,São José do Rio Preto,Brazil,2026-10-30,booking,11786,1336.08,3,Enjoy Solar das Águas Park Resort,https://www.booking.com/searchresults.pt-br.html?ss=Enjoy+Solar+das+%C3%81guas+Park+Resort%2C+Ol%C3%ADmpia%2C+Estado+de+S%C3%A3o+Paulo%2C+Brasil&checkin=2026-10-30&checkout=2026-11-02&group_adults=8&no_rooms=4&group_children=1&age=4&selected_currency=BRL,https://www.latamairlines.com/br/pt/oferta-voos?origin=SAO&outbound=2026-11-06T00%3A00%3A00.000Z&destination=SDU&inbound=2026-11-09T00%3A00%3A00.000Z&adt=1&chd=0&inf=0&trip=RT&cabin=Economy&redemption=true&sort=PRICE%2Casc,19802.48
208,IQQ,Iquique,Chile,2026-10-31,booking,4060,2656.96,2,Hotel Gavina Costa Mar,https://www.booking.com/searchresults.pt-br.html?ss=Hotel+Gavina+Costa+Mar%2C+Iquique%2C+Tarapac%C3%A1%2C+Chile&checkin=2026-10-31&checkout=2026-11-02&group_adults=8&no_rooms=4&group_children=1&age=4&selected_currency=BRL,https://www.latamairlines.com/br/pt/oferta-voos?origin=SAO&outbound=2026-11-06T00%3A00%3A00.000Z&destination=SDU&inbound=2026-11-09T00%3A00%3A00.000Z&adt=1&chd=0&inf=0&trip=RT&cabin=Economy&redemption=true&sort=PRICE%2Casc,20001.760000000002
71,CAC,Cascavel,Brazil,2026-10-31,booking,13293,1121.3,2,Sanma (prox Aero),https://www.booking.com/searchresults.pt-br.html?ss=Sanma+Hotel%2C+Foz+do+Igua%C3%A7u%2C+Paran%C3%A1&checkin=2026-10-31&checkout=2026-11-02&group_adults=8&no_rooms=4&group_children=1&age=4&selected_currency=BRL,https://www.latamairlines.com/br/pt/oferta-voos?origin=SAO&outbound=2026-11-06T00%3A00%3A00.000Z&destination=SDU&inbound=2026-11-09T00%3A00%3A00.000Z&adt=1&chd=0&inf=0&trip=RT&cabin=Economy&redemption=true&sort=PRICE%2Casc,20020.8
99,PMW,Palmas,Brazil,2026-10-30,booking,5565,2428.86,3,Pousada Águas do Jalapão,https://www.booking.com/searchresults.pt-br.html?ss=Pousada+%C3%81guas+do+Jalap%C3%A3o%2C+Ponte+Alta+do+Tocantins%2C+Tocantins+%28Norte+do+Brasil&checkin=2026-10-30&checkout=2026-11-02&group_adults=8&no_rooms=4&group_children=1&age=4&selected_currency=BRL,https://www.latamairlines.com/br/pt/oferta-voos?origin=SAO&outbound=2026-11-06T00%3A00%3A00.000Z&destination=SDU&inbound=2026-11-09T00%3A00%3A00.000Z&adt=1&chd=0&inf=0&trip=RT&cabin=Economy&redemption=true&sort=PRICE%2Casc,20138.16
208,IQQ,Iquique,Chile,2026-10-31,booking,4202,2656.96,2,El Huarango Eco Lodge,https://www.booking.com/searchresults.pt-br.html?ss=El+Huarango+Eco+Lodge%2C+La+Huaica%2C+Tarapac%C3%A1%2C+Chile&checkin=2026-10-31&checkout=2026-11-02&group_adults=8&no_rooms=4&group_children=1&age=4&selected_currency=BRL,https://www.latamairlines.com/br/pt/oferta-voos?origin=SAO&outbound=2026-11-06T00%3A00%3A00.000Z&destination=SDU&inbound=2026-11-09T00%3A00%3A00.000Z&adt=1&chd=0&inf=0&trip=RT&cabin=Economy&redemption=true&sort=PRICE%2Casc,20143.760000000002
450,ASU,Assunção,Paraguay,2026-10-31,booking,6796,2247.62,2,Five Hotel & Residences,https://www.booking.com/searchresults.pt-br.html?ss=Five+Hotel+%26+Residences%2C+Asuncion&checkin=2026-10-31&checkout=2026-11-02&group_adults=8&no_rooms=4&group_children=1&age=4&selected_currency=BRL,https://www.latamairlines.com/br/pt/oferta-voos?origin=SAO&outbound=2026-11-06T00%3A00%3A00.000Z&destination=SDU&inbound=2026-11-09T00%3A00%3A00.000Z&adt=1&chd=0&inf=0&trip=RT&cabin=Economy&redemption=true&sort=PRICE%2Casc,20281.72
459,LIM,Lima,Peru,2026-10-31,booking,10727,1599.86,2,"Souma Hotel, Vignette Collection by IHG",https://www.booking.com/searchresults.pt-br.html?ss=SOUMA+Hotel%2C+Vignette+Collection+by+IHG%2C+Lima%2C+Prov%C3%ADncia+de+Lima%2C+Peru&checkin=2026-10-31&checkout=2026-11-02&group_adults=8&no_rooms=4&group_children=1&age=4&selected_currency=BRL,https://www.latamairlines.com/br/pt/oferta-voos?origin=SAO&outbound=2026-11-06T00%3A00%3A00.000Z&destination=SDU&inbound=2026-11-09T00%3A00%3A00.000Z&adt=1&chd=0&inf=0&trip=RT&cabin=Economy&redemption=true&sort=PRICE%2Casc,20326.16
140,MAB,Marabá,Brazil,2026-10-30,booking,5094,2563.3,3,Hotel São Bento,https://www.booking.com/searchresults.pt-br.html?ss=Hotel+S%C3%A3o+Bento%2C+Marab%C3%A1%2C+Par%C3%A1%2C+Brasil&checkin=2026-10-30&checkout=2026-11-02&group_adults=8&no_rooms=4&group_children=1&age=4&selected_currency=BRL,https://www.latamairlines.com/br/pt/oferta-voos?origin=SAO&outbound=2026-11-06T00%3A00%3A00.000Z&destination=SDU&inbound=2026-11-09T00%3A00%3A00.000Z&adt=1&chd=0&inf=0&trip=RT&cabin=Economy&redemption=true&sort=PRICE%2Casc,20473.800000000003
207,IQQ,Iquique,Chile,2026-10-30,booking,4578,2656.96,3,Hotel Terrado Cavancha,https://www.booking.com/searchresults.pt-br.html?ss=Hotel+Terrado+Cavancha%2C+Iquique%2C+Tarapac%C3%A1%2C+Chile&checkin=2026-10-30&checkout=2026-11-02&group_adults=8&no_rooms=4&group_children=1&age=4&selected_currency=BRL,https://www.latamairlines.com/br/pt/oferta-voos?origin=SAO&outbound=2026-11-06T00%3A00%3A00.000Z&destination=SDU&inbound=2026-11-09T00%3A00%3A00.000Z&adt=1&chd=0&inf=0&trip=RT&cabin=Economy&redemption=true&sort=PRICE%2Casc,20519.760000000002
208,IQQ,Iquique,Chile,2026-10-31,booking,4591,2656.96,2,NH Iquique Pacifico,https://www.booking.com/searchresults.pt-br.html?ss=NH+Iquique+Pacifico%2C+Iquique%2C+Tarapac%C3%A1%2C+Chile&checkin=2026-10-31&checkout=2026-11-02&group_adults=8&no_rooms=4&group_children=1&age=4&selected_currency=BRL,https://www.latamairlines.com/br/pt/oferta-voos?origin=SAO&outbound=2026-11-06T00%3A00%3A00.000Z&destination=SDU&inbound=2026-11-09T00%3A00%3A00.000Z&adt=1&chd=0&inf=0&trip=RT&cabin=Economy&redemption=true&sort=PRICE%2Casc,20532.760000000002
145,UDI,Uberlândia,Brazil,2026-10-31,booking,15999,757.3,2,Giardino 8.3 (Rio Quente Resort),https://www.booking.com/searchresults.pt-br.html?ss=Rio+Quente+Resorts+-+Hotel+Giardino%2C+Rio+Quente%2C+Goi%C3%A1s%2C+Brasil&ssne=Rio+Quente&checkin=2026-10-31&checkout=2026-11-02&group_adults=8&no_rooms=4&group_children=1&age=4&selected_currency=BRL,https://www.latamairlines.com/br/pt/oferta-voos?origin=SAO&outbound=2026-11-06T00%3A00%3A00.000Z&destination=SDU&inbound=2026-11-09T00%3A00%3A00.000Z&adt=1&chd=0&inf=0&trip=RT&cabin=Economy&redemption=true&sort=PRICE%2Casc,20542.8
153,CGB,Cuiabá,Brazil,2026-10-31,booking,15092,917.4,2,Rio Claro + Chalana 8.1 (147km),https://www.booking.com/searchresults.pt-br.html?ss=Pousada+Rio+Claro%2C+Pocon%C3%A9%2C+Mato+Grosso&checkin=2026-10-31&checkout=2026-11-02&group_adults=8&no_rooms=4&group_children=1&age=4&selected_currency=BRL,https://www.latamairlines.com/br/pt/oferta-voos?origin=SAO&outbound=2026-11-06T00%3A00%3A00.000Z&destination=SDU&inbound=2026-11-09T00%3A00%3A00.000Z&adt=1&chd=0&inf=0&trip=RT&cabin=Economy&redemption=true&sort=PRICE%2Casc,20596.4
207,IQQ,Iquique,Chile,2026-10-30,booking,4722,2656.96,3,NH Iquique Costa,https://www.booking.com/searchresults.pt-br.html?ss=NH+Iquique+Costa%2C+Iquique%2C+Tarapac%C3%A1%2C+Chile&checkin=2026-10-30&checkout=2026-11-02&group_adults=8&no_rooms=4&group_children=1&age=4&selected_currency=BRL,https://www.latamairlines.com/br/pt/oferta-voos?origin=SAO&outbound=2026-11-06T00%3A00%3A00.000Z&destination=SDU&inbound=2026-11-09T00%3A00%3A00.000Z&adt=1&chd=0&inf=0&trip=RT&cabin=Economy&redemption=true&sort=PRICE%2Casc,20663.760000000002
95,CGR,Campo Grande,Brazil,2026-10-30,booking,12675,1333.3,3,Pousada Pantanal Experiência (190km),https://www.booking.com/searchresults.pt-br.html?ss=Pousada+Pantanal+Experi%C3%AAncia%2C+Miranda&checkin=2026-10-30&checkout=2026-11-02&group_adults=8&no_rooms=4&group_children=1&age=4&selected_currency=BRL,https://www.latamairlines.com/br/pt/oferta-voos?origin=SAO&outbound=2026-11-06T00%3A00%3A00.000Z&destination=SDU&inbound=2026-11-09T00%3A00%3A00.000Z&adt=1&chd=0&inf=0&trip=RT&cabin=Economy&redemption=true&sort=PRICE%2Casc,20674.8
138,BEL,Belém,Brazil,2026-10-30,booking,9026,1953.3,3,Aqualand Park & Resort,https://www.booking.com/searchresults.pt-br.html?ss=Aqualand+Park+%26+Resort+Oficial%2C+Salin%C3%B3polis%2C+Par%C3%A1&checkin=2026-10-30&checkout=2026-11-02&group_adults=8&no_rooms=4&group_children=1&age=4&selected_currency=BRL,https://www.latamairlines.com/br/pt/oferta-voos?origin=SAO&outbound=2026-11-06T00%3A00%3A00.000Z&destination=SDU&inbound=2026-11-09T00%3A00%3A00.000Z&adt=1&chd=0&inf=0&trip=RT&cabin=Economy&redemption=true&sort=PRICE%2Casc,20745.8
208,IQQ,Iquique,Chile,2026-10-31,booking,4916,2656.96,2,Tantakuy Eco Experience Hotel,https://www.booking.com/searchresults.pt-br.html?ss=Tantakuy+Eco+Experience+Hotel%2C+La+Huaica%2C+Tarapac%C3%A1%2C+Chile&checkin=2026-10-31&checkout=2026-11-02&group_adults=8&no_rooms=4&group_children=1&age=4&selected_currency=BRL,https://www.latamairlines.com/br/pt/oferta-voos?origin=SAO&outbound=2026-11-06T00%3A00%3A00.000Z&destination=SDU&inbound=2026-11-09T00%3A00%3A00.000Z&adt=1&chd=0&inf=0&trip=RT&cabin=Economy&redemption=true&sort=PRICE%2Casc,20857.760000000002
208,IQQ,Iquique,Chile,2026-10-31,booking,4918,2656.96,2,Terrado Suites Iquique,https://www.booking.com/searchresults.pt-br.html?ss=Terrado+Suites+Iquique%2C+Iquique%2C+Tarapac%C3%A1%2C+Chile&checkin=2026-10-31&checkout=2026-11-02&group_adults=8&no_rooms=4&group_children=1&age=4&selected_currency=BRL,https://www.latamairlines.com/br/pt/oferta-voos?origin=SAO&outbound=2026-11-06T00%3A00%3A00.000Z&destination=SDU&inbound=2026-11-09T00%3A00%3A00.000Z&adt=1&chd=0&inf=0&trip=RT&cabin=Economy&redemption=true&sort=PRICE%2Casc,20859.760000000002
157,RAO,Ribeirão Preto,Brazil,2026-10-31,booking,13697,1216.08,2,JP Ribeirão Preto Resort ,https://www.booking.com/searchresults.pt-br.html?ss=Hotel+JP+Ribeir%C3%A3o+Preto+Resort+%26+Conven%C3%A7%C3%B5es+by+Nacional+Inn%2C+Ribeir%C3%A3o+Preto%2C+Estado+de+S%C3%A3o+Paulo%2C+Brasil&checkin=2026-10-31&checkout=2026-11-02&group_adults=8&no_rooms=4&group_children=1&age=4&selected_currency=BRL,https://www.latamairlines.com/br/pt/oferta-voos?origin=SAO&outbound=2026-11-06T00%3A00%3A00.000Z&destination=SDU&inbound=2026-11-09T00%3A00%3A00.000Z&adt=1&chd=0&inf=0&trip=RT&cabin=Economy&redemption=true&sort=PRICE%2Casc,20993.48
99,PMW,Palmas,Brazil,2026-10-30,booking,6482,2428.86,3,Pousada Casa de Naná,https://www.booking.com/searchresults.pt-br.html?ss=Pousada+Casa+de+Nan%C3%A1%2C+Palmas%2C+Tocantins%2C+Brasil&checkin=2026-10-30&checkout=2026-11-02&group_adults=8&no_rooms=4&group_children=1&age=4&selected_currency=BRL,https://www.latamairlines.com/br/pt/oferta-voos?origin=SAO&outbound=2026-11-06T00%3A00%3A00.000Z&destination=SDU&inbound=2026-11-09T00%3A00%3A00.000Z&adt=1&chd=0&inf=0&trip=RT&cabin=Economy&redemption=true&sort=PRICE%2Casc,21055.16
220,ZCO,Temuco,Chile,2026-10-31,booking,5942,2531.58,2,Das Dorf Hotel,https://www.booking.com/searchresults.pt-br.html?ss=Das+Dorf+Hotel%2C+Puc%C3%B3n%2C+Araucania%2C+Chile&checkin=2026-10-31&checkout=2026-11-02&group_adults=8&no_rooms=4&group_children=1&age=4&selected_currency=BRL,https://www.latamairlines.com/br/pt/oferta-voos?origin=SAO&outbound=2026-11-06T00%3A00%3A00.000Z&destination=SDU&inbound=2026-11-09T00%3A00%3A00.000Z&adt=1&chd=0&inf=0&trip=RT&cabin=Economy&redemption=true&sort=PRICE%2Casc,21131.48
449,ASU,Assunção,Paraguay,2026-10-30,booking,7688,2247.62,3,Palmaroga Hotel Asuncion,https://www.booking.com/searchresults.pt-br.html?ss=Palmaroga+Hotel+Asuncion%2C+Tapestry+Collection+by+Hilton&checkin=2026-10-30&checkout=2026-11-02&group_adults=8&no_rooms=4&group_children=1&age=4&selected_currency=BRL,https://www.latamairlines.com/br/pt/oferta-voos?origin=SAO&outbound=2026-11-06T00%3A00%3A00.000Z&destination=SDU&inbound=2026-11-09T00%3A00%3A00.000Z&adt=1&chd=0&inf=0&trip=RT&cabin=Economy&redemption=true&sort=PRICE%2Casc,21173.72
85,CNF,Belo Horizonte,Brazil,2026-10-30,booking,15456,972.08,3,Vila Galé Collection Ouro Preto,https://www.booking.com/searchresults.pt-br.html?ss=Vila+Gal%C3%A9+Collection+Ouro+Preto%2C+Ouro+Preto%2C+Minas+Gerais&checkin=2026-10-30&checkout=2026-11-02&group_adults=8&no_rooms=4&group_children=1&age=4&selected_currency=BRL,https://www.latamairlines.com/br/pt/oferta-voos?origin=SAO&outbound=2026-11-06T00%3A00%3A00.000Z&destination=SDU&inbound=2026-11-09T00%3A00%3A00.000Z&adt=1&chd=0&inf=0&trip=RT&cabin=Economy&redemption=true&sort=PRICE%2Casc,21288.48
91,BYO,Bonito,Brazil,2026-10-30,booking,12675,1447.3,3,Pousada Pantanal Experiência,https://www.booking.com/searchresults.pt-br.html?ss=Pousada+Pantanal+Experi%C3%AAncia%2C+Miranda&checkin=2026-10-30&checkout=2026-11-02&group_adults=8&no_rooms=4&group_children=1&age=4&selected_currency=BRL,https://www.latamairlines.com/br/pt/oferta-voos?origin=SAO&outbound=2026-11-06T00%3A00%3A00.000Z&destination=SDU&inbound=2026-11-09T00%3A00%3A00.000Z&adt=1&chd=0&inf=0&trip=RT&cabin=Economy&redemption=true&sort=PRICE%2Casc,21358.8
82,THE,Teresina,Brazil,2026-10-31,booking,13395,1342.16,2,Mona,https://www.booking.com/searchresults.pt-br.html?ss=Mon%C3%A3+Hotel%2C+Teresina&checkin=2026-10-31&checkout=2026-11-02&group_adults=8&no_rooms=4&group_children=1&age=4&selected_currency=BRL,https://www.latamairlines.com/br/pt/oferta-voos?origin=SAO&outbound=2026-11-06T00%3A00%3A00.000Z&destination=SDU&inbound=2026-11-09T00%3A00%3A00.000Z&adt=1&chd=0&inf=0&trip=RT&cabin=Economy&redemption=true&sort=PRICE%2Casc,21447.96
450,ASU,Assunção,Paraguay,2026-10-31,booking,8039,2247.62,2,Yacht & Golf Club Paraguayo,https://www.booking.com/searchresults.pt-br.html?ss=Yacht+%26+Golf+Club+Paraguayo&checkin=2026-10-31&checkout=2026-11-02&group_adults=8&no_rooms=4&group_children=1&age=4&selected_currency=BRL,https://www.latamairlines.com/br/pt/oferta-voos?origin=SAO&outbound=2026-11-06T00%3A00%3A00.000Z&destination=SDU&inbound=2026-11-09T00%3A00%3A00.000Z&adt=1&chd=0&inf=0&trip=RT&cabin=Economy&redemption=true&sort=PRICE%2Casc,21524.72
173,MCP,Macapá,Brazil,2026-10-31,booking,6000,2591.3,2,Hotel Do Forte,https://www.booking.com/searchresults.pt-br.html?ss=Hotel+Do+Forte%2C+Macap%C3%A1%2C+Amap%C3%A1+%28Norte+do+Brasil%29%2C+Brasil&checkin=2026-10-31&checkout=2026-11-02&group_adults=8&no_rooms=4&group_children=1&age=4&selected_currency=BRL,https://www.latamairlines.com/br/pt/oferta-voos?origin=SAO&outbound=2026-11-06T00%3A00%3A00.000Z&destination=SDU&inbound=2026-11-09T00%3A00%3A00.000Z&adt=1&chd=0&inf=0&trip=RT&cabin=Economy&redemption=true&sort=PRICE%2Casc,21547.800000000003
167,JPA,João Pessoa,Brazil,2026-10-31,booking,8733,2140.42,2,LS Hotel,https://www.booking.com/searchresults.pt-br.html?ss=LS+Hotel%2C+Jo%C3%A3o+Pessoa&checkin=2026-10-31&checkout=2026-11-02&group_adults=8&no_rooms=4&group_children=1&age=4&selected_currency=BRL,https://www.latamairlines.com/br/pt/oferta-voos?origin=SAO&outbound=2026-11-06T00%3A00%3A00.000Z&destination=SDU&inbound=2026-11-09T00%3A00%3A00.000Z&adt=1&chd=0&inf=0&trip=RT&cabin=Economy&redemption=true&sort=PRICE%2Casc,21575.52
99,PMW,Palmas,Brazil,2026-10-30,booking,7059,2428.86,3,Pousada Divino Toca,https://www.booking.com/searchresults.pt-br.html?ss=Pousada+Divino+Toca%2C+Palmas%2C+Tocantins%2C+Brasil&checkin=2026-10-30&checkout=2026-11-02&group_adults=8&no_rooms=4&group_children=1&age=4&selected_currency=BRL,https://www.latamairlines.com/br/pt/oferta-voos?origin=SAO&outbound=2026-11-06T00%3A00%3A00.000Z&destination=SDU&inbound=2026-11-09T00%3A00%3A00.000Z&adt=1&chd=0&inf=0&trip=RT&cabin=Economy&redemption=true&sort=PRICE%2Casc,21632.16
85,CNF,Belo Horizonte,Brazil,2026-10-30,booking,15885,972.08,3,Hotel Luxor (Ouro Preto),https://www.booking.com/searchresults.pt-br.html?ss=Hotel+Luxor%2C+Ouro+Preto%2C+Minas+Gerais&checkin=2026-10-30&checkout=2026-11-02&group_adults=8&no_rooms=4&group_children=1&age=4&selected_currency=BRL,https://www.latamairlines.com/br/pt/oferta-voos?origin=SAO&outbound=2026-11-06T00%3A00%3A00.000Z&destination=SDU&inbound=2026-11-09T00%3A00%3A00.000Z&adt=1&chd=0&inf=0&trip=RT&cabin=Economy&redemption=true&sort=PRICE%2Casc,21717.48
168,SLZ,São Luís,Brazil,2026-10-30,booking,10143,1929.3,3,Porto Preguiças,https://www.booking.com/searchresults.pt-br.html?ss=Porto+Pregui%C3%A7as+Resort%2C+Barreirinhas%2C+Maranh%C3%A3o&checkin=2026-10-30&checkout=2026-11-02&group_adults=8&no_rooms=4&group_children=1&age=4&selected_currency=BRL,https://www.latamairlines.com/br/pt/oferta-voos?origin=SAO&outbound=2026-11-06T00%3A00%3A00.000Z&destination=SDU&inbound=2026-11-09T00%3A00%3A00.000Z&adt=1&chd=0&inf=0&trip=RT&cabin=Economy&redemption=true&sort=PRICE%2Casc,21718.8
109,POA,Porto Alegre,Brazil,2026-10-30,booking,11352,1735.3,3,Wyndham (snowland),https://www.booking.com/searchresults.pt-br.html?ss=Wyndham+Gramado+Termas+Resort+%26+Spa%2C+Gramado%2C+Rio+Grande+do+Sul&checkin=2026-10-30&checkout=2026-11-02&group_adults=8&no_rooms=4&group_children=1&age=4&selected_currency=BRL,https://www.latamairlines.com/br/pt/oferta-voos?origin=SAO&outbound=2026-11-06T00%3A00%3A00.000Z&destination=SDU&inbound=2026-11-09T00%3A00%3A00.000Z&adt=1&chd=0&inf=0&trip=RT&cabin=Economy&redemption=true&sort=PRICE%2Casc,21763.8
102,CXJ,Caxias do Sul,Brazil,2026-10-31,booking,14502,1223.3,2,249 DESIGN (Gramado),https://www.booking.com/searchresults.pt-br.html?ss=249+DESIGN+HOTEL%2C+Gramado&checkin=2026-10-31&checkout=2026-11-02&group_adults=8&no_rooms=4&group_children=1&age=4&selected_currency=BRL,https://www.latamairlines.com/br/pt/oferta-voos?origin=SAO&outbound=2026-11-06T00%3A00%3A00.000Z&destination=SDU&inbound=2026-11-09T00%3A00%3A00.000Z&adt=1&chd=0&inf=0&trip=RT&cabin=Economy&redemption=true&sort=PRICE%2Casc,21841.8
81,THE,Teresina,Brazil,2026-10-30,booking,8982,2153.42,3,Mikiki,https://www.booking.com/searchresults.pt-br.html?ss=Mikiki+Lifestyle+Hotel%2C+Barra+Grande&checkin=2026-10-30&checkout=2026-11-02&group_adults=8&no_rooms=4&group_children=1&age=4&selected_currency=BRL,https://www.latamairlines.com/br/pt/oferta-voos?origin=SAO&outbound=2026-11-06T00%3A00%3A00.000Z&destination=SDU&inbound=2026-11-09T00%3A00%3A00.000Z&adt=1&chd=0&inf=0&trip=RT&cabin=Economy&redemption=true&sort=PRICE%2Casc,21902.52
123,IMP,Imperatriz,Brazil,2026-10-30,booking,6174,2624.36,3,Bristol Imperatriz,https://www.booking.com/searchresults.pt-br.html?ss=Bristol+Imperatriz+Maranhao&checkin=2026-10-30&checkout=2026-11-02&group_adults=8&no_rooms=4&group_children=1&age=4&selected_currency=BRL,https://www.latamairlines.com/br/pt/oferta-voos?origin=SAO&outbound=2026-11-06T00%3A00%3A00.000Z&destination=SDU&inbound=2026-11-09T00%3A00%3A00.000Z&adt=1&chd=0&inf=0&trip=RT&cabin=Economy&redemption=true&sort=PRICE%2Casc,21920.16
207,IQQ,Iquique,Chile,2026-10-30,booking,6090,2656.96,3,Hotel Gavina Costa Mar,https://www.booking.com/searchresults.pt-br.html?ss=Hotel+Gavina+Costa+Mar%2C+Iquique%2C+Tarapac%C3%A1%2C+Chile&checkin=2026-10-30&checkout=2026-11-02&group_adults=8&no_rooms=4&group_children=1&age=4&selected_currency=BRL,https://www.latamairlines.com/br/pt/oferta-voos?origin=SAO&outbound=2026-11-06T00%3A00%3A00.000Z&destination=SDU&inbound=2026-11-09T00%3A00%3A00.000Z&adt=1&chd=0&inf=0&trip=RT&cabin=Economy&redemption=true&sort=PRICE%2Casc,22031.760000000002
111,CWB,Curitiba,Brazil,2026-10-30,booking,16448,960.08,3,Hotel Boutique Vinícola Slaviero (29km),https://www.booking.com/searchresults.pt-br.html?ss=Hotel+Boutique+Vin%C3%ADcola+Arauc%C3%A1ria+by+Slaviero+Hot%C3%A9is&checkin=2026-10-30&checkout=2026-11-02&group_adults=8&no_rooms=4&group_children=1&age=4&selected_currency=BRL,https://www.latamairlines.com/br/pt/oferta-voos?origin=SAO&outbound=2026-11-06T00%3A00%3A00.000Z&destination=SDU&inbound=2026-11-09T00%3A00%3A00.000Z&adt=1&chd=0&inf=0&trip=RT&cabin=Economy&redemption=true&sort=PRICE%2Casc,22208.48
207,IQQ,Iquique,Chile,2026-10-30,booking,6303,2656.96,3,El Huarango Eco Lodge,https://www.booking.com/searchresults.pt-br.html?ss=El+Huarango+Eco+Lodge%2C+La+Huaica%2C+Tarapac%C3%A1%2C+Chile&checkin=2026-10-30&checkout=2026-11-02&group_adults=8&no_rooms=4&group_children=1&age=4&selected_currency=BRL,https://www.latamairlines.com/br/pt/oferta-voos?origin=SAO&outbound=2026-11-06T00%3A00%3A00.000Z&destination=SDU&inbound=2026-11-09T00%3A00%3A00.000Z&adt=1&chd=0&inf=0&trip=RT&cabin=Economy&redemption=true&sort=PRICE%2Casc,22244.760000000002
151,XAP,Chapecó,Brazil,2026-10-31,booking,17273,839.3,2,Itá Thermas Resort e Spa (70km),https://www.booking.com/searchresults.pt-br.html?ss=It%C3%A1+Thermas+Resort+e+Spa%2C+It%C3%A1%2C+Santa+Catarina&checkin=2026-10-31&checkout=2026-11-02&group_adults=8&no_rooms=4&group_children=1&age=4&selected_currency=BRL,https://www.latamairlines.com/br/pt/oferta-voos?origin=SAO&outbound=2026-11-06T00%3A00%3A00.000Z&destination=SDU&inbound=2026-11-09T00%3A00%3A00.000Z&adt=1&chd=0&inf=0&trip=RT&cabin=Economy&redemption=true&sort=PRICE%2Casc,22308.8
97,NVT,Navegantes,Brazil,2026-10-30,booking,13165,1536.08,3,Liwe Hotels,https://www.booking.com/searchresults.pt-br.html?ss=Liwe+Hotels%2C+Penha%2C+Santa+Catarina%2C+Brasil&checkin=2026-10-30&checkout=2026-11-02&group_adults=8&no_rooms=4&group_children=1&age=4&selected_currency=BRL,https://www.latamairlines.com/br/pt/oferta-voos?origin=SAO&outbound=2026-11-06T00%3A00%3A00.000Z&destination=SDU&inbound=2026-11-09T00%3A00%3A00.000Z&adt=1&chd=0&inf=0&trip=RT&cabin=Economy&redemption=true&sort=PRICE%2Casc,22381.48
143,IGU,Foz do Iguaçu,Brazil,2026-10-31,booking,13293,1520.08,2,Sanma (prox Aero),https://www.booking.com/searchresults.pt-br.html?ss=Sanma+Hotel%2C+Foz+do+Igua%C3%A7u%2C+Paran%C3%A1&checkin=2026-10-31&checkout=2026-11-02&group_adults=8&no_rooms=4&group_children=1&age=4&selected_currency=BRL,https://www.latamairlines.com/br/pt/oferta-voos?origin=SAO&outbound=2026-11-06T00%3A00%3A00.000Z&destination=SDU&inbound=2026-11-09T00%3A00%3A00.000Z&adt=1&chd=0&inf=0&trip=RT&cabin=Economy&redemption=true&sort=PRICE%2Casc,22413.48
450,ASU,Assunção,Paraguay,2026-10-31,booking,9128,2247.62,2,Las Lomas Casa Hotel,https://www.booking.com/searchresults.pt-br.html?ss=Las+Lomas+Casa+Hotel&checkin=2026-10-31&checkout=2026-11-02&group_adults=8&no_rooms=4&group_children=1&age=4&selected_currency=BRL,https://www.latamairlines.com/br/pt/oferta-voos?origin=SAO&outbound=2026-11-06T00%3A00%3A00.000Z&destination=SDU&inbound=2026-11-09T00%3A00%3A00.000Z&adt=1&chd=0&inf=0&trip=RT&cabin=Economy&redemption=true&sort=PRICE%2Casc,22613.72
78,FOR,Fortaleza,Brazil,2026-10-31,booking,10070,2117.3,2,Beach Park Resort,https://www.booking.com/searchresults.pt-br.html?ss=Beach+Park+Resort+-+Suites&checkin=2026-10-31&checkout=2026-11-02&group_adults=8&no_rooms=4&group_children=1&age=4&selected_currency=BRL,https://www.latamairlines.com/br/pt/oferta-voos?origin=SAO&outbound=2026-11-06T00%3A00%3A00.000Z&destination=SDU&inbound=2026-11-09T00%3A00%3A00.000Z&adt=1&chd=0&inf=0&trip=RT&cabin=Economy&redemption=true&sort=PRICE%2Casc,22773.800000000003
57,LPB,La Paz,Bolivia,2026-10-31,booking,5180,2937.16,2,Hotel Boutique Rosario Sur,https://www.booking.com/searchresults.pt-br.html?ss=Hotel+Boutique+Rosario+Sur%2C+La+Paz%2C+La+Paz+Region%2C+Bol%C3%Advia&checkin=2026-10-31&checkout=2026-11-02&group_adults=8&no_rooms=4&group_children=1&age=4&selected_currency=BRL,https://www.latamairlines.com/br/pt/oferta-voos?origin=SAO&outbound=2026-11-06T00%3A00%3A00.000Z&destination=MCZ&inbound=2026-11-09T00%3A00%3A00.000Z&adt=1&chd=0&inf=0&trip=RT&cabin=Economy&redemption=true&sort=PRICE%2Casc,22802.96
207,IQQ,Iquique,Chile,2026-10-30,booking,6904,2656.96,3,NH Iquique Pacifico,https://www.booking.com/searchresults.pt-br.html?ss=NH+Iquique+Pacifico%2C+Iquique%2C+Tarapac%C3%A1%2C+Chile&checkin=2026-10-30&checkout=2026-11-02&group_adults=8&no_rooms=4&group_children=1&age=4&selected_currency=BRL,https://www.latamairlines.com/br/pt/oferta-voos?origin=SAO&outbound=2026-11-06T00%3A00%3A00.000Z&destination=SDU&inbound=2026-11-09T00%3A00%3A00.000Z&adt=1&chd=0&inf=0&trip=RT&cabin=Economy&redemption=true&sort=PRICE%2Casc,22845.760000000002
80,SSA,Salvador,Brazil,2026-10-31,booking,13000,1663.3,2,Casa Kuará Praia do Forte,https://www.booking.com/searchresults.pt-br.html?ss=Casa+Kuar%C3%A1+Praia+do+Forte%2C+Mata+de+S%C3%A3o+Jo%C3%A3o%2C+Bahia+%28Nordeste+do+Brasil%29%2C+Brasil&checkin=2026-10-31&checkout=2026-11-02&group_adults=8&no_rooms=4&group_children=1&age=4&selected_currency=BRL,https://www.latamairlines.com/br/pt/oferta-voos?origin=SAO&outbound=2026-11-06T00%3A00%3A00.000Z&destination=SDU&inbound=2026-11-09T00%3A00%3A00.000Z&adt=1&chd=0&inf=0&trip=RT&cabin=Economy&redemption=true&sort=PRICE%2Casc,22979.8
130,JOI,Joinville,Brazil,2026-10-30,booking,13165,1640.38,3,Liwe Hotels,https://www.booking.com/searchresults.pt-br.html?ss=Liwe+Hotels%2C+Penha%2C+Santa+Catarina%2C+Brasil&checkin=2026-10-30&checkout=2026-11-02&group_adults=8&no_rooms=4&group_children=1&age=4&selected_currency=BRL,https://www.latamairlines.com/br/pt/oferta-voos?origin=SAO&outbound=2026-11-06T00%3A00%3A00.000Z&destination=SDU&inbound=2026-11-09T00%3A00%3A00.000Z&adt=1&chd=0&inf=0&trip=RT&cabin=Economy&redemption=true&sort=PRICE%2Casc,23007.28
219,ZCO,Temuco,Chile,2026-10-30,booking,8912,2364.42,3,Das Dorf Hotel,https://www.booking.com/searchresults.pt-br.html?ss=Das+Dorf+Hotel%2C+Puc%C3%B3n%2C+Araucania%2C+Chile&checkin=2026-10-30&checkout=2026-11-02&group_adults=8&no_rooms=4&group_children=1&age=4&selected_currency=BRL,https://www.latamairlines.com/br/pt/oferta-voos?origin=SAO&outbound=2026-11-06T00%3A00%3A00.000Z&destination=SDU&inbound=2026-11-09T00%3A00%3A00.000Z&adt=1&chd=0&inf=0&trip=RT&cabin=Economy&redemption=true&sort=PRICE%2Casc,23098.52
209,PMC,Puerto Montt,Chile,2026-10-30,booking,9595,2259.96,3,Cala Melí,https://www.booking.com/searchresults.pt-br.html?ss=Cala+Mel%C3%AD%2C+Puerto+Varas%2C+Prov%C3%ADncia+de+Los+Lagos%2C+Chile&checkin=2026-10-30&checkout=2026-11-02&group_adults=8&no_rooms=4&group_children=1&age=4&selected_currency=BRL,https://www.latamairlines.com/br/pt/oferta-voos?origin=SAO&outbound=2026-11-06T00%3A00%3A00.000Z&destination=SDU&inbound=2026-11-09T00%3A00%3A00.000Z&adt=1&chd=0&inf=0&trip=RT&cabin=Economy&redemption=true&sort=PRICE%2Casc,23154.760000000002
210,PMC,Puerto Montt,Chile,2026-10-31,booking,6441,2786.68,2,Cala Melí,https://www.booking.com/searchresults.pt-br.html?ss=Cala+Mel%C3%AD%2C+Puerto+Varas%2C+Prov%C3%ADncia+de+Los+Lagos%2C+Chile&checkin=2026-10-31&checkout=2026-11-02&group_adults=8&no_rooms=4&group_children=1&age=4&selected_currency=BRL,https://www.latamairlines.com/br/pt/oferta-voos?origin=SAO&outbound=2026-11-06T00%3A00%3A00.000Z&destination=SDU&inbound=2026-11-09T00%3A00%3A00.000Z&adt=1&chd=0&inf=0&trip=RT&cabin=Economy&redemption=true&sort=PRICE%2Casc,23161.079999999998
116,BPS,Porto Seguro,Brazil,2026-10-31,booking,13280,1669.3,2,Aysú Trancoso Hotel,https://www.booking.com/searchresults.pt-br.html?ss=Ays%C3%BA+Trancoso+Boutique+Hotel&checkin=2026-10-31&checkout=2026-11-02&group_adults=8&no_rooms=4&group_children=1&age=4&selected_currency=BRL,https://www.latamairlines.com/br/pt/oferta-voos?origin=SAO&outbound=2026-11-06T00%3A00%3A00.000Z&destination=SDU&inbound=2026-11-09T00%3A00%3A00.000Z&adt=1&chd=0&inf=0&trip=RT&cabin=Economy&redemption=true&sort=PRICE%2Casc,23295.8
207,IQQ,Iquique,Chile,2026-10-30,booking,7374,2656.96,3,Tantakuy Eco Experience Hotel,https://www.booking.com/searchresults.pt-br.html?ss=Tantakuy+Eco+Experience+Hotel%2C+La+Huaica%2C+Tarapac%C3%A1%2C+Chile&checkin=2026-10-30&checkout=2026-11-02&group_adults=8&no_rooms=4&group_children=1&age=4&selected_currency=BRL,https://www.latamairlines.com/br/pt/oferta-voos?origin=SAO&outbound=2026-11-06T00%3A00%3A00.000Z&destination=SDU&inbound=2026-11-09T00%3A00%3A00.000Z&adt=1&chd=0&inf=0&trip=RT&cabin=Economy&redemption=true&sort=PRICE%2Casc,23315.760000000002
207,IQQ,Iquique,Chile,2026-10-30,booking,7377,2656.96,3,Terrado Suites Iquique,https://www.booking.com/searchresults.pt-br.html?ss=Terrado+Suites+Iquique%2C+Iquique%2C+Tarapac%C3%A1%2C+Chile&checkin=2026-10-30&checkout=2026-11-02&group_adults=8&no_rooms=4&group_children=1&age=4&selected_currency=BRL,https://www.latamairlines.com/br/pt/oferta-voos?origin=SAO&outbound=2026-11-06T00%3A00%3A00.000Z&destination=SDU&inbound=2026-11-09T00%3A00%3A00.000Z&adt=1&chd=0&inf=0&trip=RT&cabin=Economy&redemption=true&sort=PRICE%2Casc,23318.760000000002
170,VIX,Vitória,Brazil,2026-10-30,booking,14594,1487.04,3,Pousada Pedra Azul (115km),https://www.booking.com/searchresults.pt-br.html?ss=Pousada+Pedra+Azul%2C+Pedra+Azul%2C+Esp%C3%ADrito+Santo+%28Parque+Estadual+Pedra+Azul%29%2C+Brasil&checkin=2026-10-30&checkout=2026-11-02&group_adults=8&no_rooms=4&group_children=1&age=4&selected_currency=BRL,https://www.latamairlines.com/br/pt/oferta-voos?origin=SAO&outbound=2026-11-06T00%3A00%3A00.000Z&destination=SDU&inbound=2026-11-09T00%3A00%3A00.000Z&adt=1&chd=0&inf=0&trip=RT&cabin=Economy&redemption=true&sort=PRICE%2Casc,23516.239999999998
449,ASU,Assunção,Paraguay,2026-10-30,booking,10110,2247.62,3,Five Hotel & Residences,https://www.booking.com/searchresults.pt-br.html?ss=Five+Hotel+%26+Residences%2C+Asuncion&checkin=2026-10-30&checkout=2026-11-02&group_adults=8&no_rooms=4&group_children=1&age=4&selected_currency=BRL,https://www.latamairlines.com/br/pt/oferta-voos?origin=SAO&outbound=2026-11-06T00%3A00%3A00.000Z&destination=SDU&inbound=2026-11-09T00%3A00%3A00.000Z&adt=1&chd=0&inf=0&trip=RT&cabin=Economy&redemption=true&sort=PRICE%2Casc,23595.72
68,UBA,Uberaba,Brazil,2026-10-31,booking,16000,1277.32,2,Vila Mattuto - Casa Paiol (24pax),https://www.booking.com/searchresults.pt-br.html?ss=Vila+Mattuto+-+Casa+Paiol%2C+Miguel%C3%B3polis%2C+Estado+de+S%C3%A3o+Paulo%2C+Brasil&checkin=2026-10-31&checkout=2026-11-02&group_adults=8&no_rooms=4&group_children=1&age=4&selected_currency=BRL,https://www.latamairlines.com/br/pt/oferta-voos?origin=SAO&outbound=2026-11-06T00%3A00%3A00.000Z&destination=SDU&inbound=2026-11-09T00%3A00%3A00.000Z&adt=1&chd=0&inf=0&trip=RT&cabin=Economy&redemption=true&sort=PRICE%2Casc,23663.92
459,LIM,Lima,Peru,2026-10-31,booking,14150,1599.86,2,The Westin Lima Hotel & Convention Center,https://www.booking.com/searchresults.pt-br.html?ss=The+Westin+Lima+Hotel+%26+Convention+Center%2C+Lima%2C+Prov%C3%ADncia+de+Lima%2C+Peru&checkin=2026-10-31&checkout=2026-11-02&group_adults=8&no_rooms=4&group_children=1&age=4&selected_currency=BRL,https://www.latamairlines.com/br/pt/oferta-voos?origin=SAO&outbound=2026-11-06T00%3A00%3A00.000Z&destination=SDU&inbound=2026-11-09T00%3A00%3A00.000Z&adt=1&chd=0&inf=0&trip=RT&cabin=Economy&redemption=true&sort=PRICE%2Casc,23749.16
458,LIM,Lima,Peru,2026-10-30,booking,14503,1547.62,3,Hyatt Centric San Isidro Lima,https://www.booking.com/searchresults.pt-br.html?ss=Hyatt+Centric+San+Isidro+Lima%2C+Lima%2C+Prov%C3%ADncia+de+Lima%2C+Peru&checkin=2026-10-30&checkout=2026-11-02&group_adults=8&no_rooms=4&group_children=1&age=4&selected_currency=BRL,https://www.latamairlines.com/br/pt/oferta-voos?origin=SAO&outbound=2026-11-06T00%3A00%3A00.000Z&destination=SDU&inbound=2026-11-09T00%3A00%3A00.000Z&adt=1&chd=0&inf=0&trip=RT&cabin=Economy&redemption=true&sort=PRICE%2Casc,23788.72
102,CXJ,Caxias do Sul,Brazil,2026-10-31,booking,16499,1223.3,2,Hubertus (Gramado),https://www.booking.com/searchresults.pt-br.html?ss=Hotel+Estalagem+St.+Hubertus%2C+Gramado&checkin=2026-10-31&checkout=2026-11-02&group_adults=8&no_rooms=4&group_children=1&age=4&selected_currency=BRL,https://www.latamairlines.com/br/pt/oferta-voos?origin=SAO&outbound=2026-11-06T00%3A00%3A00.000Z&destination=SDU&inbound=2026-11-09T00%3A00%3A00.000Z&adt=1&chd=0&inf=0&trip=RT&cabin=Economy&redemption=true&sort=PRICE%2Casc,23838.8
164,SJP,São José do Rio Preto,Brazil,2026-10-30,booking,15941,1336.08,3,Celebration Resort (com Ingressos),https://www.booking.com/searchresults.pt-br.html?ss=Hot+Beach+Celebration%2C+Ol%C3%ADmpia%2C+Estado+de+S%C3%A3o+Paulo%2C+Brasil&checkin=2026-10-30&checkout=2026-11-02&group_adults=8&no_rooms=4&group_children=1&age=4&selected_currency=BRL,https://www.latamairlines.com/br/pt/oferta-voos?origin=SAO&outbound=2026-11-06T00%3A00%3A00.000Z&destination=SDU&inbound=2026-11-09T00%3A00%3A00.000Z&adt=1&chd=0&inf=0&trip=RT&cabin=Economy&redemption=true&sort=PRICE%2Casc,23957.48
57,LPB,La Paz,Bolivia,2026-10-31,booking,6368,2937.16,2,Stannum Boutique Hotel & Spa,https://www.booking.com/searchresults.pt-br.html?ss=Stannum+Boutique+Hotel+%26+Spa%2C+La+Paz%2C+La+Paz+Region%2C+Bol%C3%Advia&checkin=2026-10-31&checkout=2026-11-02&group_adults=8&no_rooms=4&group_children=1&age=4&selected_currency=BRL,https://www.latamairlines.com/br/pt/oferta-voos?origin=SAO&outbound=2026-11-06T00%3A00%3A00.000Z&destination=MCZ&inbound=2026-11-09T00%3A00%3A00.000Z&adt=1&chd=0&inf=0&trip=RT&cabin=Economy&redemption=true&sort=PRICE%2Casc,23990.96
159,GYN,Goiânia,Brazil,2026-10-31,booking,15999,1365.3,2,Giardino 8.3 (Rio Quente Resort),https://www.booking.com/searchresults.pt-br.html?ss=Rio+Quente+Resorts+-+Hotel+Giardino%2C+Rio+Quente%2C+Goi%C3%A1s%2C+Brasil&ssne=Rio+Quente&checkin=2026-10-31&checkout=2026-11-02&group_adults=8&no_rooms=4&group_children=1&age=4&selected_currency=BRL,https://www.latamairlines.com/br/pt/oferta-voos?origin=SAO&outbound=2026-11-06T00%3A00%3A00.000Z&destination=SDU&inbound=2026-11-09T00%3A00%3A00.000Z&adt=1&chd=0&inf=0&trip=RT&cabin=Economy&redemption=true&sort=PRICE%2Casc,24190.8
112,CWB,Curitiba,Brazil,2026-10-31,booking,17308,1150.08,2,Nomaa Hotel,https://www.booking.com/searchresults.pt-br.html?ss=Nomaa+Hotel%2C+Curitiba%2C+Paran%C3%A1%2C+Brasil&checkin=2026-10-31&checkout=2026-11-02&group_adults=8&no_rooms=4&group_children=1&age=4&selected_currency=BRL,https://www.latamairlines.com/br/pt/oferta-voos?origin=SAO&outbound=2026-11-06T00%3A00%3A00.000Z&destination=SDU&inbound=2026-11-09T00%3A00%3A00.000Z&adt=1&chd=0&inf=0&trip=RT&cabin=Economy&redemption=true&sort=PRICE%2Casc,24208.48
94,NAT,Natal,Brazil,2026-10-31,booking,12646,1969.3,2,Vogal Luxury (40km),https://www.booking.com/searchresults.pt-br.html?ss=Vogal+Luxury+Beach+Hotel+%26+SPA%2C+Natal&checkin=2026-10-31&checkout=2026-11-02&group_adults=8&no_rooms=4&group_children=1&age=4&selected_currency=BRL,https://www.latamairlines.com/br/pt/oferta-voos?origin=SAO&outbound=2026-11-06T00%3A00%3A00.000Z&destination=SDU&inbound=2026-11-09T00%3A00%3A00.000Z&adt=1&chd=0&inf=0&trip=RT&cabin=Economy&redemption=true&sort=PRICE%2Casc,24461.8
210,PMC,Puerto Montt,Chile,2026-10-31,booking,7750,2786.68,2,Hotel Cabaña Del Lago Puerto Varas,https://www.booking.com/searchresults.pt-br.html?ss=Hotel+Caba%C3%B1a+Del+Lago+Puerto+Varas%2C+Puerto+Varas%2C+Prov%C3%ADncia+de+Los+Lagos%2C+Chile&checkin=2026-10-31&checkout=2026-11-02&group_adults=8&no_rooms=4&group_children=1&age=4&selected_currency=BRL,https://www.latamairlines.com/br/pt/oferta-voos?origin=SAO&outbound=2026-11-06T00%3A00%3A00.000Z&destination=SDU&inbound=2026-11-09T00%3A00%3A00.000Z&adt=1&chd=0&inf=0&trip=RT&cabin=Economy&redemption=true&sort=PRICE%2Casc,24470.079999999998
169,SLZ,São Luís,Brazil,2026-10-31,booking,12899,1929.3,2,La Ferme,https://www.booking.com/searchresults.pt-br.html?ss=La+Ferme+De+Georges%2C+Atins&checkin=2026-10-31&checkout=2026-11-02&group_adults=8&no_rooms=4&group_children=1&age=4&selected_currency=BRL,https://www.latamairlines.com/br/pt/oferta-voos?origin=SAO&outbound=2026-11-06T00%3A00%3A00.000Z&destination=SDU&inbound=2026-11-09T00%3A00%3A00.000Z&adt=1&chd=0&inf=0&trip=RT&cabin=Economy&redemption=true&sort=PRICE%2Casc,24474.8
95,CGR,Campo Grande,Brazil,2026-10-30,booking,16577,1333.3,3,Zagaia Eco Resort,https://www.booking.com/searchresults.pt-br.html?ss=Zagaia+Eco+Resort%2C+Bonito&checkin=2026-10-30&checkout=2026-11-02&group_adults=8&no_rooms=4&group_children=1&age=4&selected_currency=BRL,https://www.latamairlines.com/br/pt/oferta-voos?origin=SAO&outbound=2026-11-06T00%3A00%3A00.000Z&destination=SDU&inbound=2026-11-09T00%3A00%3A00.000Z&adt=1&chd=0&inf=0&trip=RT&cabin=Economy&redemption=true&sort=PRICE%2Casc,24576.8
458,LIM,Lima,Peru,2026-10-30,booking,15309,1547.62,3,"Souma Hotel, Vignette Collection by IHG",https://www.booking.com/searchresults.pt-br.html?ss=SOUMA+Hotel%2C+Vignette+Collection+by+IHG%2C+Lima%2C+Prov%C3%ADncia+de+Lima%2C+Peru&checkin=2026-10-30&checkout=2026-11-02&group_adults=8&no_rooms=4&group_children=1&age=4&selected_currency=BRL,https://www.latamairlines.com/br/pt/oferta-voos?origin=SAO&outbound=2026-11-06T00%3A00%3A00.000Z&destination=SDU&inbound=2026-11-09T00%3A00%3A00.000Z&adt=1&chd=0&inf=0&trip=RT&cabin=Economy&redemption=true&sort=PRICE%2Casc,24594.72
220,ZCO,Temuco,Chile,2026-10-31,booking,9428,2531.58,2,Park Lake Luxury Hotel,https://www.booking.com/searchresults.pt-br.html?ss=Park+Lake+Luxury+Hotel%2C+Puc%C3%B3n%2C+Araucania%2C+Chile&checkin=2026-10-31&checkout=2026-11-02&group_adults=8&no_rooms=4&group_children=1&age=4&selected_currency=BRL,https://www.latamairlines.com/br/pt/oferta-voos?origin=SAO&outbound=2026-11-06T00%3A00%3A00.000Z&destination=SDU&inbound=2026-11-09T00%3A00%3A00.000Z&adt=1&chd=0&inf=0&trip=RT&cabin=Economy&redemption=true&sort=PRICE%2Casc,24617.48
166,JPA,João Pessoa,Brazil,2026-10-30,booking,12880,1964.86,3,LS Hotel,https://www.booking.com/searchresults.pt-br.html?ss=LS+Hotel%2C+Jo%C3%A3o+Pessoa&checkin=2026-10-30&checkout=2026-11-02&group_adults=8&no_rooms=4&group_children=1&age=4&selected_currency=BRL,https://www.latamairlines.com/br/pt/oferta-voos?origin=SAO&outbound=2026-11-06T00%3A00%3A00.000Z&destination=SDU&inbound=2026-11-09T00%3A00%3A00.000Z&adt=1&chd=0&inf=0&trip=RT&cabin=Economy&redemption=true&sort=PRICE%2Casc,24669.16
109,POA,Porto Alegre,Brazil,2026-10-30,booking,14270,1735.3,3,Jangal das Araucárias Swan Design Hotel Canela,https://www.booking.com/searchresults.pt-br.html?ss=Jangal+das+Arauc%C3%A1rias+Swan+Design+Hotel+Canela&checkin=2026-10-30&checkout=2026-11-02&group_adults=8&no_rooms=4&group_children=1&age=4&selected_currency=BRL,https://www.latamairlines.com/br/pt/oferta-voos?origin=SAO&outbound=2026-11-06T00%3A00%3A00.000Z&destination=SDU&inbound=2026-11-09T00%3A00%3A00.000Z&adt=1&chd=0&inf=0&trip=RT&cabin=Economy&redemption=true&sort=PRICE%2Casc,24681.8
209,PMC,Puerto Montt,Chile,2026-10-30,booking,11163,2259.96,3,Hotel Cabaña Del Lago Puerto Varas,https://www.booking.com/searchresults.pt-br.html?ss=Hotel+Caba%C3%B1a+Del+Lago+Puerto+Varas%2C+Puerto+Varas%2C+Prov%C3%ADncia+de+Los+Lagos%2C+Chile&checkin=2026-10-30&checkout=2026-11-02&group_adults=8&no_rooms=4&group_children=1&age=4&selected_currency=BRL,https://www.latamairlines.com/br/pt/oferta-voos?origin=SAO&outbound=2026-11-06T00%3A00%3A00.000Z&destination=SDU&inbound=2026-11-09T00%3A00%3A00.000Z&adt=1&chd=0&inf=0&trip=RT&cabin=Economy&redemption=true&sort=PRICE%2Casc,24722.760000000002
94,NAT,Natal,Brazil,2026-10-31,booking,13106,1969.3,2,Wish Natal,https://www.booking.com/searchresults.pt-br.html?ss=Wish+Natal%2C+Natal%2C+Rio+Grande+do+Norte&checkin=2026-10-31&checkout=2026-11-02&group_adults=8&no_rooms=4&group_children=1&age=4&selected_currency=BRL,https://www.latamairlines.com/br/pt/oferta-voos?origin=SAO&outbound=2026-11-06T00%3A00%3A00.000Z&destination=SDU&inbound=2026-11-09T00%3A00%3A00.000Z&adt=1&chd=0&inf=0&trip=RT&cabin=Economy&redemption=true&sort=PRICE%2Casc,24921.8
78,FOR,Fortaleza,Brazil,2026-10-31,booking,12470,2117.3,2,Beach Park Acqua,https://www.booking.com/searchresults.pt-br.html?ss=Beach+Park+Resort+-+Acqua&checkin=2026-10-31&checkout=2026-11-02&group_adults=8&no_rooms=4&group_children=1&age=4&selected_currency=BRL,https://www.latamairlines.com/br/pt/oferta-voos?origin=SAO&outbound=2026-11-06T00%3A00%3A00.000Z&destination=SDU&inbound=2026-11-09T00%3A00%3A00.000Z&adt=1&chd=0&inf=0&trip=RT&cabin=Economy&redemption=true&sort=PRICE%2Casc,25173.800000000003
459,LIM,Lima,Peru,2026-10-31,booking,15608,1599.86,2,JW Marriott Hotel Lima,https://www.booking.com/searchresults.pt-br.html?ss=JW+Marriott+Hotel+Lima%2C+Lima%2C+Prov%C3%ADncia+de+Lima%2C+Peru&checkin=2026-10-31&checkout=2026-11-02&group_adults=8&no_rooms=4&group_children=1&age=4&selected_currency=BRL,https://www.latamairlines.com/br/pt/oferta-voos?origin=SAO&outbound=2026-11-06T00%3A00%3A00.000Z&destination=SDU&inbound=2026-11-09T00%3A00%3A00.000Z&adt=1&chd=0&inf=0&trip=RT&cabin=Economy&redemption=true&sort=PRICE%2Casc,25207.16
91,BYO,Bonito,Brazil,2026-10-30,booking,16577,1447.3,3,Zagaia Eco Resort,https://www.booking.com/searchresults.pt-br.html?ss=Zagaia+Eco+Resort%2C+Bonito&checkin=2026-10-30&checkout=2026-11-02&group_adults=8&no_rooms=4&group_children=1&age=4&selected_currency=BRL,https://www.latamairlines.com/br/pt/oferta-voos?origin=SAO&outbound=2026-11-06T00%3A00%3A00.000Z&destination=SDU&inbound=2026-11-09T00%3A00%3A00.000Z&adt=1&chd=0&inf=0&trip=RT&cabin=Economy&redemption=true&sort=PRICE%2Casc,25260.8
89,BVB,Boa Vista,Brazil,2026-10-30,booking,5603,3276.96,3,Ibis Styles,https://www.booking.com/searchresults.pt-br.html?ss=ibis+Styles+Boa+Vista%2C+Boa+Vista%2C+Roraima&checkin=2026-10-30&checkout=2026-11-02&group_adults=8&no_rooms=4&group_children=1&age=4&selected_currency=BRL,https://www.latamairlines.com/br/pt/oferta-voos?origin=SAO&outbound=2026-11-06T00%3A00%3A00.000Z&destination=SDU&inbound=2026-11-09T00%3A00%3A00.000Z&adt=1&chd=0&inf=0&trip=RT&cabin=Economy&redemption=true&sort=PRICE%2Casc,25264.760000000002
71,CAC,Cascavel,Brazil,2026-10-31,booking,18566,1121.3,2,Loi Suites (ARG),https://www.booking.com/searchresults.pt-br.html?ss=Loi+Suites+Iguazu+Hotel%2C+Puerto+Iguaz%C3%BA%2C+Misiones&checkin=2026-10-31&checkout=2026-11-02&group_adults=8&no_rooms=4&group_children=1&age=4&selected_currency=BRL,https://www.latamairlines.com/br/pt/oferta-voos?origin=SAO&outbound=2026-11-06T00%3A00%3A00.000Z&destination=SDU&inbound=2026-11-09T00%3A00%3A00.000Z&adt=1&chd=0&inf=0&trip=RT&cabin=Economy&redemption=true&sort=PRICE%2Casc,25293.8
58,VVI,Santa Cruz de La Sierra,Bolivia,2026-10-30,booking,7776,2937.16,3,Alfonsina Hotel Boutique,https://www.booking.com/searchresults.pt-br.html?ss=Alfonsina+Hotel+Boutique%2C+Santa+Cruz+de+la+Sierra&checkin=2026-10-30&checkout=2026-11-02&group_adults=8&no_rooms=4&group_children=1&age=4&selected_currency=BRL,https://www.latamairlines.com/br/pt/oferta-voos?origin=SAO&outbound=2026-11-06T00%3A00%3A00.000Z&destination=BHZ&inbound=2026-11-09T00%3A00%3A00.000Z&adt=1&chd=0&inf=0&trip=RT&cabin=Economy&redemption=true&sort=PRICE%2Casc,25398.96
94,NAT,Natal,Brazil,2026-10-31,booking,13600,1969.3,2,Casa da Gameleira (12pax),https://www.booking.com/searchresults.pt-br.html?ss=Casa+da+Gameleira%2C+Ba%C3%ADa+Formosa%2C+Rio+Grande+do+Norte&checkin=2026-10-31&checkout=2026-11-02&group_adults=8&no_rooms=4&group_children=1&age=4&selected_currency=BRL,https://www.latamairlines.com/br/pt/oferta-voos?origin=SAO&outbound=2026-11-06T00%3A00%3A00.000Z&destination=SDU&inbound=2026-11-09T00%3A00%3A00.000Z&adt=1&chd=0&inf=0&trip=RT&cabin=Economy&redemption=true&sort=PRICE%2Casc,25415.8
85,CNF,Belo Horizonte,Brazil,2026-10-30,booking,19593,972.08,3,Hotel Solar do Rosário,https://www.booking.com/searchresults.pt-br.html?ss=Hotel+Solar+do+Ros%C3%A1rio%2C+Ouro+Preto&checkin=2026-10-30&checkout=2026-11-02&group_adults=8&no_rooms=4&group_children=1&age=4&selected_currency=BRL,https://www.latamairlines.com/br/pt/oferta-voos?origin=SAO&outbound=2026-11-06T00%3A00%3A00.000Z&destination=SDU&inbound=2026-11-09T00%3A00%3A00.000Z&adt=1&chd=0&inf=0&trip=RT&cabin=Economy&redemption=true&sort=PRICE%2Casc,25425.48
71,CAC,Cascavel,Brazil,2026-10-31,booking,18725,1121.3,2,Recanto Cataratas,https://www.booking.com/searchresults.pt-br.html?ss=Recanto+Cataratas+-+Thermas%2C+Resort+e+Convention%2C+Foz+do+Igua%C3%A7u%2C+Paran%C3%A1&checkin=2026-10-31&checkout=2026-11-02&group_adults=8&no_rooms=4&group_children=1&age=4&selected_currency=BRL,https://www.latamairlines.com/br/pt/oferta-voos?origin=SAO&outbound=2026-11-06T00%3A00%3A00.000Z&destination=SDU&inbound=2026-11-09T00%3A00%3A00.000Z&adt=1&chd=0&inf=0&trip=RT&cabin=Economy&redemption=true&sort=PRICE%2Casc,25452.8
210,PMC,Puerto Montt,Chile,2026-10-31,booking,8748,2786.68,2,Wyndham Puerto Varas Pettra,https://www.booking.com/searchresults.pt-br.html?ss=Wyndham+Puerto+Varas+Pettra%2C+Puerto+Varas%2C+Prov%C3%ADncia+de+Los+Lagos%2C+Chile&checkin=2026-10-31&checkout=2026-11-02&group_adults=8&no_rooms=4&group_children=1&age=4&selected_currency=BRL,https://www.latamairlines.com/br/pt/oferta-voos?origin=SAO&outbound=2026-11-06T00%3A00%3A00.000Z&destination=SDU&inbound=2026-11-09T00%3A00%3A00.000Z&adt=1&chd=0&inf=0&trip=RT&cabin=Economy&redemption=true&sort=PRICE%2Casc,25468.079999999998
92,CPV,Campina Grande,Brazil,2026-10-30,booking,12880,2101.82,3,LS Hotel,https://www.booking.com/searchresults.pt-br.html?ss=LS+Hotel%2C+Jo%C3%A3o+Pessoa&checkin=2026-10-30&checkout=2026-11-02&group_adults=8&no_rooms=4&group_children=1&age=4&selected_currency=BRL,https://www.latamairlines.com/br/pt/oferta-voos?origin=SAO&outbound=2026-11-06T00%3A00%3A00.000Z&destination=SDU&inbound=2026-11-09T00%3A00%3A00.000Z&adt=1&chd=0&inf=0&trip=RT&cabin=Economy&redemption=true&sort=PRICE%2Casc,25490.920000000002
106,JJD,Cruz (Jericoacoara),Brazil,2026-10-31,booking,11098,2399.3,2,Villa Odara,https://www.booking.com/searchresults.pt-br.html?ss=Villa+Odara%2C+Jericoacoara&checkin=2026-10-31&checkout=2026-11-02&group_adults=8&no_rooms=4&group_children=1&age=4&selected_currency=BRL,https://www.latamairlines.com/br/pt/oferta-voos?origin=SAO&outbound=2026-11-06T00%3A00%3A00.000Z&destination=SDU&inbound=2026-11-09T00%3A00%3A00.000Z&adt=1&chd=0&inf=0&trip=RT&cabin=Economy&redemption=true&sort=PRICE%2Casc,25493.800000000003
449,ASU,Assunção,Paraguay,2026-10-30,booking,12058,2247.62,3,Yacht & Golf Club Paraguayo,https://www.booking.com/searchresults.pt-br.html?ss=Yacht+%26+Golf+Club+Paraguayo&checkin=2026-10-30&checkout=2026-11-02&group_adults=8&no_rooms=4&group_children=1&age=4&selected_currency=BRL,https://www.latamairlines.com/br/pt/oferta-voos?origin=SAO&outbound=2026-11-06T00%3A00%3A00.000Z&destination=SDU&inbound=2026-11-09T00%3A00%3A00.000Z&adt=1&chd=0&inf=0&trip=RT&cabin=Economy&redemption=true&sort=PRICE%2Casc,25543.72
144,UDI,Uberlândia,Brazil,2026-10-30,booking,18984,1144.56,3,Pirineus (128km),https://www.booking.com/searchresults.pt-br.html?ss=Pousada+dos+Pireneus%2C+Piren%C3%B3polis%2C+Goi%C3%A1s&checkin=2026-10-30&checkout=2026-11-02&group_adults=8&no_rooms=4&group_children=1&age=4&selected_currency=BRL,https://www.latamairlines.com/br/pt/oferta-voos?origin=SAO&outbound=2026-11-06T00%3A00%3A00.000Z&destination=SDU&inbound=2026-11-09T00%3A00%3A00.000Z&adt=1&chd=0&inf=0&trip=RT&cabin=Economy&redemption=true&sort=PRICE%2Casc,25851.36
220,ZCO,Temuco,Chile,2026-10-31,booking,10880,2531.58,2,NI-NEWEN Hotel & Lodge,https://www.booking.com/searchresults.pt-br.html?ss=NI-NEWEN+Hotel+%26+Lodge%2C+Puc%C3%B3n%2C+Araucania%2C+Chile&checkin=2026-10-31&checkout=2026-11-02&group_adults=8&no_rooms=4&group_children=1&age=4&selected_currency=BRL,https://www.latamairlines.com/br/pt/oferta-voos?origin=SAO&outbound=2026-11-06T00%3A00%3A00.000Z&destination=SDU&inbound=2026-11-09T00%3A00%3A00.000Z&adt=1&chd=0&inf=0&trip=RT&cabin=Economy&redemption=true&sort=PRICE%2Casc,26069.48
263,MDE,Medelín,Colombia,2026-10-31,booking,9521,2780.44,2,Atma Boutique Hotel Guatapé,https://www.booking.com/searchresults.pt-br.html?ss=Atma+Boutique+Hotel+Guatap%C3%A9%2C+Guatap%C3%A9%2C+Antioquia%2C+Col%C3%B4mbia&checkin=2026-10-31&checkout=2026-11-02&group_adults=8&no_rooms=4&group_children=1&age=4&selected_currency=BRL,https://www.latamairlines.com/br/pt/oferta-voos?origin=SAO&outbound=2026-11-06T00%3A00%3A00.000Z&destination=SDU&inbound=2026-11-09T00%3A00%3A00.000Z&adt=1&chd=0&inf=0&trip=RT&cabin=Economy&redemption=true&sort=PRICE%2Casc,26203.64
263,MDE,Medelín,Colombia,2026-10-31,booking,9543,2780.44,2,Hotel La Magdalena,https://www.booking.com/searchresults.pt-br.html?ss=Hotel+La+Magdalena%2C+Guatap%C3%A9%2C+Antioquia%2C+Col%C3%B4mbia&checkin=2026-10-31&checkout=2026-11-02&group_adults=8&no_rooms=4&group_children=1&age=4&selected_currency=BRL,https://www.latamairlines.com/br/pt/oferta-voos?origin=SAO&outbound=2026-11-06T00%3A00%3A00.000Z&destination=SDU&inbound=2026-11-09T00%3A00%3A00.000Z&adt=1&chd=0&inf=0&trip=RT&cabin=Economy&redemption=true&sort=PRICE%2Casc,26225.64
450,ASU,Assunção,Paraguay,2026-10-31,booking,12921,2247.62,2,La Mision Hotel Boutique,https://www.booking.com/searchresults.pt-br.html?ss=La+Mision+Hotel+Boutique%2C+Assun%C3%A7%C3%A3o&checkin=2026-10-31&checkout=2026-11-02&group_adults=8&no_rooms=4&group_children=1&age=4&selected_currency=BRL,https://www.latamairlines.com/br/pt/oferta-voos?origin=SAO&outbound=2026-11-06T00%3A00%3A00.000Z&destination=SDU&inbound=2026-11-09T00%3A00%3A00.000Z&adt=1&chd=0&inf=0&trip=RT&cabin=Economy&redemption=true&sort=PRICE%2Casc,26406.72
206,BBA,Balmaceda,Chile,2026-10-31,booking,5305,3524.12,2,Chelenko Lodge,https://www.booking.com/searchresults.pt-br.html?ss=Chelenko+Lodge%2C+Puerto+Tranquilo%2C+Aysen%2C+Chile&checkin=2026-10-31&checkout=2026-11-02&group_adults=8&no_rooms=4&group_children=1&age=4&selected_currency=BRL,https://www.latamairlines.com/br/pt/oferta-voos?origin=SAO&outbound=2026-11-06T00%3A00%3A00.000Z&destination=SDU&inbound=2026-11-09T00%3A00%3A00.000Z&adt=1&chd=0&inf=0&trip=RT&cabin=Economy&redemption=true&sort=PRICE%2Casc,26449.72
209,PMC,Puerto Montt,Chile,2026-10-30,booking,12912,2259.96,3,Wyndham Puerto Varas Pettra,https://www.booking.com/searchresults.pt-br.html?ss=Wyndham+Puerto+Varas+Pettra%2C+Puerto+Varas%2C+Prov%C3%ADncia+de+Los+Lagos%2C+Chile&checkin=2026-10-30&checkout=2026-11-02&group_adults=8&no_rooms=4&group_children=1&age=4&selected_currency=BRL,https://www.latamairlines.com/br/pt/oferta-voos?origin=SAO&outbound=2026-11-06T00%3A00%3A00.000Z&destination=SDU&inbound=2026-11-09T00%3A00%3A00.000Z&adt=1&chd=0&inf=0&trip=RT&cabin=Economy&redemption=true&sort=PRICE%2Casc,26471.760000000002
255,AXM,Armênia,Colombia,2026-10-31,booking,10028,2750.58,2,Casa Malva Villas,https://www.booking.com/searchresults.pt-br.html?ss=Casa+Malva+Villas%2C+Buenavista%2C+Quindio%2C+Col%C3%B4mbia&checkin=2026-10-31&checkout=2026-11-02&group_adults=8&no_rooms=4&group_children=1&age=4&selected_currency=BRL,https://www.latamairlines.com/br/pt/oferta-voos?origin=SAO&outbound=2026-11-06T00%3A00%3A00.000Z&destination=SDU&inbound=2026-11-09T00%3A00%3A00.000Z&adt=1&chd=0&inf=0&trip=RT&cabin=Economy&redemption=true&sort=PRICE%2Casc,26531.48
158,GYN,Goiânia,Brazil,2026-10-30,booking,18984,1268.08,3,Pirineus (128km),https://www.booking.com/searchresults.pt-br.html?ss=Pousada+dos+Pireneus%2C+Piren%C3%B3polis%2C+Goi%C3%A1s&checkin=2026-10-30&checkout=2026-11-02&group_adults=8&no_rooms=4&group_children=1&age=4&selected_currency=BRL,https://www.latamairlines.com/br/pt/oferta-voos?origin=SAO&outbound=2026-11-06T00%3A00%3A00.000Z&destination=SDU&inbound=2026-11-09T00%3A00%3A00.000Z&adt=1&chd=0&inf=0&trip=RT&cabin=Economy&redemption=true&sort=PRICE%2Casc,26592.48
458,LIM,Lima,Peru,2026-10-30,booking,17387,1547.62,3,The Westin Lima Hotel & Convention Center,https://www.booking.com/searchresults.pt-br.html?ss=The+Westin+Lima+Hotel+%26+Convention+Center%2C+Lima%2C+Prov%C3%ADncia+de+Lima%2C+Peru&checkin=2026-10-30&checkout=2026-11-02&group_adults=8&no_rooms=4&group_children=1&age=4&selected_currency=BRL,https://www.latamairlines.com/br/pt/oferta-voos?origin=SAO&outbound=2026-11-06T00%3A00%3A00.000Z&destination=SDU&inbound=2026-11-09T00%3A00%3A00.000Z&adt=1&chd=0&inf=0&trip=RT&cabin=Economy&redemption=true&sort=PRICE%2Casc,26672.72
110,POA,Porto Alegre,Brazil,2026-10-31,booking,16499,1735.3,2,Hubertus (Gramado),https://www.booking.com/searchresults.pt-br.html?ss=Hotel+Estalagem+St.+Hubertus%2C+Gramado&checkin=2026-10-31&checkout=2026-11-02&group_adults=8&no_rooms=4&group_children=1&age=4&selected_currency=BRL,https://www.latamairlines.com/br/pt/oferta-voos?origin=SAO&outbound=2026-11-06T00%3A00%3A00.000Z&destination=SDU&inbound=2026-11-09T00%3A00%3A00.000Z&adt=1&chd=0&inf=0&trip=RT&cabin=Economy&redemption=true&sort=PRICE%2Casc,26910.8
70,CAC,Cascavel,Brazil,2026-10-30,booking,20493,1095.3,3,Sanma (prox Aero),https://www.booking.com/searchresults.pt-br.html?ss=Sanma+Hotel%2C+Foz+do+Igua%C3%A7u%2C+Paran%C3%A1&checkin=2026-10-30&checkout=2026-11-02&group_adults=8&no_rooms=4&group_children=1&age=4&selected_currency=BRL,https://www.latamairlines.com/br/pt/oferta-voos?origin=SAO&outbound=2026-11-06T00%3A00%3A00.000Z&destination=SDU&inbound=2026-11-09T00%3A00%3A00.000Z&adt=1&chd=0&inf=0&trip=RT&cabin=Economy&redemption=true&sort=PRICE%2Casc,27064.8
449,ASU,Assunção,Paraguay,2026-10-30,booking,13693,2247.62,3,Las Lomas Casa Hotel,https://www.booking.com/searchresults.pt-br.html?ss=Las+Lomas+Casa+Hotel&checkin=2026-10-30&checkout=2026-11-02&group_adults=8&no_rooms=4&group_children=1&age=4&selected_currency=BRL,https://www.latamairlines.com/br/pt/oferta-voos?origin=SAO&outbound=2026-11-06T00%3A00%3A00.000Z&destination=SDU&inbound=2026-11-09T00%3A00%3A00.000Z&adt=1&chd=0&inf=0&trip=RT&cabin=Economy&redemption=true&sort=PRICE%2Casc,27178.72
169,SLZ,São Luís,Brazil,2026-10-31,booking,15618,1929.3,2,Vila Aty,https://www.booking.com/searchresults.pt-br.html?ss=VILA+ATY+LODGE%2C+Atins&checkin=2026-10-31&checkout=2026-11-02&group_adults=8&no_rooms=4&group_children=1&age=4&selected_currency=BRL,https://www.latamairlines.com/br/pt/oferta-voos?origin=SAO&outbound=2026-11-06T00%3A00%3A00.000Z&destination=SDU&inbound=2026-11-09T00%3A00%3A00.000Z&adt=1&chd=0&inf=0&trip=RT&cabin=Economy&redemption=true&sort=PRICE%2Casc,27193.8
86,CNF,Belo Horizonte,Brazil,2026-10-31,booking,18930,1385.3,2,Pousada do Mondego Ouro Preto,https://www.booking.com/searchresults.pt-br.html?ss=Pousada+do+Mondego%2C+Ouro+Preto%2C+Minas+Gerais&checkin=2026-10-31&checkout=2026-11-02&group_adults=8&no_rooms=4&group_children=1&age=4&selected_currency=BRL,https://www.latamairlines.com/br/pt/oferta-voos?origin=SAO&outbound=2026-11-06T00%3A00%3A00.000Z&destination=SDU&inbound=2026-11-09T00%3A00%3A00.000Z&adt=1&chd=0&inf=0&trip=RT&cabin=Economy&redemption=true&sort=PRICE%2Casc,27241.8
167,JPA,João Pessoa,Brazil,2026-10-31,booking,14447,2140.42,2,Oceana,https://www.booking.com/searchresults.pt-br.html?ss=Oceana+Atl%C3%A2ntico+Hotel%2C+Jo%C3%A3o+Pessoa&checkin=2026-10-31&checkout=2026-11-02&group_adults=8&no_rooms=4&group_children=1&age=4&selected_currency=BRL,https://www.latamairlines.com/br/pt/oferta-voos?origin=SAO&outbound=2026-11-06T00%3A00%3A00.000Z&destination=SDU&inbound=2026-11-09T00%3A00%3A00.000Z&adt=1&chd=0&inf=0&trip=RT&cabin=Economy&redemption=true&sort=PRICE%2Casc,27289.52
164,SJP,São José do Rio Preto,Brazil,2026-10-30,booking,19475,1336.08,3,Hot beach Resort (com Ingressos),https://www.booking.com/searchresults.pt-br.html?ss=Hot+Beach+Resort%2C+Ol%C3%Admpia&checkin=2026-10-30&checkout=2026-11-02&group_adults=8&no_rooms=4&group_children=1&age=4&selected_currency=BRL,https://www.latamairlines.com/br/pt/oferta-voos?origin=SAO&outbound=2026-11-06T00%3A00%3A00.000Z&destination=SDU&inbound=2026-11-09T00%3A00%3A00.000Z&adt=1&chd=0&inf=0&trip=RT&cabin=Economy&redemption=true&sort=PRICE%2Casc,27491.48
263,MDE,Medelín,Colombia,2026-10-31,booking,10856,2780.44,2,The Boato Hotel,https://www.booking.com/searchresults.pt-br.html?ss=The+Boato+Hotel%2C+Guatap%C3%A9%2C+Antioquia%2C+Col%C3%B4mbia&checkin=2026-10-31&checkout=2026-11-02&group_adults=8&no_rooms=4&group_children=1&age=4&selected_currency=BRL,https://www.latamairlines.com/br/pt/oferta-voos?origin=SAO&outbound=2026-11-06T00%3A00%3A00.000Z&destination=SDU&inbound=2026-11-09T00%3A00%3A00.000Z&adt=1&chd=0&inf=0&trip=RT&cabin=Economy&redemption=true&sort=PRICE%2Casc,27538.64
118,REC,Recife,Brazil,2026-10-31,booking,19616,1322.08,2,Samoa Villa Resort,https://www.booking.com/searchresults.pt-br.html?ss=Samoa+Villa+Resort%2C+Porto+de+Galinhas%2C+Pernambuco&checkin=2026-10-31&checkout=2026-11-02&group_adults=8&no_rooms=4&group_children=1&age=4&selected_currency=BRL,https://www.latamairlines.com/br/pt/oferta-voos?origin=SAO&outbound=2026-11-06T00%3A00%3A00.000Z&destination=SDU&inbound=2026-11-09T00%3A00%3A00.000Z&adt=1&chd=0&inf=0&trip=RT&cabin=Economy&redemption=true&sort=PRICE%2Casc,27548.48
143,IGU,Foz do Iguaçu,Brazil,2026-10-31,booking,18566,1520.08,2,Loi Suites (ARG),https://www.booking.com/searchresults.pt-br.html?ss=Loi+Suites+Iguazu+Hotel%2C+Puerto+Iguaz%C3%BA%2C+Misiones&checkin=2026-10-31&checkout=2026-11-02&group_adults=8&no_rooms=4&group_children=1&age=4&selected_currency=BRL,https://www.latamairlines.com/br/pt/oferta-voos?origin=SAO&outbound=2026-11-06T00%3A00%3A00.000Z&destination=SDU&inbound=2026-11-09T00%3A00%3A00.000Z&adt=1&chd=0&inf=0&trip=RT&cabin=Economy&redemption=true&sort=PRICE%2Casc,27686.48
262,MDE,Medelín,Colombia,2026-10-30,booking,12826,2498.36,3,Hotel La Magdalena,https://www.booking.com/searchresults.pt-br.html?ss=Hotel+La+Magdalena%2C+Guatap%C3%A9%2C+Antioquia%2C+Col%C3%B4mbia&checkin=2026-10-30&checkout=2026-11-02&group_adults=8&no_rooms=4&group_children=1&age=4&selected_currency=BRL,https://www.latamairlines.com/br/pt/oferta-voos?origin=SAO&outbound=2026-11-06T00%3A00%3A00.000Z&destination=SDU&inbound=2026-11-09T00%3A00%3A00.000Z&adt=1&chd=0&inf=0&trip=RT&cabin=Economy&redemption=true&sort=PRICE%2Casc,27816.16
101,CXJ,Caxias do Sul,Brazil,2026-10-30,booking,6050,3629.3,3,Pousada Quinta do Vale (snowland),https://www.booking.com/searchresults.pt-br.html?ss=Pousada+Quinta+do+Vale%2C+Gramado%2C+Rio+Grande+do+Sul%2C+Brasil&checkin=2026-10-30&checkout=2026-11-02&group_adults=8&no_rooms=4&group_children=1&age=4&selected_currency=BRL,https://www.latamairlines.com/br/pt/oferta-voos?origin=SAO&outbound=2026-11-06T00%3A00%3A00.000Z&destination=SDU&inbound=2026-11-09T00%3A00%3A00.000Z&adt=1&chd=0&inf=0&trip=RT&cabin=Economy&redemption=true&sort=PRICE%2Casc,27825.800000000003
143,IGU,Foz do Iguaçu,Brazil,2026-10-31,booking,18725,1520.08,2,Recanto Cataratas,https://www.booking.com/searchresults.pt-br.html?ss=Recanto+Cataratas+-+Thermas%2C+Resort+e+Convention%2C+Foz+do+Igua%C3%A7u%2C+Paran%C3%A1&checkin=2026-10-31&checkout=2026-11-02&group_adults=8&no_rooms=4&group_children=1&age=4&selected_currency=BRL,https://www.latamairlines.com/br/pt/oferta-voos?origin=SAO&outbound=2026-11-06T00%3A00%3A00.000Z&destination=SDU&inbound=2026-11-09T00%3A00%3A00.000Z&adt=1&chd=0&inf=0&trip=RT&cabin=Economy&redemption=true&sort=PRICE%2Casc,27845.48
57,LPB,La Paz,Bolivia,2026-10-31,booking,10296,2937.16,2,"Atix Hotel, a Member of Design Hotels",https://www.booking.com/searchresults.pt-br.html?ss=Atix+Hotel%2C+a+Member+of+Design+Hotels%2C+La+Paz%2C+La+Paz+Region%2C+Bol%C3%Advia&checkin=2026-10-31&checkout=2026-11-02&group_adults=8&no_rooms=4&group_children=1&age=4&selected_currency=BRL,https://www.latamairlines.com/br/pt/oferta-voos?origin=SAO&outbound=2026-11-06T00%3A00%3A00.000Z&destination=MCZ&inbound=2026-11-09T00%3A00%3A00.000Z&adt=1&chd=0&inf=0&trip=RT&cabin=Economy&redemption=true&sort=PRICE%2Casc,27918.96
170,VIX,Vitória,Brazil,2026-10-30,booking,19026,1487.04,3,Natureza Eco Lodge,https://www.booking.com/searchresults.pt-br.html?ss=Natureza+Eco+Lodge%2C+Pedra+Azul%2C+Esp%C3%ADrito+Santo%2C+Brasil&checkin=2026-10-30&checkout=2026-11-02&group_adults=8&no_rooms=4&group_children=1&age=4&selected_currency=BRL,https://www.latamairlines.com/br/pt/oferta-voos?origin=SAO&outbound=2026-11-06T00%3A00%3A00.000Z&destination=SDU&inbound=2026-11-09T00%3A00%3A00.000Z&adt=1&chd=0&inf=0&trip=RT&cabin=Economy&redemption=true&sort=PRICE%2Casc,27948.239999999998
135,LDB,Londrina,Brazil,2026-10-31,booking,24616,574.08,2,Daj Resort & Marina (199km),https://www.booking.com/searchresults.pt-br.html?ss=Daj+Resort+%26+Marina%2C+Ribeir%C3%A3o+Claro&checkin=2026-10-31&checkout=2026-11-02&group_adults=8&no_rooms=4&group_children=1&age=4&selected_currency=BRL,https://www.latamairlines.com/br/pt/oferta-voos?origin=SAO&outbound=2026-11-06T00%3A00%3A00.000Z&destination=SDU&inbound=2026-11-09T00%3A00%3A00.000Z&adt=1&chd=0&inf=0&trip=RT&cabin=Economy&redemption=true&sort=PRICE%2Casc,28060.48
97,NVT,Navegantes,Brazil,2026-10-30,booking,18908,1536.08,3,Pousada Pedra da Ilha (Beto) 10km,https://www.booking.com/searchresults.pt-br.html?ss=Pousada+Pedra+da+Ilha%2C+Penha%2C+Santa+Catarina&checkin=2026-10-30&checkout=2026-11-02&group_adults=8&no_rooms=4&group_children=1&age=4&selected_currency=BRL,https://www.latamairlines.com/br/pt/oferta-voos?origin=SAO&outbound=2026-11-06T00%3A00%3A00.000Z&destination=SDU&inbound=2026-11-09T00%3A00%3A00.000Z&adt=1&chd=0&inf=0&trip=RT&cabin=Economy&redemption=true&sort=PRICE%2Casc,28124.48
144,UDI,Uberlândia,Brazil,2026-10-30,booking,21280,1144.56,3,Cavaleiro dos Pireneus,https://www.booking.com/searchresults.pt-br.html?ss=Pousada+Cavaleiro+dos+Pireneus%2C+Piren%C3%B3polis&checkin=2026-10-30&checkout=2026-11-02&group_adults=8&no_rooms=4&group_children=1&age=4&selected_currency=BRL,https://www.latamairlines.com/br/pt/oferta-voos?origin=SAO&outbound=2026-11-06T00%3A00%3A00.000Z&destination=SDU&inbound=2026-11-09T00%3A00%3A00.000Z&adt=1&chd=0&inf=0&trip=RT&cabin=Economy&redemption=true&sort=PRICE%2Casc,28147.36
152,CGB,Cuiabá,Brazil,2026-10-30,booking,22868,892.08,3,Rio Claro + Chalana 8.1 (147km),https://www.booking.com/searchresults.pt-br.html?ss=Pousada+Rio+Claro%2C+Pocon%C3%A9%2C+Mato+Grosso&checkin=2026-10-30&checkout=2026-11-02&group_adults=8&no_rooms=4&group_children=1&age=4&selected_currency=BRL,https://www.latamairlines.com/br/pt/oferta-voos?origin=SAO&outbound=2026-11-06T00%3A00%3A00.000Z&destination=SDU&inbound=2026-11-09T00%3A00%3A00.000Z&adt=1&chd=0&inf=0&trip=RT&cabin=Economy&redemption=true&sort=PRICE%2Casc,28220.48
263,MDE,Medelín,Colombia,2026-10-31,booking,11597,2780.44,2,Tau House,https://www.booking.com/searchresults.pt-br.html?ss=Tau+House%2C+Guatap%C3%A9%2C+Antioquia%2C+Col%C3%B4mbia&checkin=2026-10-31&checkout=2026-11-02&group_adults=8&no_rooms=4&group_children=1&age=4&selected_currency=BRL,https://www.latamairlines.com/br/pt/oferta-voos?origin=SAO&outbound=2026-11-06T00%3A00%3A00.000Z&destination=SDU&inbound=2026-11-09T00%3A00%3A00.000Z&adt=1&chd=0&inf=0&trip=RT&cabin=Economy&redemption=true&sort=PRICE%2Casc,28279.64
156,RAO,Ribeirão Preto,Brazil,2026-10-30,booking,20297,1347.3,3,JP Ribeirão Preto Resort ,https://www.booking.com/searchresults.pt-br.html?ss=Hotel+JP+Ribeir%C3%A3o+Preto+Resort+%26+Conven%C3%A7%C3%B5es+by+Nacional+Inn%2C+Ribeir%C3%A3o+Preto%2C+Estado+de+S%C3%A3o+Paulo%2C+Brasil&checkin=2026-10-30&checkout=2026-11-02&group_adults=8&no_rooms=4&group_children=1&age=4&selected_currency=BRL,https://www.latamairlines.com/br/pt/oferta-voos?origin=SAO&outbound=2026-11-06T00%3A00%3A00.000Z&destination=SDU&inbound=2026-11-09T00%3A00%3A00.000Z&adt=1&chd=0&inf=0&trip=RT&cabin=Economy&redemption=true&sort=PRICE%2Casc,28380.8
109,POA,Porto Alegre,Brazil,2026-10-30,booking,18094,1735.3,3,Alpestre (Gramado),https://www.booking.com/searchresults.pt-br.html?ss=Hotel+Alpestre%2C+Gramado&checkin=2026-10-30&checkout=2026-11-02&group_adults=8&no_rooms=4&group_children=1&age=4&selected_currency=BRL,https://www.latamairlines.com/br/pt/oferta-voos?origin=SAO&outbound=2026-11-06T00%3A00%3A00.000Z&destination=SDU&inbound=2026-11-09T00%3A00%3A00.000Z&adt=1&chd=0&inf=0&trip=RT&cabin=Economy&redemption=true&sort=PRICE%2Casc,28505.8
5,MDZ,Mendoza,Argentina,2026-10-31,booking,13753,2460.94,2,La Morada Lodge,https://www.booking.com/searchresults.pt-br.html?ss=La+Morada+Lodge%2C+Vista+Flores&checkin=2026-10-31&checkout=2026-11-02&group_adults=8&no_rooms=4&group_children=1&age=4&selected_currency=BRL,https://www.latamairlines.com/br/pt/oferta-voos?origin=SAO&outbound=2026-11-06T00%3A00%3A00.000Z&destination=FEN&inbound=2026-11-09T00%3A00%3A00.000Z&adt=1&chd=0&inf=0&trip=RT&cabin=Economy&redemption=true&sort=PRICE%2Casc,28518.64
132,AJU,Aracaju,Brazil,2026-10-30,booking,12928,2603.3,3,Paka Bangalos,https://www.booking.com/searchresults.pt-br.html?ss=Paka+Bangalos&checkin=2026-10-30&checkout=2026-11-02&group_adults=8&no_rooms=4&group_children=1&age=4&selected_currency=BRL,https://www.latamairlines.com/br/pt/oferta-voos?origin=SAO&outbound=2026-11-06T00%3A00%3A00.000Z&destination=SDU&inbound=2026-11-09T00%3A00%3A00.000Z&adt=1&chd=0&inf=0&trip=RT&cabin=Economy&redemption=true&sort=PRICE%2Casc,28547.800000000003
255,AXM,Armênia,Colombia,2026-10-31,booking,12077,2750.58,2,Termales El Otoño,https://www.booking.com/searchresults.pt-br.html?ss=Termales+El+Oto%C3%B1o%2C+Manizales%2C+Prov%C3%ADncia+de+Caldas%2C+Col%C3%B4mbia&checkin=2026-10-31&checkout=2026-11-02&group_adults=8&no_rooms=4&group_children=1&age=4&selected_currency=BRL,https://www.latamairlines.com/br/pt/oferta-voos?origin=SAO&outbound=2026-11-06T00%3A00%3A00.000Z&destination=SDU&inbound=2026-11-09T00%3A00%3A00.000Z&adt=1&chd=0&inf=0&trip=RT&cabin=Economy&redemption=true&sort=PRICE%2Casc,28580.48
219,ZCO,Temuco,Chile,2026-10-30,booking,14409,2364.42,3,Park Lake Luxury Hotel,https://www.booking.com/searchresults.pt-br.html?ss=Park+Lake+Luxury+Hotel%2C+Puc%C3%B3n%2C+Araucania%2C+Chile&checkin=2026-10-30&checkout=2026-11-02&group_adults=8&no_rooms=4&group_children=1&age=4&selected_currency=BRL,https://www.latamairlines.com/br/pt/oferta-voos?origin=SAO&outbound=2026-11-06T00%3A00%3A00.000Z&destination=SDU&inbound=2026-11-09T00%3A00%3A00.000Z&adt=1&chd=0&inf=0&trip=RT&cabin=Economy&redemption=true&sort=PRICE%2Casc,28595.52
459,LIM,Lima,Peru,2026-10-31,booking,19096,1599.86,2,InterContinental Real Lima ,https://www.booking.com/searchresults.pt-br.html?ss=InterContinental+Real+Lima+Miraflores+by+IHG%2C+Lima%2C+Prov%C3%ADncia+de+Lima%2C+Peru&checkin=2026-10-31&checkout=2026-11-02&group_adults=8&no_rooms=4&group_children=1&age=4&selected_currency=BRL,https://www.latamairlines.com/br/pt/oferta-voos?origin=SAO&outbound=2026-11-06T00%3A00%3A00.000Z&destination=SDU&inbound=2026-11-09T00%3A00%3A00.000Z&adt=1&chd=0&inf=0&trip=RT&cabin=Economy&redemption=true&sort=PRICE%2Casc,28695.16
130,JOI,Joinville,Brazil,2026-10-30,booking,18908,1640.38,3,Pousada Pedra da Ilha (Beto) 10km,https://www.booking.com/searchresults.pt-br.html?ss=Pousada+Pedra+da+Ilha%2C+Penha%2C+Santa+Catarina&checkin=2026-10-30&checkout=2026-11-02&group_adults=8&no_rooms=4&group_children=1&age=4&selected_currency=BRL,https://www.latamairlines.com/br/pt/oferta-voos?origin=SAO&outbound=2026-11-06T00%3A00%3A00.000Z&destination=SDU&inbound=2026-11-09T00%3A00%3A00.000Z&adt=1&chd=0&inf=0&trip=RT&cabin=Economy&redemption=true&sort=PRICE%2Casc,28750.28
77,FOR,Fortaleza,Brazil,2026-10-30,booking,15105,2280.96,3,Beach Park Resort,https://www.booking.com/searchresults.pt-br.html?ss=Beach+Park+Resort+-+Suites&checkin=2026-10-30&checkout=2026-11-02&group_adults=8&no_rooms=4&group_children=1&age=4&selected_currency=BRL,https://www.latamairlines.com/br/pt/oferta-voos?origin=SAO&outbound=2026-11-06T00%3A00%3A00.000Z&destination=SDU&inbound=2026-11-09T00%3A00%3A00.000Z&adt=1&chd=0&inf=0&trip=RT&cabin=Economy&redemption=true&sort=PRICE%2Casc,28790.760000000002
158,GYN,Goiânia,Brazil,2026-10-30,booking,21280,1268.08,3,Cavaleiro dos Pireneus,https://www.booking.com/searchresults.pt-br.html?ss=Pousada+Cavaleiro+dos+Pireneus%2C+Piren%C3%B3polis&checkin=2026-10-30&checkout=2026-11-02&group_adults=8&no_rooms=4&group_children=1&age=4&selected_currency=BRL,https://www.latamairlines.com/br/pt/oferta-voos?origin=SAO&outbound=2026-11-06T00%3A00%3A00.000Z&destination=SDU&inbound=2026-11-09T00%3A00%3A00.000Z&adt=1&chd=0&inf=0&trip=RT&cabin=Economy&redemption=true&sort=PRICE%2Casc,28888.48
262,MDE,Medelín,Colombia,2026-10-30,booking,13926,2498.36,3,Atma Boutique Hotel Guatapé,https://www.booking.com/searchresults.pt-br.html?ss=Atma+Boutique+Hotel+Guatap%C3%A9%2C+Guatap%C3%A9%2C+Antioquia%2C+Col%C3%B4mbia&checkin=2026-10-30&checkout=2026-11-02&group_adults=8&no_rooms=4&group_children=1&age=4&selected_currency=BRL,https://www.latamairlines.com/br/pt/oferta-voos?origin=SAO&outbound=2026-11-06T00%3A00%3A00.000Z&destination=SDU&inbound=2026-11-09T00%3A00%3A00.000Z&adt=1&chd=0&inf=0&trip=RT&cabin=Economy&redemption=true&sort=PRICE%2Casc,28916.16
210,PMC,Puerto Montt,Chile,2026-10-31,booking,12773,2786.68,2,Casa Molino Hotel Boutique,https://www.booking.com/searchresults.pt-br.html?ss=Casa+Molino+Hotel+Boutique+%26+Restaurant+Puerto+Varas%2C+Puerto+Varas%2C+Prov%C3%ADncia+de+Los+Lagos%2C+Chile&checkin=2026-10-31&checkout=2026-11-02&group_adults=8&no_rooms=4&group_children=1&age=4&selected_currency=BRL,https://www.latamairlines.com/br/pt/oferta-voos?origin=SAO&outbound=2026-11-06T00%3A00%3A00.000Z&destination=SDU&inbound=2026-11-09T00%3A00%3A00.000Z&adt=1&chd=0&inf=0&trip=RT&cabin=Economy&redemption=true&sort=PRICE%2Casc,29493.079999999998
458,LIM,Lima,Peru,2026-10-30,booking,20292,1547.62,3,JW Marriott Hotel Lima,https://www.booking.com/searchresults.pt-br.html?ss=JW+Marriott+Hotel+Lima%2C+Lima%2C+Prov%C3%ADncia+de+Lima%2C+Peru&checkin=2026-10-30&checkout=2026-11-02&group_adults=8&no_rooms=4&group_children=1&age=4&selected_currency=BRL,https://www.latamairlines.com/br/pt/oferta-voos?origin=SAO&outbound=2026-11-06T00%3A00%3A00.000Z&destination=SDU&inbound=2026-11-09T00%3A00%3A00.000Z&adt=1&chd=0&inf=0&trip=RT&cabin=Economy&redemption=true&sort=PRICE%2Casc,29577.72
205,BBA,Balmaceda,Chile,2026-10-30,booking,7956,3609.58,3,Chelenko Lodge,https://www.booking.com/searchresults.pt-br.html?ss=Chelenko+Lodge%2C+Puerto+Tranquilo%2C+Aysen%2C+Chile&checkin=2026-10-30&checkout=2026-11-02&group_adults=8&no_rooms=4&group_children=1&age=4&selected_currency=BRL,https://www.latamairlines.com/br/pt/oferta-voos?origin=SAO&outbound=2026-11-06T00%3A00%3A00.000Z&destination=SDU&inbound=2026-11-09T00%3A00%3A00.000Z&adt=1&chd=0&inf=0&trip=RT&cabin=Economy&redemption=true&sort=PRICE%2Casc,29613.48
167,JPA,João Pessoa,Brazil,2026-10-31,booking,16835,2140.42,2,Ba Ra,https://www.booking.com/searchresults.pt-br.html?ss=BA%27RA+Hotel%2C+Jo%C3%A3o+Pessoa&checkin=2026-10-31&checkout=2026-11-02&group_adults=8&no_rooms=4&group_children=1&age=4&selected_currency=BRL,https://www.latamairlines.com/br/pt/oferta-voos?origin=SAO&outbound=2026-11-06T00%3A00%3A00.000Z&destination=SDU&inbound=2026-11-09T00%3A00%3A00.000Z&adt=1&chd=0&inf=0&trip=RT&cabin=Economy&redemption=true&sort=PRICE%2Casc,29677.52
115,BPS,Porto Seguro,Brazil,2026-10-30,booking,19920,1633.72,3,Aysú Trancoso Hotel,https://www.booking.com/searchresults.pt-br.html?ss=Ays%C3%BA+Trancoso+Boutique+Hotel&checkin=2026-10-30&checkout=2026-11-02&group_adults=8&no_rooms=4&group_children=1&age=4&selected_currency=BRL,https://www.latamairlines.com/br/pt/oferta-voos?origin=SAO&outbound=2026-11-06T00%3A00%3A00.000Z&destination=SDU&inbound=2026-11-09T00%3A00%3A00.000Z&adt=1&chd=0&inf=0&trip=RT&cabin=Economy&redemption=true&sort=PRICE%2Casc,29722.32
58,VVI,Santa Cruz de La Sierra,Bolivia,2026-10-30,booking,12458,2937.16,3,Hotel Camino Real ,https://www.booking.com/searchresults.pt-br.html?ss=Hotel+Camino+Real%2C+Santa+Cruz+de+la+Sierra&checkin=2026-10-30&checkout=2026-11-02&group_adults=8&no_rooms=4&group_children=1&age=4&selected_currency=BRL,https://www.latamairlines.com/br/pt/oferta-voos?origin=SAO&outbound=2026-11-06T00%3A00%3A00.000Z&destination=BHZ&inbound=2026-11-09T00%3A00%3A00.000Z&adt=1&chd=0&inf=0&trip=RT&cabin=Economy&redemption=true&sort=PRICE%2Casc,30080.96
860,MVD,Montevidéu,Uruguay,2026-10-31,booking,13603,2749.12,2,Costanero Hotel Montevideo,https://www.booking.com/searchresults.pt-br.html?ss=Costanero+Hotel+Montevideo+-+MGallery+Collection%2C+Montevid%C3%A9u%2C+Montevid%C3%A9u%2C+Uruguai&checkin=2026-10-31&checkout=2026-11-02&group_adults=8&no_rooms=4&group_children=1&age=4&selected_currency=BRL,https://www.latamairlines.com/br/pt/oferta-voos?origin=SAO&outbound=2026-11-06T00%3A00%3A00.000Z&destination=SDU&inbound=2026-11-09T00%3A00%3A00.000Z&adt=1&chd=0&inf=0&trip=RT&cabin=Economy&redemption=true&sort=PRICE%2Casc,30097.72
859,MVD,Montevidéu,Uruguay,2026-10-30,booking,17253,2143.14,3,Hotel Montevideo - Leading,https://www.booking.com/searchresults.pt-br.html?ss=Hotel+Montevideo+-+Leading+Hotels+of+the+World%2C+Montevid%C3%A9u%2C+Montevid%C3%A9u%2C+Uruguai&checkin=2026-10-30&checkout=2026-11-02&group_adults=8&no_rooms=4&group_children=1&age=4&selected_currency=BRL,https://www.latamairlines.com/br/pt/oferta-voos?origin=SAO&outbound=2026-11-06T00%3A00%3A00.000Z&destination=SDU&inbound=2026-11-09T00%3A00%3A00.000Z&adt=1&chd=0&inf=0&trip=RT&cabin=Economy&redemption=true&sort=PRICE%2Casc,30111.84
255,AXM,Armênia,Colombia,2026-10-31,booking,13676,2750.58,2,Hotel Campestre las Camelias,https://www.booking.com/searchresults.pt-br.html?ss=Hotel+Campestre+las+Camelias%2C+Montenegro%2C+Quindio%2C+Col%C3%B4mbia&checkin=2026-10-31&checkout=2026-11-02&group_adults=8&no_rooms=4&group_children=1&age=4&selected_currency=BRL,https://www.latamairlines.com/br/pt/oferta-voos?origin=SAO&outbound=2026-11-06T00%3A00%3A00.000Z&destination=SDU&inbound=2026-11-09T00%3A00%3A00.000Z&adt=1&chd=0&inf=0&trip=RT&cabin=Economy&redemption=true&sort=PRICE%2Casc,30179.48
262,MDE,Medelín,Colombia,2026-10-30,booking,15375,2498.36,3,The Boato Hotel,https://www.booking.com/searchresults.pt-br.html?ss=The+Boato+Hotel%2C+Guatap%C3%A9%2C+Antioquia%2C+Col%C3%B4mbia&checkin=2026-10-30&checkout=2026-11-02&group_adults=8&no_rooms=4&group_children=1&age=4&selected_currency=BRL,https://www.latamairlines.com/br/pt/oferta-voos?origin=SAO&outbound=2026-11-06T00%3A00%3A00.000Z&destination=SDU&inbound=2026-11-09T00%3A00%3A00.000Z&adt=1&chd=0&inf=0&trip=RT&cabin=Economy&redemption=true&sort=PRICE%2Casc,30365.16
79,SSA,Salvador,Brazil,2026-10-30,booking,18252,2024.08,3,Casa luxuosa em Praia do Castelo,https://www.booking.com/searchresults.pt-br.html?ss=Casa+luxuosa+em+Praia+do+Castelo+-+Praia+do+Forte%2C+Mata+de+S%C3%A3o+Jo%C3%A3o%2C+Bahia%2C+Brasil&checkin=2026-10-30&checkout=2026-11-02&group_adults=8&no_rooms=4&group_children=1&age=4&selected_currency=BRL,https://www.latamairlines.com/br/pt/oferta-voos?origin=SAO&outbound=2026-11-06T00%3A00%3A00.000Z&destination=SDU&inbound=2026-11-09T00%3A00%3A00.000Z&adt=1&chd=0&inf=0&trip=RT&cabin=Economy&redemption=true&sort=PRICE%2Casc,30396.48
255,AXM,Armênia,Colombia,2026-10-31,booking,13899,2750.58,2,Kawa Bamboo Retreat,https://www.booking.com/searchresults.pt-br.html?ss=Kawa+Bamboo+Retreat%2C+Pereira%2C+Risaralda%2C+Col%C3%B4mbia&checkin=2026-10-31&checkout=2026-11-02&group_adults=8&no_rooms=4&group_children=1&age=4&selected_currency=BRL,https://www.latamairlines.com/br/pt/oferta-voos?origin=SAO&outbound=2026-11-06T00%3A00%3A00.000Z&destination=SDU&inbound=2026-11-09T00%3A00%3A00.000Z&adt=1&chd=0&inf=0&trip=RT&cabin=Economy&redemption=true&sort=PRICE%2Casc,30402.48
111,CWB,Curitiba,Brazil,2026-10-30,booking,24652,960.08,3,Nomaa Hotel,https://www.booking.com/searchresults.pt-br.html?ss=Nomaa+Hotel%2C+Curitiba%2C+Paran%C3%A1%2C+Brasil&checkin=2026-10-30&checkout=2026-11-02&group_adults=8&no_rooms=4&group_children=1&age=4&selected_currency=BRL,https://www.latamairlines.com/br/pt/oferta-voos?origin=SAO&outbound=2026-11-06T00%3A00%3A00.000Z&destination=SDU&inbound=2026-11-09T00%3A00%3A00.000Z&adt=1&chd=0&inf=0&trip=RT&cabin=Economy&redemption=true&sort=PRICE%2Casc,30412.48
218,PUQ,Punta Arenas,Chile,2026-10-31,booking,12473,2991.28,2,Hotel José Nogueira,https://www.booking.com/searchresults.pt-br.html?ss=Hotel+Jos%C3%A9+Nogueira%2C+Punta+Arenas%2C+Magallanes%2C+Chile&checkin=2026-10-31&checkout=2026-11-02&group_adults=8&no_rooms=4&group_children=1&age=4&selected_currency=BRL,https://www.latamairlines.com/br/pt/oferta-voos?origin=SAO&outbound=2026-11-06T00%3A00%3A00.000Z&destination=SDU&inbound=2026-11-09T00%3A00%3A00.000Z&adt=1&chd=0&inf=0&trip=RT&cabin=Economy&redemption=true&sort=PRICE%2Casc,30420.68
111,CWB,Curitiba,Brazil,2026-10-30,booking,24711,960.08,3,Piazito Fazendinha museu (89km),https://www.booking.com/searchresults.pt-br.html?ss=Piazito+Park+Hotel%2C+Fragosos&checkin=2026-10-30&checkout=2026-11-02&group_adults=8&no_rooms=4&group_children=1&age=4&selected_currency=BRL,https://www.latamairlines.com/br/pt/oferta-voos?origin=SAO&outbound=2026-11-06T00%3A00%3A00.000Z&destination=SDU&inbound=2026-11-09T00%3A00%3A00.000Z&adt=1&chd=0&inf=0&trip=RT&cabin=Economy&redemption=true&sort=PRICE%2Casc,30471.48
219,ZCO,Temuco,Chile,2026-10-30,booking,16320,2364.42,3,NI-NEWEN Hotel & Lodge,https://www.booking.com/searchresults.pt-br.html?ss=NI-NEWEN+Hotel+%26+Lodge%2C+Puc%C3%B3n%2C+Araucania%2C+Chile&checkin=2026-10-30&checkout=2026-11-02&group_adults=8&no_rooms=4&group_children=1&age=4&selected_currency=BRL,https://www.latamairlines.com/br/pt/oferta-voos?origin=SAO&outbound=2026-11-06T00%3A00%3A00.000Z&destination=SDU&inbound=2026-11-09T00%3A00%3A00.000Z&adt=1&chd=0&inf=0&trip=RT&cabin=Economy&redemption=true&sort=PRICE%2Casc,30506.52
56,LPB,La Paz,Bolivia,2026-10-30,booking,7762,3793.88,3,Hotel Boutique Rosario Sur,https://www.booking.com/searchresults.pt-br.html?ss=Hotel+Boutique+Rosario+Sur%2C+La+Paz%2C+La+Paz+Region%2C+Bol%C3%Advia&checkin=2026-10-30&checkout=2026-11-02&group_adults=8&no_rooms=4&group_children=1&age=4&selected_currency=BRL,https://www.latamairlines.com/br/pt/oferta-voos?origin=SAO&outbound=2026-11-06T00%3A00%3A00.000Z&destination=VDC&inbound=2026-11-09T00%3A00%3A00.000Z&adt=1&chd=0&inf=0&trip=RT&cabin=Economy&redemption=true&sort=PRICE%2Casc,30525.28
255,AXM,Armênia,Colombia,2026-10-31,booking,14030,2750.58,2,Visus Hotel Boutique & Spa,https://www.booking.com/searchresults.pt-br.html?ss=Visus+Hotel+Boutique+%26+Spa%2C+Pereira%2C+Risaralda%2C+Col%C3%B4mbia&checkin=2026-10-31&checkout=2026-11-02&group_adults=8&no_rooms=4&group_children=1&age=4&selected_currency=BRL,https://www.latamairlines.com/br/pt/oferta-voos?origin=SAO&outbound=2026-11-06T00%3A00%3A00.000Z&destination=SDU&inbound=2026-11-09T00%3A00%3A00.000Z&adt=1&chd=0&inf=0&trip=RT&cabin=Economy&redemption=true&sort=PRICE%2Casc,30533.48
210,PMC,Puerto Montt,Chile,2026-10-31,booking,13841,2786.68,2,Lodge Tagua Tagua (174km),https://www.booking.com/searchresults.pt-br.html?ss=Lodge+Tagua+Tagua%2C+Puelo+Patagonia%2C+Puelo%2C+Prov%C3%ADncia+de+Los+Lagos%2C+Chile&checkin=2026-10-31&checkout=2026-11-02&group_adults=8&no_rooms=4&group_children=1&age=4&selected_currency=BRL,https://www.latamairlines.com/br/pt/oferta-voos?origin=SAO&outbound=2026-11-06T00%3A00%3A00.000Z&destination=SDU&inbound=2026-11-09T00%3A00%3A00.000Z&adt=1&chd=0&inf=0&trip=RT&cabin=Economy&redemption=true&sort=PRICE%2Casc,30561.079999999998
144,UDI,Uberlândia,Brazil,2026-10-30,booking,23773,1144.56,3,Giardino 8.3 (Rio Quente Resort),https://www.booking.com/searchresults.pt-br.html?ss=Rio+Quente+Resorts+-+Hotel+Giardino%2C+Rio+Quente%2C+Goi%C3%A1s%2C+Brasil&ssne=Rio+Quente&checkin=2026-10-30&checkout=2026-11-02&group_adults=8&no_rooms=4&group_children=1&age=4&selected_currency=BRL,https://www.latamairlines.com/br/pt/oferta-voos?origin=SAO&outbound=2026-11-06T00%3A00%3A00.000Z&destination=SDU&inbound=2026-11-09T00%3A00%3A00.000Z&adt=1&chd=0&inf=0&trip=RT&cabin=Economy&redemption=true&sort=PRICE%2Casc,30640.36
93,NAT,Natal,Brazil,2026-10-30,booking,18969,1969.3,3,Vogal Luxury (40km),https://www.booking.com/searchresults.pt-br.html?ss=Vogal+Luxury+Beach+Hotel+%26+SPA%2C+Natal&checkin=2026-10-30&checkout=2026-11-02&group_adults=8&no_rooms=4&group_children=1&age=4&selected_currency=BRL,https://www.latamairlines.com/br/pt/oferta-voos?origin=SAO&outbound=2026-11-06T00%3A00%3A00.000Z&destination=SDU&inbound=2026-11-09T00%3A00%3A00.000Z&adt=1&chd=0&inf=0&trip=RT&cabin=Economy&redemption=true&sort=PRICE%2Casc,30784.8
218,PUQ,Punta Arenas,Chile,2026-10-31,booking,12871,2991.28,2,Hotel Cabo De Hornos,https://www.booking.com/searchresults.pt-br.html?ss=Hotel+Cabo+De+Hornos%2C+Punta+Arenas%2C+Magallanes%2C+Chile&checkin=2026-10-31&checkout=2026-11-02&group_adults=8&no_rooms=4&group_children=1&age=4&selected_currency=BRL,https://www.latamairlines.com/br/pt/oferta-voos?origin=SAO&outbound=2026-11-06T00%3A00%3A00.000Z&destination=SDU&inbound=2026-11-09T00%3A00%3A00.000Z&adt=1&chd=0&inf=0&trip=RT&cabin=Economy&redemption=true&sort=PRICE%2Casc,30818.68
13,COR,Córdoba,Argentina,2026-10-30,booking,16839,2331.2,3,"Böden Hotel & Spa, AKEN SOUL",https://www.booking.com/searchresults.pt-br.html?ss=B%C3%B6den+Hotel+%26+Spa%2C+AKEN+SOUL%2C+Villa+General+Belgrano%2C+Prov%C3%ADncia+de+C%C3%B3rdoba%2C+Argentina&checkin=2026-10-30&checkout=2026-11-02&group_adults=8&no_rooms=4&group_children=1&age=4&selected_currency=BRL,https://www.latamairlines.com/br/pt/oferta-voos?origin=SAO&outbound=2026-11-06T00%3A00%3A00.000Z&destination=BYO&inbound=2026-11-09T00%3A00%3A00.000Z&adt=1&chd=0&inf=0&trip=RT&cabin=Economy&redemption=true&sort=PRICE%2Casc,30826.199999999997
13,COR,Córdoba,Argentina,2026-10-30,booking,16910,2331.2,3,"Get Hotel Molvento, AKEN SOUL Collection",https://www.booking.com/searchresults.pt-br.html?ss=Get+Hotel+Molvento%2C+AKEN+SOUL+Collection%2C+Villa+General+Belgrano%2C+Prov%C3%ADncia+de+C%C3%B3rdoba%2C+Argentina&checkin=2026-10-30&checkout=2026-11-02&group_adults=8&no_rooms=4&group_children=1&age=4&selected_currency=BRL,https://www.latamairlines.com/br/pt/oferta-voos?origin=SAO&outbound=2026-11-06T00%3A00%3A00.000Z&destination=BYO&inbound=2026-11-09T00%3A00%3A00.000Z&adt=1&chd=0&inf=0&trip=RT&cabin=Economy&redemption=true&sort=PRICE%2Casc,30897.199999999997
168,SLZ,São Luís,Brazil,2026-10-30,booking,19349,1929.3,3,La Ferme,https://www.booking.com/searchresults.pt-br.html?ss=La+Ferme+De+Georges%2C+Atins&checkin=2026-10-30&checkout=2026-11-02&group_adults=8&no_rooms=4&group_children=1&age=4&selected_currency=BRL,https://www.latamairlines.com/br/pt/oferta-voos?origin=SAO&outbound=2026-11-06T00%3A00%3A00.000Z&destination=SDU&inbound=2026-11-09T00%3A00%3A00.000Z&adt=1&chd=0&inf=0&trip=RT&cabin=Economy&redemption=true&sort=PRICE%2Casc,30924.8
150,XAP,Chapecó,Brazil,2026-10-30,booking,25910,839.3,3,Itá Thermas Resort e Spa (70km),https://www.booking.com/searchresults.pt-br.html?ss=It%C3%A1+Thermas+Resort+e+Spa%2C+It%C3%A1%2C+Santa+Catarina&checkin=2026-10-30&checkout=2026-11-02&group_adults=8&no_rooms=4&group_children=1&age=4&selected_currency=BRL,https://www.latamairlines.com/br/pt/oferta-voos?origin=SAO&outbound=2026-11-06T00%3A00%3A00.000Z&destination=SDU&inbound=2026-11-09T00%3A00%3A00.000Z&adt=1&chd=0&inf=0&trip=RT&cabin=Economy&redemption=true&sort=PRICE%2Casc,30945.8
255,AXM,Armênia,Colombia,2026-10-31,booking,14514,2750.58,2,Hotel Casa San Carlos Lodge Pereira,https://www.booking.com/searchresults.pt-br.html?ss=Hotel+Casa+San+Carlos+Lodge+Pereira%2C+Pereira%2C+Risaralda%2C+Col%C3%B4mbia&checkin=2026-10-31&checkout=2026-11-02&group_adults=8&no_rooms=4&group_children=1&age=4&selected_currency=BRL,https://www.latamairlines.com/br/pt/oferta-voos?origin=SAO&outbound=2026-11-06T00%3A00%3A00.000Z&destination=SDU&inbound=2026-11-09T00%3A00%3A00.000Z&adt=1&chd=0&inf=0&trip=RT&cabin=Economy&redemption=true&sort=PRICE%2Casc,31017.48
169,SLZ,São Luís,Brazil,2026-10-31,booking,19584,1929.3,2,Villa Pantai,https://www.booking.com/searchresults.pt-br.html?ss=Villa+Pantai+Boutique+Hotel+Atins%2C+Atins&checkin=2026-10-31&checkout=2026-11-02&group_adults=8&no_rooms=4&group_children=1&age=4&selected_currency=BRL,https://www.latamairlines.com/br/pt/oferta-voos?origin=SAO&outbound=2026-11-06T00%3A00%3A00.000Z&destination=SDU&inbound=2026-11-09T00%3A00%3A00.000Z&adt=1&chd=0&inf=0&trip=RT&cabin=Economy&redemption=true&sort=PRICE%2Casc,31159.8
20,EZE,Unknown,Unknown,2026-10-31,booking,12396,3147.3,2,AQ Tailored Suites,https://www.booking.com/searchresults.pt-br.html?ss=AQ+Tailored+Suites%2C+Buenos+Aires%2C+Argentina&checkin=2026-10-31&checkout=2026-11-02&group_adults=8&no_rooms=4&group_children=1&age=4&selected_currency=BRL,https://www.latamairlines.com/br/pt/oferta-voos?origin=SAO&outbound=2026-11-06T00%3A00%3A00.000Z&destination=PFB&inbound=2026-11-09T00%3A00%3A00.000Z&adt=1&chd=0&inf=0&trip=RT&cabin=Economy&redemption=true&sort=PRICE%2Casc,31279.800000000003
158,GYN,Goiânia,Brazil,2026-10-30,booking,23773,1268.08,3,Giardino 8.3 (Rio Quente Resort),https://www.booking.com/searchresults.pt-br.html?ss=Rio+Quente+Resorts+-+Hotel+Giardino%2C+Rio+Quente%2C+Goi%C3%A1s%2C+Brasil&ssne=Rio+Quente&checkin=2026-10-30&checkout=2026-11-02&group_adults=8&no_rooms=4&group_children=1&age=4&selected_currency=BRL,https://www.latamairlines.com/br/pt/oferta-voos?origin=SAO&outbound=2026-11-06T00%3A00%3A00.000Z&destination=SDU&inbound=2026-11-09T00%3A00%3A00.000Z&adt=1&chd=0&inf=0&trip=RT&cabin=Economy&redemption=true&sort=PRICE%2Casc,31381.48
280,UIO,Quito,Ecuador,2026-10-31,booking,17601,2320.22,2,La Mirage Garden Hotel & Spa,https://www.booking.com/searchresults.pt-br.html?ss=La+Mirage+Garden+Hotel+%26+Spa%2C+Cotacachi&checkin=2026-10-31&checkout=2026-11-02&group_adults=8&no_rooms=4&group_children=1&age=4&selected_currency=BRL,https://www.latamairlines.com/br/pt/oferta-voos?origin=SAO&outbound=2026-11-06T00%3A00%3A00.000Z&destination=SDU&inbound=2026-11-09T00%3A00%3A00.000Z&adt=1&chd=0&inf=0&trip=RT&cabin=Economy&redemption=true&sort=PRICE%2Casc,31522.32
217,PUQ,Punta Arenas,Chile,2026-10-30,booking,17352,2374.88,3,NOI Indigo Patagonia,https://www.booking.com/searchresults.pt-br.html?ss=NOI+Indigo+Patagonia%2C+Puerto+Natales%2C+Magallanes%2C+Chile&checkin=2026-10-30&checkout=2026-11-02&group_adults=8&no_rooms=4&group_children=1&age=4&selected_currency=BRL,https://www.latamairlines.com/br/pt/oferta-voos?origin=SAO&outbound=2026-11-06T00%3A00%3A00.000Z&destination=SDU&inbound=2026-11-09T00%3A00%3A00.000Z&adt=1&chd=0&inf=0&trip=RT&cabin=Economy&redemption=true&sort=PRICE%2Casc,31601.28
206,BBA,Balmaceda,Chile,2026-10-31,booking,10464,3524.12,2,Hacienda Tres Lagos,https://www.booking.com/searchresults.pt-br.html?ss=Hacienda+Tres+Lagos%2C+Aldana%2C+Aysen%2C+Chile&checkin=2026-10-31&checkout=2026-11-02&group_adults=8&no_rooms=4&group_children=1&age=4&selected_currency=BRL,https://www.latamairlines.com/br/pt/oferta-voos?origin=SAO&outbound=2026-11-06T00%3A00%3A00.000Z&destination=SDU&inbound=2026-11-09T00%3A00%3A00.000Z&adt=1&chd=0&inf=0&trip=RT&cabin=Economy&redemption=true&sort=PRICE%2Casc,31608.72
3,AEP,Buenos Aires,Argentina,2026-10-31,booking,12751,3147.3,2,AQ Tailored Suites,https://www.booking.com/searchresults.pt-br.html?ss=AQ+Tailored+Suites%2C+Buenos+Aires%2C+Argentina&checkin=2026-10-31&checkout=2026-11-02&group_adults=8&no_rooms=4&group_children=1&age=4&selected_currency=BRL,https://www.latamairlines.com/br/pt/oferta-voos?origin=SAO&outbound=2026-11-06T00%3A00%3A00.000Z&destination=DOU&inbound=2026-11-09T00%3A00%3A00.000Z&adt=1&chd=0&inf=0&trip=RT&cabin=Economy&redemption=true&sort=PRICE%2Casc,31634.800000000003
79,SSA,Salvador,Brazil,2026-10-30,booking,19500,2024.08,3,Casa Kuará Praia do Forte,https://www.booking.com/searchresults.pt-br.html?ss=Casa+Kuar%C3%A1+Praia+do+Forte%2C+Mata+de+S%C3%A3o+Jo%C3%A3o%2C+Bahia+%28Nordeste+do+Brasil%29%2C+Brasil&checkin=2026-10-30&checkout=2026-11-02&group_adults=8&no_rooms=4&group_children=1&age=4&selected_currency=BRL,https://www.latamairlines.com/br/pt/oferta-voos?origin=SAO&outbound=2026-11-06T00%3A00%3A00.000Z&destination=SDU&inbound=2026-11-09T00%3A00%3A00.000Z&adt=1&chd=0&inf=0&trip=RT&cabin=Economy&redemption=true&sort=PRICE%2Casc,31644.48
142,IGU,Foz do Iguaçu,Brazil,2026-10-30,booking,20493,1890.08,3,Sanma (prox Aero),https://www.booking.com/searchresults.pt-br.html?ss=Sanma+Hotel%2C+Foz+do+Igua%C3%A7u%2C+Paran%C3%A1&checkin=2026-10-30&checkout=2026-11-02&group_adults=8&no_rooms=4&group_children=1&age=4&selected_currency=BRL,https://www.latamairlines.com/br/pt/oferta-voos?origin=SAO&outbound=2026-11-06T00%3A00%3A00.000Z&destination=SDU&inbound=2026-11-09T00%3A00%3A00.000Z&adt=1&chd=0&inf=0&trip=RT&cabin=Economy&redemption=true&sort=PRICE%2Casc,31833.48
217,PUQ,Punta Arenas,Chile,2026-10-30,booking,17632,2374.88,3,Hotel Cabo De Hornos,https://www.booking.com/searchresults.pt-br.html?ss=Hotel+Cabo+De+Hornos%2C+Punta+Arenas%2C+Magallanes%2C+Chile&checkin=2026-10-30&checkout=2026-11-02&group_adults=8&no_rooms=4&group_children=1&age=4&selected_currency=BRL,https://www.latamairlines.com/br/pt/oferta-voos?origin=SAO&outbound=2026-11-06T00%3A00%3A00.000Z&destination=SDU&inbound=2026-11-09T00%3A00%3A00.000Z&adt=1&chd=0&inf=0&trip=RT&cabin=Economy&redemption=true&sort=PRICE%2Casc,31881.28
254,AXM,Armênia,Colombia,2026-10-30,booking,15400,2750.58,3,Casa Malva Villas,https://www.booking.com/searchresults.pt-br.html?ss=Casa+Malva+Villas%2C+Buenavista%2C+Quindio%2C+Col%C3%B4mbia&checkin=2026-10-30&checkout=2026-11-02&group_adults=8&no_rooms=4&group_children=1&age=4&selected_currency=BRL,https://www.latamairlines.com/br/pt/oferta-voos?origin=SAO&outbound=2026-11-06T00%3A00%3A00.000Z&destination=SDU&inbound=2026-11-09T00%3A00%3A00.000Z&adt=1&chd=0&inf=0&trip=RT&cabin=Economy&redemption=true&sort=PRICE%2Casc,31903.48
152,CGB,Cuiabá,Brazil,2026-10-30,booking,26765,892.08,3,Malai Manso,https://www.booking.com/searchresults.pt-br.html?ss=Malai+Manso+Resort+Yatch+Convention+%26+Spa%2C+Retiro&checkin=2026-10-30&checkout=2026-11-02&group_adults=8&no_rooms=4&group_children=1&age=4&selected_currency=BRL,https://www.latamairlines.com/br/pt/oferta-voos?origin=SAO&outbound=2026-11-06T00%3A00%3A00.000Z&destination=SDU&inbound=2026-11-09T00%3A00%3A00.000Z&adt=1&chd=0&inf=0&trip=RT&cabin=Economy&redemption=true&sort=PRICE%2Casc,32117.48
262,MDE,Medelín,Colombia,2026-10-30,booking,17156,2498.36,3,Tau House,https://www.booking.com/searchresults.pt-br.html?ss=Tau+House%2C+Guatap%C3%A9%2C+Antioquia%2C+Col%C3%B4mbia&checkin=2026-10-30&checkout=2026-11-02&group_adults=8&no_rooms=4&group_children=1&age=4&selected_currency=BRL,https://www.latamairlines.com/br/pt/oferta-voos?origin=SAO&outbound=2026-11-06T00%3A00%3A00.000Z&destination=SDU&inbound=2026-11-09T00%3A00%3A00.000Z&adt=1&chd=0&inf=0&trip=RT&cabin=Economy&redemption=true&sort=PRICE%2Casc,32146.16
209,PMC,Puerto Montt,Chile,2026-10-30,booking,18632,2259.96,3,Casa Molino Hotel Boutique,https://www.booking.com/searchresults.pt-br.html?ss=Casa+Molino+Hotel+Boutique+%26+Restaurant+Puerto+Varas%2C+Puerto+Varas%2C+Prov%C3%ADncia+de+Los+Lagos%2C+Chile&checkin=2026-10-30&checkout=2026-11-02&group_adults=8&no_rooms=4&group_children=1&age=4&selected_currency=BRL,https://www.latamairlines.com/br/pt/oferta-voos?origin=SAO&outbound=2026-11-06T00%3A00%3A00.000Z&destination=SDU&inbound=2026-11-09T00%3A00%3A00.000Z&adt=1&chd=0&inf=0&trip=RT&cabin=Economy&redemption=true&sort=PRICE%2Casc,32191.760000000002
93,NAT,Natal,Brazil,2026-10-30,booking,20400,1969.3,3,Casa da Gameleira (12pax),https://www.booking.com/searchresults.pt-br.html?ss=Casa+da+Gameleira%2C+Ba%C3%ADa+Formosa%2C+Rio+Grande+do+Norte&checkin=2026-10-30&checkout=2026-11-02&group_adults=8&no_rooms=4&group_children=1&age=4&selected_currency=BRL,https://www.latamairlines.com/br/pt/oferta-voos?origin=SAO&outbound=2026-11-06T00%3A00%3A00.000Z&destination=SDU&inbound=2026-11-09T00%3A00%3A00.000Z&adt=1&chd=0&inf=0&trip=RT&cabin=Economy&redemption=true&sort=PRICE%2Casc,32215.8
859,MVD,Montevidéu,Uruguay,2026-10-30,booking,19358,2143.14,3,Costanero Hotel Montevideo,https://www.booking.com/searchresults.pt-br.html?ss=Costanero+Hotel+Montevideo+-+MGallery+Collection%2C+Montevid%C3%A9u%2C+Montevid%C3%A9u%2C+Uruguai&checkin=2026-10-30&checkout=2026-11-02&group_adults=8&no_rooms=4&group_children=1&age=4&selected_currency=BRL,https://www.latamairlines.com/br/pt/oferta-voos?origin=SAO&outbound=2026-11-06T00%3A00%3A00.000Z&destination=SDU&inbound=2026-11-09T00%3A00%3A00.000Z&adt=1&chd=0&inf=0&trip=RT&cabin=Economy&redemption=true&sort=PRICE%2Casc,32216.84
204,CJC,Calama,Chile,2026-10-31,booking,15199,2845.02,2,NOI Casa Atacana,https://www.booking.com/searchresults.pt-br.html?ss=NOI+Casa+Atacama%2C+San+Pedro+de+Atacama&checkin=2026-10-31&checkout=2026-11-02&group_adults=8&no_rooms=4&group_children=1&age=4&selected_currency=BRL,https://www.latamairlines.com/br/pt/oferta-voos?origin=SAO&outbound=2026-11-06T00%3A00%3A00.000Z&destination=SDU&inbound=2026-11-09T00%3A00%3A00.000Z&adt=1&chd=0&inf=0&trip=RT&cabin=Economy&redemption=true&sort=PRICE%2Casc,32269.12
153,CGB,Cuiabá,Brazil,2026-10-31,booking,26780,917.4,2,Aymara + Jeep 9.6 (134km),https://www.booking.com/searchresults.pt-br.html?ss=Aymara+Lodge%2C+Pocon%C3%A9%2C+Mato+Grosso&checkin=2026-10-31&checkout=2026-11-02&group_adults=8&no_rooms=4&group_children=1&age=4&selected_currency=BRL,https://www.latamairlines.com/br/pt/oferta-voos?origin=SAO&outbound=2026-11-06T00%3A00%3A00.000Z&destination=SDU&inbound=2026-11-09T00%3A00%3A00.000Z&adt=1&chd=0&inf=0&trip=RT&cabin=Economy&redemption=true&sort=PRICE%2Casc,32284.4
130,JOI,Joinville,Brazil,2026-10-30,booking,22517,1640.38,3,Hotel Fazenda Dona Francisca (40km),https://www.booking.com/searchresults.pt-br.html?ss=Hotel+Fazenda+Dona+Francisca%2C+Joinville%2C+Santa+Catarina%2C+Brasil&checkin=2026-10-30&checkout=2026-11-02&group_adults=8&no_rooms=4&group_children=1&age=4&selected_currency=BRL,https://www.latamairlines.com/br/pt/oferta-voos?origin=SAO&outbound=2026-11-06T00%3A00%3A00.000Z&destination=SDU&inbound=2026-11-09T00%3A00%3A00.000Z&adt=1&chd=0&inf=0&trip=RT&cabin=Economy&redemption=true&sort=PRICE%2Casc,32359.28
132,AJU,Aracaju,Brazil,2026-10-30,booking,16740,2603.3,3,Vidam,https://www.booking.com/searchresults.pt-br.html?ss=Vidam+Hotel+Aracaju&checkin=2026-10-30&checkout=2026-11-02&group_adults=8&no_rooms=4&group_children=1&age=4&selected_currency=BRL,https://www.latamairlines.com/br/pt/oferta-voos?origin=SAO&outbound=2026-11-06T00%3A00%3A00.000Z&destination=SDU&inbound=2026-11-09T00%3A00%3A00.000Z&adt=1&chd=0&inf=0&trip=RT&cabin=Economy&redemption=true&sort=PRICE%2Casc,32359.800000000003
177,MCZ,Maceió,Brazil,2026-10-31,booking,24444,1325.3,2,Monan,https://www.booking.com/searchresults.pt-br.html?ss=MONAN+BOUTIQUE+HOTEL&checkin=2026-10-31&checkout=2026-11-02&group_adults=8&no_rooms=4&group_children=1&age=4&selected_currency=BRL,https://www.latamairlines.com/br/pt/oferta-voos?origin=SAO&outbound=2026-11-06T00%3A00%3A00.000Z&destination=SDU&inbound=2026-11-09T00%3A00%3A00.000Z&adt=1&chd=0&inf=0&trip=RT&cabin=Economy&redemption=true&sort=PRICE%2Casc,32395.8
56,LPB,La Paz,Bolivia,2026-10-30,booking,9659,3793.88,3,Stannum Boutique Hotel & Spa,https://www.booking.com/searchresults.pt-br.html?ss=Stannum+Boutique+Hotel+%26+Spa%2C+La+Paz%2C+La+Paz+Region%2C+Bol%C3%Advia&checkin=2026-10-30&checkout=2026-11-02&group_adults=8&no_rooms=4&group_children=1&age=4&selected_currency=BRL,https://www.latamairlines.com/br/pt/oferta-voos?origin=SAO&outbound=2026-11-06T00%3A00%3A00.000Z&destination=VDC&inbound=2026-11-09T00%3A00%3A00.000Z&adt=1&chd=0&inf=0&trip=RT&cabin=Economy&redemption=true&sort=PRICE%2Casc,32422.28
449,ASU,Assunção,Paraguay,2026-10-30,booking,19054,2247.62,3,La Mision Hotel Boutique,https://www.booking.com/searchresults.pt-br.html?ss=La+Mision+Hotel+Boutique%2C+Assun%C3%A7%C3%A3o&checkin=2026-10-30&checkout=2026-11-02&group_adults=8&no_rooms=4&group_children=1&age=4&selected_currency=BRL,https://www.latamairlines.com/br/pt/oferta-voos?origin=SAO&outbound=2026-11-06T00%3A00%3A00.000Z&destination=SDU&inbound=2026-11-09T00%3A00%3A00.000Z&adt=1&chd=0&inf=0&trip=RT&cabin=Economy&redemption=true&sort=PRICE%2Casc,32539.72
58,VVI,Santa Cruz de La Sierra,Bolivia,2026-10-30,booking,15005,2937.16,3,Novotel Santa Cruz,https://www.booking.com/searchresults.pt-br.html?ss=Novotel+Santa+Cruz+De+La+Sierra%2C+Santa+Cruz+de+la+Sierra&checkin=2026-10-30&checkout=2026-11-02&group_adults=8&no_rooms=4&group_children=1&age=4&selected_currency=BRL,https://www.latamairlines.com/br/pt/oferta-voos?origin=SAO&outbound=2026-11-06T00%3A00%3A00.000Z&destination=BHZ&inbound=2026-11-09T00%3A00%3A00.000Z&adt=1&chd=0&inf=0&trip=RT&cabin=Economy&redemption=true&sort=PRICE%2Casc,32627.96
263,MDE,Medelín,Colombia,2026-10-31,booking,15946,2780.44,2,La Pausa Hotelbistro,https://www.booking.com/searchresults.pt-br.html?ss=La+Pausa+Hotelbistro%2C+Guatap%C3%A9%2C+Antioquia%2C+Col%C3%B4mbia&checkin=2026-10-31&checkout=2026-11-02&group_adults=8&no_rooms=4&group_children=1&age=4&selected_currency=BRL,https://www.latamairlines.com/br/pt/oferta-voos?origin=SAO&outbound=2026-11-06T00%3A00%3A00.000Z&destination=SDU&inbound=2026-11-09T00%3A00%3A00.000Z&adt=1&chd=0&inf=0&trip=RT&cabin=Economy&redemption=true&sort=PRICE%2Casc,32628.64
220,ZCO,Temuco,Chile,2026-10-31,booking,17475,2531.58,2,Hotel Antumalal,https://www.booking.com/searchresults.pt-br.html?ss=Hotel+Antumalal%2C+Puc%C3%B3n%2C+Araucania%2C+Chile&checkin=2026-10-31&checkout=2026-11-02&group_adults=8&no_rooms=4&group_children=1&age=4&selected_currency=BRL,https://www.latamairlines.com/br/pt/oferta-voos?origin=SAO&outbound=2026-11-06T00%3A00%3A00.000Z&destination=SDU&inbound=2026-11-09T00%3A00%3A00.000Z&adt=1&chd=0&inf=0&trip=RT&cabin=Economy&redemption=true&sort=PRICE%2Casc,32664.48
109,POA,Porto Alegre,Brazil,2026-10-30,booking,22425,1735.3,3,Celeiro Lake Village,https://www.booking.com/searchresults.pt-br.html?ss=Celeiro+Lake+Village%2C+S%C3%A3o+Francisco+de+Paula&checkin=2026-10-30&checkout=2026-11-02&group_adults=8&no_rooms=4&group_children=1&age=4&selected_currency=BRL,https://www.latamairlines.com/br/pt/oferta-voos?origin=SAO&outbound=2026-11-06T00%3A00%3A00.000Z&destination=SDU&inbound=2026-11-09T00%3A00%3A00.000Z&adt=1&chd=0&inf=0&trip=RT&cabin=Economy&redemption=true&sort=PRICE%2Casc,32836.8
81,THE,Teresina,Brazil,2026-10-30,booking,19929,2153.42,3,Mona,https://www.booking.com/searchresults.pt-br.html?ss=Mon%C3%A3+Hotel%2C+Teresina&checkin=2026-10-30&checkout=2026-11-02&group_adults=8&no_rooms=4&group_children=1&age=4&selected_currency=BRL,https://www.latamairlines.com/br/pt/oferta-voos?origin=SAO&outbound=2026-11-06T00%3A00%3A00.000Z&destination=SDU&inbound=2026-11-09T00%3A00%3A00.000Z&adt=1&chd=0&inf=0&trip=RT&cabin=Economy&redemption=true&sort=PRICE%2Casc,32849.520000000004
217,PUQ,Punta Arenas,Chile,2026-10-30,booking,18709,2374.88,3,Hotel José Nogueira,https://www.booking.com/searchresults.pt-br.html?ss=Hotel+Jos%C3%A9+Nogueira%2C+Punta+Arenas%2C+Magallanes%2C+Chile&checkin=2026-10-30&checkout=2026-11-02&group_adults=8&no_rooms=4&group_children=1&age=4&selected_currency=BRL,https://www.latamairlines.com/br/pt/oferta-voos?origin=SAO&outbound=2026-11-06T00%3A00%3A00.000Z&destination=SDU&inbound=2026-11-09T00%3A00%3A00.000Z&adt=1&chd=0&inf=0&trip=RT&cabin=Economy&redemption=true&sort=PRICE%2Casc,32958.28
101,CXJ,Caxias do Sul,Brazil,2026-10-30,booking,11352,3629.3,3,Wyndham (snowland),https://www.booking.com/searchresults.pt-br.html?ss=Wyndham+Gramado+Termas+Resort+%26+Spa%2C+Gramado%2C+Rio+Grande+do+Sul&checkin=2026-10-30&checkout=2026-11-02&group_adults=8&no_rooms=4&group_children=1&age=4&selected_currency=BRL,https://www.latamairlines.com/br/pt/oferta-voos?origin=SAO&outbound=2026-11-06T00%3A00%3A00.000Z&destination=SDU&inbound=2026-11-09T00%3A00%3A00.000Z&adt=1&chd=0&inf=0&trip=RT&cabin=Economy&redemption=true&sort=PRICE%2Casc,33127.8
860,MVD,Montevidéu,Uruguay,2026-10-31,booking,16638,2749.12,2,Posada Tamarindo,https://www.booking.com/searchresults.pt-br.html?ss=Posada+Tamarindo%2C+Jos%C3%A9+Ignacio%2C+Maldonado%2C+Uruguai&checkin=2026-10-31&checkout=2026-11-02&group_adults=8&no_rooms=4&group_children=1&age=4&selected_currency=BRL,https://www.latamairlines.com/br/pt/oferta-voos?origin=SAO&outbound=2026-11-06T00%3A00%3A00.000Z&destination=SDU&inbound=2026-11-09T00%3A00%3A00.000Z&adt=1&chd=0&inf=0&trip=RT&cabin=Economy&redemption=true&sort=PRICE%2Casc,33132.72
166,JPA,João Pessoa,Brazil,2026-10-30,booking,21430,1964.86,3,Oceana,https://www.booking.com/searchresults.pt-br.html?ss=Oceana+Atl%C3%A2ntico+Hotel%2C+Jo%C3%A3o+Pessoa&checkin=2026-10-30&checkout=2026-11-02&group_adults=8&no_rooms=4&group_children=1&age=4&selected_currency=BRL,https://www.latamairlines.com/br/pt/oferta-voos?origin=SAO&outbound=2026-11-06T00%3A00%3A00.000Z&destination=SDU&inbound=2026-11-09T00%3A00%3A00.000Z&adt=1&chd=0&inf=0&trip=RT&cabin=Economy&redemption=true&sort=PRICE%2Casc,33219.16
164,SJP,São José do Rio Preto,Brazil,2026-10-30,booking,25986,1336.08,3,Hot Beach Raizes,https://www.booking.com/searchresults.pt-br.html?ss=Hot+Beach+Ra%C3%ADzes%2C+Ol%C3%ADmpia%2C+Estado+de+S%C3%A3o+Paulo%2C+Brasil&checkin=2026-10-30&checkout=2026-11-02&group_adults=8&no_rooms=4&group_children=1&age=4&selected_currency=BRL,https://www.latamairlines.com/br/pt/oferta-voos?origin=SAO&outbound=2026-11-06T00%3A00%3A00.000Z&destination=SDU&inbound=2026-11-09T00%3A00%3A00.000Z&adt=1&chd=0&inf=0&trip=RT&cabin=Economy&redemption=true&sort=PRICE%2Casc,34002.479999999996
92,CPV,Campina Grande,Brazil,2026-10-30,booking,21430,2101.82,3,Oceana,https://www.booking.com/searchresults.pt-br.html?ss=Oceana+Atl%C3%A2ntico+Hotel%2C+Jo%C3%A3o+Pessoa&checkin=2026-10-30&checkout=2026-11-02&group_adults=8&no_rooms=4&group_children=1&age=4&selected_currency=BRL,https://www.latamairlines.com/br/pt/oferta-voos?origin=SAO&outbound=2026-11-06T00%3A00%3A00.000Z&destination=SDU&inbound=2026-11-09T00%3A00%3A00.000Z&adt=1&chd=0&inf=0&trip=RT&cabin=Economy&redemption=true&sort=PRICE%2Casc,34040.92
168,SLZ,São Luís,Brazil,2026-10-30,booking,22482,1929.3,3,Vila Aty,https://www.booking.com/searchresults.pt-br.html?ss=VILA+ATY+LODGE%2C+Atins&checkin=2026-10-30&checkout=2026-11-02&group_adults=8&no_rooms=4&group_children=1&age=4&selected_currency=BRL,https://www.latamairlines.com/br/pt/oferta-voos?origin=SAO&outbound=2026-11-06T00%3A00%3A00.000Z&destination=SDU&inbound=2026-11-09T00%3A00%3A00.000Z&adt=1&chd=0&inf=0&trip=RT&cabin=Economy&redemption=true&sort=PRICE%2Casc,34057.8
85,CNF,Belo Horizonte,Brazil,2026-10-30,booking,28395,972.08,3,Pousada do Mondego Ouro Preto,https://www.booking.com/searchresults.pt-br.html?ss=Pousada+do+Mondego%2C+Ouro+Preto%2C+Minas+Gerais&checkin=2026-10-30&checkout=2026-11-02&group_adults=8&no_rooms=4&group_children=1&age=4&selected_currency=BRL,https://www.latamairlines.com/br/pt/oferta-voos?origin=SAO&outbound=2026-11-06T00%3A00%3A00.000Z&destination=SDU&inbound=2026-11-09T00%3A00%3A00.000Z&adt=1&chd=0&inf=0&trip=RT&cabin=Economy&redemption=true&sort=PRICE%2Casc,34227.48
860,MVD,Montevidéu,Uruguay,2026-10-31,booking,17743,2749.12,2,Hotel L'Auberge,https://www.booking.com/searchresults.pt-br.html?ss=Hotel+L%27Auberge%2C+Punta+del+Este%2C+Maldonado+%28Punta+del+Este+and+Vicinity%29%2C+Uruguai&checkin=2026-10-31&checkout=2026-11-02&group_adults=8&no_rooms=4&group_children=1&age=4&selected_currency=BRL,https://www.latamairlines.com/br/pt/oferta-voos?origin=SAO&outbound=2026-11-06T00%3A00%3A00.000Z&destination=SDU&inbound=2026-11-09T00%3A00%3A00.000Z&adt=1&chd=0&inf=0&trip=RT&cabin=Economy&redemption=true&sort=PRICE%2Casc,34237.72
209,PMC,Puerto Montt,Chile,2026-10-30,booking,20761,2259.96,3,Lodge Tagua Tagua (174km),https://www.booking.com/searchresults.pt-br.html?ss=Lodge+Tagua+Tagua%2C+Puelo+Patagonia%2C+Puelo%2C+Prov%C3%ADncia+de+Los+Lagos%2C+Chile&checkin=2026-10-30&checkout=2026-11-02&group_adults=8&no_rooms=4&group_children=1&age=4&selected_currency=BRL,https://www.latamairlines.com/br/pt/oferta-voos?origin=SAO&outbound=2026-11-06T00%3A00%3A00.000Z&destination=SDU&inbound=2026-11-09T00%3A00%3A00.000Z&adt=1&chd=0&inf=0&trip=RT&cabin=Economy&redemption=true&sort=PRICE%2Casc,34320.76
70,CAC,Cascavel,Brazil,2026-10-30,booking,27843,1095.3,3,Recanto Cataratas,https://www.booking.com/searchresults.pt-br.html?ss=Recanto+Cataratas+-+Thermas%2C+Resort+e+Convention%2C+Foz+do+Igua%C3%A7u%2C+Paran%C3%A1&checkin=2026-10-30&checkout=2026-11-02&group_adults=8&no_rooms=4&group_children=1&age=4&selected_currency=BRL,https://www.latamairlines.com/br/pt/oferta-voos?origin=SAO&outbound=2026-11-06T00%3A00%3A00.000Z&destination=SDU&inbound=2026-11-09T00%3A00%3A00.000Z&adt=1&chd=0&inf=0&trip=RT&cabin=Economy&redemption=true&sort=PRICE%2Casc,34414.8
20,EZE,Unknown,Unknown,2026-10-31,booking,15633,3147.3,2,Hilton Buenos Aires,https://www.booking.com/searchresults.pt-br.html?ss=Hilton+Buenos+Aires%2C+Buenos+Aires%2C+Argentina&checkin=2026-10-31&checkout=2026-11-02&group_adults=8&no_rooms=4&group_children=1&age=4&selected_currency=BRL,https://www.latamairlines.com/br/pt/oferta-voos?origin=SAO&outbound=2026-11-06T00%3A00%3A00.000Z&destination=PFB&inbound=2026-11-09T00%3A00%3A00.000Z&adt=1&chd=0&inf=0&trip=RT&cabin=Economy&redemption=true&sort=PRICE%2Casc,34516.8
3,AEP,Buenos Aires,Argentina,2026-10-31,booking,15633,3147.3,2,Hilton Buenos Aires,https://www.booking.com/searchresults.pt-br.html?ss=Hilton+Buenos+Aires%2C+Buenos+Aires%2C+Argentina&checkin=2026-10-31&checkout=2026-11-02&group_adults=8&no_rooms=4&group_children=1&age=4&selected_currency=BRL,https://www.latamairlines.com/br/pt/oferta-voos?origin=SAO&outbound=2026-11-06T00%3A00%3A00.000Z&destination=DOU&inbound=2026-11-09T00%3A00%3A00.000Z&adt=1&chd=0&inf=0&trip=RT&cabin=Economy&redemption=true&sort=PRICE%2Casc,34516.8
170,VIX,Vitória,Brazil,2026-10-30,booking,25613,1487.04,3,Hotel Pontal de Ubu,https://www.booking.com/searchresults.pt-br.html?ss=Hotel+Pontal+de+Ubu%2C+Anchieta%2C+Esp%C3%ADrito+Santo%2C+Brasil&checkin=2026-10-30&checkout=2026-11-02&group_adults=8&no_rooms=4&group_children=1&age=4&selected_currency=BRL,https://www.latamairlines.com/br/pt/oferta-voos?origin=SAO&outbound=2026-11-06T00%3A00%3A00.000Z&destination=SDU&inbound=2026-11-09T00%3A00%3A00.000Z&adt=1&chd=0&inf=0&trip=RT&cabin=Economy&redemption=true&sort=PRICE%2Casc,34535.24
130,JOI,Joinville,Brazil,2026-10-30,booking,24711,1640.38,3,Piazito (90km),https://www.booking.com/searchresults.pt-br.html?ss=Piazito+Park+Hotel%2C+Fragosos%2C+Santa+Catarina&checkin=2026-10-30&checkout=2026-11-02&group_adults=8&no_rooms=4&group_children=1&age=4&selected_currency=BRL,https://www.latamairlines.com/br/pt/oferta-voos?origin=SAO&outbound=2026-11-06T00%3A00%3A00.000Z&destination=SDU&inbound=2026-11-09T00%3A00%3A00.000Z&adt=1&chd=0&inf=0&trip=RT&cabin=Economy&redemption=true&sort=PRICE%2Casc,34553.28
206,BBA,Balmaceda,Chile,2026-10-31,booking,13510,3524.12,2,NÓMADES Hotel Boutique,https://www.booking.com/searchresults.pt-br.html?ss=N%C3%93MADES+Hotel+Boutique%2C+Coihaique%2C+Aysen%2C+Chile&checkin=2026-10-31&checkout=2026-11-02&group_adults=8&no_rooms=4&group_children=1&age=4&selected_currency=BRL,https://www.latamairlines.com/br/pt/oferta-voos?origin=SAO&outbound=2026-11-06T00%3A00%3A00.000Z&destination=SDU&inbound=2026-11-09T00%3A00%3A00.000Z&adt=1&chd=0&inf=0&trip=RT&cabin=Economy&redemption=true&sort=PRICE%2Casc,34654.72
70,CAC,Cascavel,Brazil,2026-10-30,booking,28116,1095.3,3,Loi Suites (ARG),https://www.booking.com/searchresults.pt-br.html?ss=Loi+Suites+Iguazu+Hotel%2C+Puerto+Iguaz%C3%BA%2C+Misiones&checkin=2026-10-30&checkout=2026-11-02&group_adults=8&no_rooms=4&group_children=1&age=4&selected_currency=BRL,https://www.latamairlines.com/br/pt/oferta-voos?origin=SAO&outbound=2026-11-06T00%3A00%3A00.000Z&destination=SDU&inbound=2026-11-09T00%3A00%3A00.000Z&adt=1&chd=0&inf=0&trip=RT&cabin=Economy&redemption=true&sort=PRICE%2Casc,34687.8
118,REC,Recife,Brazil,2026-10-31,booking,26864,1322.08,2,Enotel,https://www.booking.com/searchresults.pt-br.html?ss=Enotel+Porto+de+Galinhas+All+Inclusive&checkin=2026-10-31&checkout=2026-11-02&group_adults=8&no_rooms=4&group_children=1&age=4&selected_currency=BRL,https://www.latamairlines.com/br/pt/oferta-voos?origin=SAO&outbound=2026-11-06T00%3A00%3A00.000Z&destination=SDU&inbound=2026-11-09T00%3A00%3A00.000Z&adt=1&chd=0&inf=0&trip=RT&cabin=Economy&redemption=true&sort=PRICE%2Casc,34796.479999999996
254,AXM,Armênia,Colombia,2026-10-30,booking,18301,2750.58,3,Termales El Otoño,https://www.booking.com/searchresults.pt-br.html?ss=Termales+El+Oto%C3%B1o%2C+Manizales%2C+Prov%C3%ADncia+de+Caldas%2C+Col%C3%B4mbia&checkin=2026-10-30&checkout=2026-11-02&group_adults=8&no_rooms=4&group_children=1&age=4&selected_currency=BRL,https://www.latamairlines.com/br/pt/oferta-voos?origin=SAO&outbound=2026-11-06T00%3A00%3A00.000Z&destination=SDU&inbound=2026-11-09T00%3A00%3A00.000Z&adt=1&chd=0&inf=0&trip=RT&cabin=Economy&redemption=true&sort=PRICE%2Casc,34804.479999999996
59,VVI,Santa Cruz de La Sierra,Bolivia,2026-10-31,booking,5184,4964.0,2,Alfonsina Hotel Boutique,https://www.booking.com/searchresults.pt-br.html?ss=Alfonsina+Hotel+Boutique%2C+Santa+Cruz+de+la+Sierra&checkin=2026-10-31&checkout=2026-11-02&group_adults=8&no_rooms=4&group_children=1&age=4&selected_currency=BRL,https://www.latamairlines.com/br/pt/oferta-voos?origin=SAO&outbound=2026-11-06T00%3A00%3A00.000Z&destination=SDU&inbound=2026-11-09T00%3A00%3A00.000Z&adt=1&chd=0&inf=0&trip=RT&cabin=Economy&redemption=true&sort=PRICE%2Casc,34968.0
182,PHB,Unknown,Unknown,2026-10-31,booking,23397,1936.78,2,Koloa Concept Hotel,https://www.booking.com/searchresults.pt-br.html?ss=Koloa+Concept+Hotel%2C+Barra+Grande%2C+Piau%C3%AD%2C+Brasil&checkin=2026-10-31&checkout=2026-11-02&group_adults=8&no_rooms=4&group_children=1&age=4&selected_currency=BRL,https://www.latamairlines.com/br/pt/oferta-voos?origin=SAO&outbound=2026-11-06T00%3A00%3A00.000Z&destination=SDU&inbound=2026-11-09T00%3A00%3A00.000Z&adt=1&chd=0&inf=0&trip=RT&cabin=Economy&redemption=true&sort=PRICE%2Casc,35017.68
116,BPS,Porto Seguro,Brazil,2026-10-31,booking,25053,1669.3,2,Aketá Hotel Boutique,https://www.booking.com/searchresults.pt-br.html?ss=Aket%C3%A1+Hotel+Boutique%2C+Trancoso%2C+Bahia%2C+Brasil&checkin=2026-10-31&checkout=2026-11-02&group_adults=8&no_rooms=4&group_children=1&age=4&selected_currency=BRL,https://www.latamairlines.com/br/pt/oferta-voos?origin=SAO&outbound=2026-11-06T00%3A00%3A00.000Z&destination=SDU&inbound=2026-11-09T00%3A00%3A00.000Z&adt=1&chd=0&inf=0&trip=RT&cabin=Economy&redemption=true&sort=PRICE%2Casc,35068.8
109,POA,Porto Alegre,Brazil,2026-10-30,booking,24749,1735.3,3,Hubertus (Gramado),https://www.booking.com/searchresults.pt-br.html?ss=Hotel+Estalagem+St.+Hubertus%2C+Gramado&checkin=2026-10-30&checkout=2026-11-02&group_adults=8&no_rooms=4&group_children=1&age=4&selected_currency=BRL,https://www.latamairlines.com/br/pt/oferta-voos?origin=SAO&outbound=2026-11-06T00%3A00%3A00.000Z&destination=SDU&inbound=2026-11-09T00%3A00%3A00.000Z&adt=1&chd=0&inf=0&trip=RT&cabin=Economy&redemption=true&sort=PRICE%2Casc,35160.8
148,MGF,Maringá,Brazil,2026-10-30,booking,28257,1182.08,3,Lagos de Jurema Termas (139km),https://www.booking.com/searchresults.pt-br.html?ss=Lagos+de+Jurema+Termas+Resort%2C+Iretama%2C+Paran%C3%A1&checkin=2026-10-30&checkout=2026-11-02&group_adults=8&no_rooms=4&group_children=1&age=4&selected_currency=BRL,https://www.latamairlines.com/br/pt/oferta-voos?origin=SAO&outbound=2026-11-06T00%3A00%3A00.000Z&destination=SDU&inbound=2026-11-09T00%3A00%3A00.000Z&adt=1&chd=0&inf=0&trip=RT&cabin=Economy&redemption=true&sort=PRICE%2Casc,35349.479999999996
102,CXJ,Caxias do Sul,Brazil,2026-10-31,booking,28276,1223.3,2,Hotel Valle D'incanto,https://www.booking.com/searchresults.pt-br.html?ss=Hotel+Valle+Dincanto%2C+Gramado&checkin=2026-10-31&checkout=2026-11-02&group_adults=8&no_rooms=4&group_children=1&age=4&selected_currency=BRL,https://www.latamairlines.com/br/pt/oferta-voos?origin=SAO&outbound=2026-11-06T00%3A00%3A00.000Z&destination=SDU&inbound=2026-11-09T00%3A00%3A00.000Z&adt=1&chd=0&inf=0&trip=RT&cabin=Economy&redemption=true&sort=PRICE%2Casc,35615.8
213,PNT,Puerto Natales,Chile,2026-10-30,booking,17352,3053.96,3,NOI Indigo Patagonia,https://www.booking.com/searchresults.pt-br.html?ss=NOI+Indigo+Patagonia%2C+Puerto+Natales%2C+Magallanes%2C+Chile&checkin=2026-10-30&checkout=2026-11-02&group_adults=8&no_rooms=4&group_children=1&age=4&selected_currency=BRL,https://www.latamairlines.com/br/pt/oferta-voos?origin=SAO&outbound=2026-11-06T00%3A00%3A00.000Z&destination=SDU&inbound=2026-11-09T00%3A00%3A00.000Z&adt=1&chd=0&inf=0&trip=RT&cabin=Economy&redemption=true&sort=PRICE%2Casc,35675.76
134,LDB,Londrina,Brazil,2026-10-30,booking,27880,1302.52,3,Aguativa Golf Resort (56km),https://www.booking.com/searchresults.pt-br.html?ss=Aguativa+Golf+Resort%2C+Corn%C3%A9lio+Proc%C3%B3pio%2C+Paran%C3%A1&checkin=2026-10-30&checkout=2026-11-02&group_adults=8&no_rooms=4&group_children=1&age=4&selected_currency=BRL,https://www.latamairlines.com/br/pt/oferta-voos?origin=SAO&outbound=2026-11-06T00%3A00%3A00.000Z&destination=SDU&inbound=2026-11-09T00%3A00%3A00.000Z&adt=1&chd=0&inf=0&trip=RT&cabin=Economy&redemption=true&sort=PRICE%2Casc,35695.12
458,LIM,Lima,Peru,2026-10-30,booking,26428,1547.62,3,InterContinental Real Lima ,https://www.booking.com/searchresults.pt-br.html?ss=InterContinental+Real+Lima+Miraflores+by+IHG%2C+Lima%2C+Prov%C3%ADncia+de+Lima%2C+Peru&checkin=2026-10-30&checkout=2026-11-02&group_adults=8&no_rooms=4&group_children=1&age=4&selected_currency=BRL,https://www.latamairlines.com/br/pt/oferta-voos?origin=SAO&outbound=2026-11-06T00%3A00%3A00.000Z&destination=SDU&inbound=2026-11-09T00%3A00%3A00.000Z&adt=1&chd=0&inf=0&trip=RT&cabin=Economy&redemption=true&sort=PRICE%2Casc,35713.72
254,AXM,Armênia,Colombia,2026-10-30,booking,19330,2750.58,3,Hotel Campestre las Camelias,https://www.booking.com/searchresults.pt-br.html?ss=Hotel+Campestre+las+Camelias%2C+Montenegro%2C+Quindio%2C+Col%C3%B4mbia&checkin=2026-10-30&checkout=2026-11-02&group_adults=8&no_rooms=4&group_children=1&age=4&selected_currency=BRL,https://www.latamairlines.com/br/pt/oferta-voos?origin=SAO&outbound=2026-11-06T00%3A00%3A00.000Z&destination=SDU&inbound=2026-11-09T00%3A00%3A00.000Z&adt=1&chd=0&inf=0&trip=RT&cabin=Economy&redemption=true&sort=PRICE%2Casc,35833.479999999996
254,AXM,Armênia,Colombia,2026-10-30,booking,19389,2750.58,3,Visus Hotel Boutique & Spa,https://www.booking.com/searchresults.pt-br.html?ss=Visus+Hotel+Boutique+%26+Spa%2C+Pereira%2C+Risaralda%2C+Col%C3%B4mbia&checkin=2026-10-30&checkout=2026-11-02&group_adults=8&no_rooms=4&group_children=1&age=4&selected_currency=BRL,https://www.latamairlines.com/br/pt/oferta-voos?origin=SAO&outbound=2026-11-06T00%3A00%3A00.000Z&destination=SDU&inbound=2026-11-09T00%3A00%3A00.000Z&adt=1&chd=0&inf=0&trip=RT&cabin=Economy&redemption=true&sort=PRICE%2Casc,35892.479999999996
88,MAO,Manaus,Brazil,2026-10-31,booking,23744,2031.3,2,Hotel Villa Amazônia (Centro),https://www.booking.com/searchresults.pt-br.html?ss=Hotel+Villa+Amaz%C3%B4nia%2C+Manaus&checkin=2026-10-31&checkout=2026-11-02&group_adults=8&no_rooms=4&group_children=1&age=4&selected_currency=BRL,https://www.latamairlines.com/br/pt/oferta-voos?origin=SAO&outbound=2026-11-06T00%3A00%3A00.000Z&destination=SDU&inbound=2026-11-09T00%3A00%3A00.000Z&adt=1&chd=0&inf=0&trip=RT&cabin=Economy&redemption=true&sort=PRICE%2Casc,35931.8
59,VVI,Santa Cruz de La Sierra,Bolivia,2026-10-31,booking,6446,4964.0,2,Novotel Santa Cruz,https://www.booking.com/searchresults.pt-br.html?ss=Novotel+Santa+Cruz+De+La+Sierra%2C+Santa+Cruz+de+la+Sierra&checkin=2026-10-31&checkout=2026-11-02&group_adults=8&no_rooms=4&group_children=1&age=4&selected_currency=BRL,https://www.latamairlines.com/br/pt/oferta-voos?origin=SAO&outbound=2026-11-06T00%3A00%3A00.000Z&destination=SDU&inbound=2026-11-09T00%3A00%3A00.000Z&adt=1&chd=0&inf=0&trip=RT&cabin=Economy&redemption=true&sort=PRICE%2Casc,36230.0
203,CJC,Calama,Chile,2026-10-30,booking,21797,2468.9,3,NOI Casa Atacana,https://www.booking.com/searchresults.pt-br.html?ss=NOI+Casa+Atacama%2C+San+Pedro+de+Atacama&checkin=2026-10-30&checkout=2026-11-02&group_adults=8&no_rooms=4&group_children=1&age=4&selected_currency=BRL,https://www.latamairlines.com/br/pt/oferta-voos?origin=SAO&outbound=2026-11-06T00%3A00%3A00.000Z&destination=SDU&inbound=2026-11-09T00%3A00%3A00.000Z&adt=1&chd=0&inf=0&trip=RT&cabin=Economy&redemption=true&sort=PRICE%2Casc,36610.4
263,MDE,Medelín,Colombia,2026-10-31,booking,20169,2780.44,2,"The Brown, Guatape, Autograph Collection",https://www.booking.com/searchresults.pt-br.html?ss=The+Brown%2C+Guatape%2C+Autograph+Collection%2C+Guatap%C3%A9%2C+Antioquia%2C+Col%C3%B4mbia&checkin=2026-10-31&checkout=2026-11-02&group_adults=8&no_rooms=4&group_children=1&age=4&selected_currency=BRL,https://www.latamairlines.com/br/pt/oferta-voos?origin=SAO&outbound=2026-11-06T00%3A00%3A00.000Z&destination=SDU&inbound=2026-11-09T00%3A00%3A00.000Z&adt=1&chd=0&inf=0&trip=RT&cabin=Economy&redemption=true&sort=PRICE%2Casc,36851.64
166,JPA,João Pessoa,Brazil,2026-10-30,booking,25347,1964.86,3,Ba Ra,https://www.booking.com/searchresults.pt-br.html?ss=BA%27RA+Hotel%2C+Jo%C3%A3o+Pessoa&checkin=2026-10-30&checkout=2026-11-02&group_adults=8&no_rooms=4&group_children=1&age=4&selected_currency=BRL,https://www.latamairlines.com/br/pt/oferta-voos?origin=SAO&outbound=2026-11-06T00%3A00%3A00.000Z&destination=SDU&inbound=2026-11-09T00%3A00%3A00.000Z&adt=1&chd=0&inf=0&trip=RT&cabin=Economy&redemption=true&sort=PRICE%2Casc,37136.16
262,MDE,Medelín,Colombia,2026-10-30,booking,22252,2498.36,3,La Pausa Hotelbistro,https://www.booking.com/searchresults.pt-br.html?ss=La+Pausa+Hotelbistro%2C+Guatap%C3%A9%2C+Antioquia%2C+Col%C3%B4mbia&checkin=2026-10-30&checkout=2026-11-02&group_adults=8&no_rooms=4&group_children=1&age=4&selected_currency=BRL,https://www.latamairlines.com/br/pt/oferta-voos?origin=SAO&outbound=2026-11-06T00%3A00%3A00.000Z&destination=SDU&inbound=2026-11-09T00%3A00%3A00.000Z&adt=1&chd=0&inf=0&trip=RT&cabin=Economy&redemption=true&sort=PRICE%2Casc,37242.16
77,FOR,Fortaleza,Brazil,2026-10-30,booking,23640,2280.96,3,Beach Park Acqua,https://www.booking.com/searchresults.pt-br.html?ss=Beach+Park+Resort+-+Acqua&checkin=2026-10-30&checkout=2026-11-02&group_adults=8&no_rooms=4&group_children=1&age=4&selected_currency=BRL,https://www.latamairlines.com/br/pt/oferta-voos?origin=SAO&outbound=2026-11-06T00%3A00%3A00.000Z&destination=SDU&inbound=2026-11-09T00%3A00%3A00.000Z&adt=1&chd=0&inf=0&trip=RT&cabin=Economy&redemption=true&sort=PRICE%2Casc,37325.76
254,AXM,Armênia,Colombia,2026-10-30,booking,20849,2750.58,3,Kawa Bamboo Retreat,https://www.booking.com/searchresults.pt-br.html?ss=Kawa+Bamboo+Retreat%2C+Pereira%2C+Risaralda%2C+Col%C3%B4mbia&checkin=2026-10-30&checkout=2026-11-02&group_adults=8&no_rooms=4&group_children=1&age=4&selected_currency=BRL,https://www.latamairlines.com/br/pt/oferta-voos?origin=SAO&outbound=2026-11-06T00%3A00%3A00.000Z&destination=SDU&inbound=2026-11-09T00%3A00%3A00.000Z&adt=1&chd=0&inf=0&trip=RT&cabin=Economy&redemption=true&sort=PRICE%2Casc,37352.479999999996
205,BBA,Balmaceda,Chile,2026-10-30,booking,15696,3609.58,3,Hacienda Tres Lagos,https://www.booking.com/searchresults.pt-br.html?ss=Hacienda+Tres+Lagos%2C+Aldana%2C+Aysen%2C+Chile&checkin=2026-10-30&checkout=2026-11-02&group_adults=8&no_rooms=4&group_children=1&age=4&selected_currency=BRL,https://www.latamairlines.com/br/pt/oferta-voos?origin=SAO&outbound=2026-11-06T00%3A00%3A00.000Z&destination=SDU&inbound=2026-11-09T00%3A00%3A00.000Z&adt=1&chd=0&inf=0&trip=RT&cabin=Economy&redemption=true&sort=PRICE%2Casc,37353.479999999996
20,EZE,Unknown,Unknown,2026-10-31,booking,18676,3147.3,2,SLS Buenos Aires Puerto Madero,https://www.booking.com/searchresults.pt-br.html?ss=SLS+Buenos+Aires+Puerto+Madero%2C+Buenos+Aires%2C+Argentina&checkin=2026-10-31&checkout=2026-11-02&group_adults=8&no_rooms=4&group_children=1&age=4&selected_currency=BRL,https://www.latamairlines.com/br/pt/oferta-voos?origin=SAO&outbound=2026-11-06T00%3A00%3A00.000Z&destination=PFB&inbound=2026-11-09T00%3A00%3A00.000Z&adt=1&chd=0&inf=0&trip=RT&cabin=Economy&redemption=true&sort=PRICE%2Casc,37559.8
3,AEP,Buenos Aires,Argentina,2026-10-31,booking,18676,3147.3,2,SLS Buenos Aires Puerto Madero,https://www.booking.com/searchresults.pt-br.html?ss=SLS+Buenos+Aires+Puerto+Madero%2C+Buenos+Aires%2C+Argentina&checkin=2026-10-31&checkout=2026-11-02&group_adults=8&no_rooms=4&group_children=1&age=4&selected_currency=BRL,https://www.latamairlines.com/br/pt/oferta-voos?origin=SAO&outbound=2026-11-06T00%3A00%3A00.000Z&destination=DOU&inbound=2026-11-09T00%3A00%3A00.000Z&adt=1&chd=0&inf=0&trip=RT&cabin=Economy&redemption=true&sort=PRICE%2Casc,37559.8
18,BUE,Unknown,Unknown,2026-10-31,booking,12751,4149.08,2,AQ Tailored Suites,https://www.booking.com/searchresults.pt-br.html?ss=AQ+Tailored+Suites%2C+Buenos+Aires%2C+Argentina&checkin=2026-10-31&checkout=2026-11-02&group_adults=8&no_rooms=4&group_children=1&age=4&selected_currency=BRL,https://www.latamairlines.com/br/pt/oferta-voos?origin=SAO&outbound=2026-11-06T00%3A00%3A00.000Z&destination=PMW&inbound=2026-11-09T00%3A00%3A00.000Z&adt=1&chd=0&inf=0&trip=RT&cabin=Economy&redemption=true&sort=PRICE%2Casc,37645.479999999996
859,MVD,Montevidéu,Uruguay,2026-10-30,booking,24852,2143.14,3,Posada Tamarindo,https://www.booking.com/searchresults.pt-br.html?ss=Posada+Tamarindo%2C+Jos%C3%A9+Ignacio%2C+Maldonado%2C+Uruguai&checkin=2026-10-30&checkout=2026-11-02&group_adults=8&no_rooms=4&group_children=1&age=4&selected_currency=BRL,https://www.latamairlines.com/br/pt/oferta-voos?origin=SAO&outbound=2026-11-06T00%3A00%3A00.000Z&destination=SDU&inbound=2026-11-09T00%3A00%3A00.000Z&adt=1&chd=0&inf=0&trip=RT&cabin=Economy&redemption=true&sort=PRICE%2Casc,37710.84
88,MAO,Manaus,Brazil,2026-10-31,booking,25751,2031.3,2,Juma Opera,https://www.booking.com/searchresults.pt-br.html?ss=Juma+%C3%93pera+Boutique+Hotel+%26+Spa&checkin=2026-10-31&checkout=2026-11-02&group_adults=8&no_rooms=4&group_children=1&age=4&selected_currency=BRL,https://www.latamairlines.com/br/pt/oferta-voos?origin=SAO&outbound=2026-11-06T00%3A00%3A00.000Z&destination=SDU&inbound=2026-11-09T00%3A00%3A00.000Z&adt=1&chd=0&inf=0&trip=RT&cabin=Economy&redemption=true&sort=PRICE%2Casc,37938.8
92,CPV,Campina Grande,Brazil,2026-10-30,booking,25347,2101.82,3,Ba Ra,https://www.booking.com/searchresults.pt-br.html?ss=BA%27RA+Hotel%2C+Jo%C3%A3o+Pessoa&checkin=2026-10-30&checkout=2026-11-02&group_adults=8&no_rooms=4&group_children=1&age=4&selected_currency=BRL,https://www.latamairlines.com/br/pt/oferta-voos?origin=SAO&outbound=2026-11-06T00%3A00%3A00.000Z&destination=SDU&inbound=2026-11-09T00%3A00%3A00.000Z&adt=1&chd=0&inf=0&trip=RT&cabin=Economy&redemption=true&sort=PRICE%2Casc,37957.92
56,LPB,La Paz,Bolivia,2026-10-30,booking,15445,3793.88,3,"Atix Hotel, a Member of Design Hotels",https://www.booking.com/searchresults.pt-br.html?ss=Atix+Hotel%2C+a+Member+of+Design+Hotels%2C+La+Paz%2C+La+Paz+Region%2C+Bol%C3%Advia&checkin=2026-10-30&checkout=2026-11-02&group_adults=8&no_rooms=4&group_children=1&age=4&selected_currency=BRL,https://www.latamairlines.com/br/pt/oferta-voos?origin=SAO&outbound=2026-11-06T00%3A00%3A00.000Z&destination=VDC&inbound=2026-11-09T00%3A00%3A00.000Z&adt=1&chd=0&inf=0&trip=RT&cabin=Economy&redemption=true&sort=PRICE%2Casc,38208.28
254,AXM,Armênia,Colombia,2026-10-30,booking,21771,2750.58,3,Hotel Casa San Carlos Lodge Pereira,https://www.booking.com/searchresults.pt-br.html?ss=Hotel+Casa+San+Carlos+Lodge+Pereira%2C+Pereira%2C+Risaralda%2C+Col%C3%B4mbia&checkin=2026-10-30&checkout=2026-11-02&group_adults=8&no_rooms=4&group_children=1&age=4&selected_currency=BRL,https://www.latamairlines.com/br/pt/oferta-voos?origin=SAO&outbound=2026-11-06T00%3A00%3A00.000Z&destination=SDU&inbound=2026-11-09T00%3A00%3A00.000Z&adt=1&chd=0&inf=0&trip=RT&cabin=Economy&redemption=true&sort=PRICE%2Casc,38274.479999999996
59,VVI,Santa Cruz de La Sierra,Bolivia,2026-10-31,booking,8619,4964.0,2,Hotel Camino Real ,https://www.booking.com/searchresults.pt-br.html?ss=Hotel+Camino+Real%2C+Santa+Cruz+de+la+Sierra&checkin=2026-10-31&checkout=2026-11-02&group_adults=8&no_rooms=4&group_children=1&age=4&selected_currency=BRL,https://www.latamairlines.com/br/pt/oferta-voos?origin=SAO&outbound=2026-11-06T00%3A00%3A00.000Z&destination=SDU&inbound=2026-11-09T00%3A00%3A00.000Z&adt=1&chd=0&inf=0&trip=RT&cabin=Economy&redemption=true&sort=PRICE%2Casc,38403.0
20,EZE,Unknown,Unknown,2026-10-31,booking,19552,3147.3,2,"Recoleta Grand, Buenos Aires, a Tribute Portfolio Hotel",https://www.booking.com/searchresults.pt-br.html?ss=Recoleta+Grand%2C+Buenos+Aires%2C+a+Tribute+Portfolio+Hotel%2C+Buenos+Aires%2C+Argentina&checkin=2026-10-31&checkout=2026-11-02&group_adults=8&no_rooms=4&group_children=1&age=4&selected_currency=BRL,https://www.latamairlines.com/br/pt/oferta-voos?origin=SAO&outbound=2026-11-06T00%3A00%3A00.000Z&destination=PFB&inbound=2026-11-09T00%3A00%3A00.000Z&adt=1&chd=0&inf=0&trip=RT&cabin=Economy&redemption=true&sort=PRICE%2Casc,38435.8
3,AEP,Buenos Aires,Argentina,2026-10-31,booking,19552,3147.3,2,"Recoleta Grand, Buenos Aires, a Tribute Portfolio Hotel",https://www.booking.com/searchresults.pt-br.html?ss=Recoleta+Grand%2C+Buenos+Aires%2C+a+Tribute+Portfolio+Hotel%2C+Buenos+Aires%2C+Argentina&checkin=2026-10-31&checkout=2026-11-02&group_adults=8&no_rooms=4&group_children=1&age=4&selected_currency=BRL,https://www.latamairlines.com/br/pt/oferta-voos?origin=SAO&outbound=2026-11-06T00%3A00%3A00.000Z&destination=DOU&inbound=2026-11-09T00%3A00%3A00.000Z&adt=1&chd=0&inf=0&trip=RT&cabin=Economy&redemption=true&sort=PRICE%2Casc,38435.8
101,CXJ,Caxias do Sul,Brazil,2026-10-30,booking,16662,3629.3,3,249 DESIGN (Gramado),https://www.booking.com/searchresults.pt-br.html?ss=249+DESIGN+HOTEL%2C+Gramado&checkin=2026-10-30&checkout=2026-11-02&group_adults=8&no_rooms=4&group_children=1&age=4&selected_currency=BRL,https://www.latamairlines.com/br/pt/oferta-voos?origin=SAO&outbound=2026-11-06T00%3A00%3A00.000Z&destination=SDU&inbound=2026-11-09T00%3A00%3A00.000Z&adt=1&chd=0&inf=0&trip=RT&cabin=Economy&redemption=true&sort=PRICE%2Casc,38437.8
279,UIO,Quito,Ecuador,2026-10-30,booking,25185,2320.22,3,La Mirage Garden Hotel & Spa,https://www.booking.com/searchresults.pt-br.html?ss=La+Mirage+Garden+Hotel+%26+Spa%2C+Cotacachi&checkin=2026-10-30&checkout=2026-11-02&group_adults=8&no_rooms=4&group_children=1&age=4&selected_currency=BRL,https://www.latamairlines.com/br/pt/oferta-voos?origin=SAO&outbound=2026-11-06T00%3A00%3A00.000Z&destination=SDU&inbound=2026-11-09T00%3A00%3A00.000Z&adt=1&chd=0&inf=0&trip=RT&cabin=Economy&redemption=true&sort=PRICE%2Casc,39106.32
142,IGU,Foz do Iguaçu,Brazil,2026-10-30,booking,27843,1890.08,3,Recanto Cataratas,https://www.booking.com/searchresults.pt-br.html?ss=Recanto+Cataratas+-+Thermas%2C+Resort+e+Convention%2C+Foz+do+Igua%C3%A7u%2C+Paran%C3%A1&checkin=2026-10-30&checkout=2026-11-02&group_adults=8&no_rooms=4&group_children=1&age=4&selected_currency=BRL,https://www.latamairlines.com/br/pt/oferta-voos?origin=SAO&outbound=2026-11-06T00%3A00%3A00.000Z&destination=SDU&inbound=2026-11-09T00%3A00%3A00.000Z&adt=1&chd=0&inf=0&trip=RT&cabin=Economy&redemption=true&sort=PRICE%2Casc,39183.479999999996
142,IGU,Foz do Iguaçu,Brazil,2026-10-30,booking,28116,1890.08,3,Loi Suites (ARG),https://www.booking.com/searchresults.pt-br.html?ss=Loi+Suites+Iguazu+Hotel%2C+Puerto+Iguaz%C3%BA%2C+Misiones&checkin=2026-10-30&checkout=2026-11-02&group_adults=8&no_rooms=4&group_children=1&age=4&selected_currency=BRL,https://www.latamairlines.com/br/pt/oferta-voos?origin=SAO&outbound=2026-11-06T00%3A00%3A00.000Z&destination=SDU&inbound=2026-11-09T00%3A00%3A00.000Z&adt=1&chd=0&inf=0&trip=RT&cabin=Economy&redemption=true&sort=PRICE%2Casc,39456.479999999996
206,BBA,Balmaceda,Chile,2026-10-31,booking,18414,3524.12,2,Puyuhuapi Lodge & Spa (4s),https://www.booking.com/searchresults.pt-br.html?ss=Puyuhuapi+Lodge+%26+Spa%2C+Puyuhuapi%2C+Aysen%2C+Chile&checkin=2026-10-31&checkout=2026-11-02&group_adults=8&no_rooms=4&group_children=1&age=4&selected_currency=BRL,https://www.latamairlines.com/br/pt/oferta-voos?origin=SAO&outbound=2026-11-06T00%3A00%3A00.000Z&destination=SDU&inbound=2026-11-09T00%3A00%3A00.000Z&adt=1&chd=0&inf=0&trip=RT&cabin=Economy&redemption=true&sort=PRICE%2Casc,39558.72
255,AXM,Armênia,Colombia,2026-10-31,booking,23194,2750.58,2,Hacienda Bambusa,https://www.booking.com/searchresults.pt-br.html?ss=Hacienda+Bambusa%2C+El+Caimo%2C+Quindio%2C+Col%C3%B4mbia&checkin=2026-10-31&checkout=2026-11-02&group_adults=8&no_rooms=4&group_children=1&age=4&selected_currency=BRL,https://www.latamairlines.com/br/pt/oferta-voos?origin=SAO&outbound=2026-11-06T00%3A00%3A00.000Z&destination=SDU&inbound=2026-11-09T00%3A00%3A00.000Z&adt=1&chd=0&inf=0&trip=RT&cabin=Economy&redemption=true&sort=PRICE%2Casc,39697.479999999996
4,MDZ,Mendoza,Argentina,2026-10-30,booking,21288,3083.44,3,La Morada Lodge,https://www.booking.com/searchresults.pt-br.html?ss=La+Morada+Lodge%2C+Vista+Flores&checkin=2026-10-30&checkout=2026-11-02&group_adults=8&no_rooms=4&group_children=1&age=4&selected_currency=BRL,https://www.latamairlines.com/br/pt/oferta-voos?origin=SAO&outbound=2026-11-06T00%3A00%3A00.000Z&destination=PET&inbound=2026-11-09T00%3A00%3A00.000Z&adt=1&chd=0&inf=0&trip=RT&cabin=Economy&redemption=true&sort=PRICE%2Casc,39788.64
136,RIO,Rio de Janeiro,Brasil,2026-10-30,booking,30720,1523.3,3,Hotel Portobello Resort & Safari,https://www.booking.com/searchresults.pt-br.html?ss=Hotel+Portobello+Resort+%26+Safari%2C+Mangaratiba%2C+Estado+do+Rio+de+Janeiro%2C+Brasil&checkin=2026-10-30&checkout=2026-11-02&group_adults=8&no_rooms=4&group_children=1&age=4&selected_currency=BRL,https://www.latamairlines.com/br/pt/oferta-voos?origin=SAO&outbound=2026-11-06T00%3A00%3A00.000Z&destination=SDU&inbound=2026-11-09T00%3A00%3A00.000Z&adt=1&chd=0&inf=0&trip=RT&cabin=Economy&redemption=true&sort=PRICE%2Casc,39859.8
101,CXJ,Caxias do Sul,Brazil,2026-10-30,booking,18094,3629.3,3,Alpestre (Gramado),https://www.booking.com/searchresults.pt-br.html?ss=Hotel+Alpestre%2C+Gramado&checkin=2026-10-30&checkout=2026-11-02&group_adults=8&no_rooms=4&group_children=1&age=4&selected_currency=BRL,https://www.latamairlines.com/br/pt/oferta-voos?origin=SAO&outbound=2026-11-06T00%3A00%3A00.000Z&destination=SDU&inbound=2026-11-09T00%3A00%3A00.000Z&adt=1&chd=0&inf=0&trip=RT&cabin=Economy&redemption=true&sort=PRICE%2Casc,39869.8
20,EZE,Unknown,Unknown,2026-10-31,booking,21425,3147.3,2,Casa Lucia Member of Melia Collection,https://www.booking.com/searchresults.pt-br.html?ss=Casa+Lucia+Member+of+Melia+Collection%2C+Buenos+Aires%2C+Argentina&checkin=2026-10-31&checkout=2026-11-02&group_adults=8&no_rooms=4&group_children=1&age=4&selected_currency=BRL,https://www.latamairlines.com/br/pt/oferta-voos?origin=SAO&outbound=2026-11-06T00%3A00%3A00.000Z&destination=PFB&inbound=2026-11-09T00%3A00%3A00.000Z&adt=1&chd=0&inf=0&trip=RT&cabin=Economy&redemption=true&sort=PRICE%2Casc,40308.8
3,AEP,Buenos Aires,Argentina,2026-10-31,booking,21425,3147.3,2,Casa Lucia Member of Melia Collection,https://www.booking.com/searchresults.pt-br.html?ss=Casa+Lucia+Member+of+Melia+Collection%2C+Buenos+Aires%2C+Argentina&checkin=2026-10-31&checkout=2026-11-02&group_adults=8&no_rooms=4&group_children=1&age=4&selected_currency=BRL,https://www.latamairlines.com/br/pt/oferta-voos?origin=SAO&outbound=2026-11-06T00%3A00%3A00.000Z&destination=DOU&inbound=2026-11-09T00%3A00%3A00.000Z&adt=1&chd=0&inf=0&trip=RT&cabin=Economy&redemption=true&sort=PRICE%2Casc,40308.8
19,EZE,Unknown,Unknown,2026-10-30,booking,18501,3637.16,3,AQ Tailored Suites,https://www.booking.com/searchresults.pt-br.html?ss=AQ+Tailored+Suites%2C+Buenos+Aires%2C+Argentina&checkin=2026-10-30&checkout=2026-11-02&group_adults=8&no_rooms=4&group_children=1&age=4&selected_currency=BRL,https://www.latamairlines.com/br/pt/oferta-voos?origin=SAO&outbound=2026-11-06T00%3A00%3A00.000Z&destination=CXJ&inbound=2026-11-09T00%3A00%3A00.000Z&adt=1&chd=0&inf=0&trip=RT&cabin=Economy&redemption=true&sort=PRICE%2Casc,40323.96
18,BUE,Unknown,Unknown,2026-10-31,booking,15633,4149.08,2,Hilton Buenos Aires,https://www.booking.com/searchresults.pt-br.html?ss=Hilton+Buenos+Aires%2C+Buenos+Aires%2C+Argentina&checkin=2026-10-31&checkout=2026-11-02&group_adults=8&no_rooms=4&group_children=1&age=4&selected_currency=BRL,https://www.latamairlines.com/br/pt/oferta-voos?origin=SAO&outbound=2026-11-06T00%3A00%3A00.000Z&destination=PMW&inbound=2026-11-09T00%3A00%3A00.000Z&adt=1&chd=0&inf=0&trip=RT&cabin=Economy&redemption=true&sort=PRICE%2Casc,40527.479999999996
97,NVT,Navegantes,Brazil,2026-10-30,booking,31366,1536.08,3,Felissimo 5 Star (17km),https://www.booking.com/searchresults.pt-br.html?ss=Felissimo+Exclusive+Hotel%2C+Balne%C3%A1rio+Cambori%C3%BA%2C+Santa+Catarina&checkin=2026-10-30&checkout=2026-11-02&group_adults=8&no_rooms=4&group_children=1&age=4&selected_currency=BRL,https://www.latamairlines.com/br/pt/oferta-voos?origin=SAO&outbound=2026-11-06T00%3A00%3A00.000Z&destination=SDU&inbound=2026-11-09T00%3A00%3A00.000Z&adt=1&chd=0&inf=0&trip=RT&cabin=Economy&redemption=true&sort=PRICE%2Casc,40582.479999999996
103,PFB,Passo Fundo,Brazil,2026-10-30,booking,29150,1910.08,3,Machadinho,https://www.booking.com/searchresults.pt-br.html?ss=Machadinho+Thermas+Resort+SPA&checkin=2026-10-30&checkout=2026-11-02&group_adults=8&no_rooms=4&group_children=1&age=4&selected_currency=BRL,https://www.latamairlines.com/br/pt/oferta-voos?origin=SAO&outbound=2026-11-06T00%3A00%3A00.000Z&destination=SDU&inbound=2026-11-09T00%3A00%3A00.000Z&adt=1&chd=0&inf=0&trip=RT&cabin=Economy&redemption=true&sort=PRICE%2Casc,40610.479999999996
117,REC,Recife,Brazil,2026-10-30,booking,31556,1527.3,3,Samoa Villa Resort,https://www.booking.com/searchresults.pt-br.html?ss=Samoa+Villa+Resort%2C+Porto+de+Galinhas%2C+Pernambuco&checkin=2026-10-30&checkout=2026-11-02&group_adults=8&no_rooms=4&group_children=1&age=4&selected_currency=BRL,https://www.latamairlines.com/br/pt/oferta-voos?origin=SAO&outbound=2026-11-06T00%3A00%3A00.000Z&destination=SDU&inbound=2026-11-09T00%3A00%3A00.000Z&adt=1&chd=0&inf=0&trip=RT&cabin=Economy&redemption=true&sort=PRICE%2Casc,40719.8
17,BUE,Unknown,Unknown,2026-10-30,booking,19035,3637.16,3,AQ Tailored Suites,https://www.booking.com/searchresults.pt-br.html?ss=AQ+Tailored+Suites%2C+Buenos+Aires%2C+Argentina&checkin=2026-10-30&checkout=2026-11-02&group_adults=8&no_rooms=4&group_children=1&age=4&selected_currency=BRL,https://www.latamairlines.com/br/pt/oferta-voos?origin=SAO&outbound=2026-11-06T00%3A00%3A00.000Z&destination=NVT&inbound=2026-11-09T00%3A00%3A00.000Z&adt=1&chd=0&inf=0&trip=RT&cabin=Economy&redemption=true&sort=PRICE%2Casc,40857.96
2,AEP,Buenos Aires,Argentina,2026-10-30,booking,19035,3637.16,3,AQ Tailored Suites,https://www.booking.com/searchresults.pt-br.html?ss=AQ+Tailored+Suites%2C+Buenos+Aires%2C+Argentina&checkin=2026-10-30&checkout=2026-11-02&group_adults=8&no_rooms=4&group_children=1&age=4&selected_currency=BRL,https://www.latamairlines.com/br/pt/oferta-voos?origin=SAO&outbound=2026-11-06T00%3A00%3A00.000Z&destination=CAC&inbound=2026-11-09T00%3A00%3A00.000Z&adt=1&chd=0&inf=0&trip=RT&cabin=Economy&redemption=true&sort=PRICE%2Casc,40857.96
105,JJD,Cruz (Jericoacoara),Brazil,2026-10-30,booking,16647,4045.3,3,Villa Odara,https://www.booking.com/searchresults.pt-br.html?ss=Villa+Odara%2C+Jericoacoara&checkin=2026-10-30&checkout=2026-11-02&group_adults=8&no_rooms=4&group_children=1&age=4&selected_currency=BRL,https://www.latamairlines.com/br/pt/oferta-voos?origin=SAO&outbound=2026-11-06T00%3A00%3A00.000Z&destination=SDU&inbound=2026-11-09T00%3A00%3A00.000Z&adt=1&chd=0&inf=0&trip=RT&cabin=Economy&redemption=true&sort=PRICE%2Casc,40918.8
168,SLZ,São Luís,Brazil,2026-10-30,booking,29376,1929.3,3,Villa Pantai,https://www.booking.com/searchresults.pt-br.html?ss=Villa+Pantai+Boutique+Hotel+Atins%2C+Atins&checkin=2026-10-30&checkout=2026-11-02&group_adults=8&no_rooms=4&group_children=1&age=4&selected_currency=BRL,https://www.latamairlines.com/br/pt/oferta-voos?origin=SAO&outbound=2026-11-06T00%3A00%3A00.000Z&destination=SDU&inbound=2026-11-09T00%3A00%3A00.000Z&adt=1&chd=0&inf=0&trip=RT&cabin=Economy&redemption=true&sort=PRICE%2Casc,40951.8
160,IOS,Ilhéus,Brazil,2026-10-30,booking,27500,2263.3,3,Casa 10 Txai,https://www.booking.com/searchresults.pt-br.html?ss=Casa+10+-Txai+Resort%2C+Itacar%C3%A9&checkin=2026-10-30&checkout=2026-11-02&group_adults=8&no_rooms=4&group_children=1&age=4&selected_currency=BRL,https://www.latamairlines.com/br/pt/oferta-voos?origin=SAO&outbound=2026-11-06T00%3A00%3A00.000Z&destination=SDU&inbound=2026-11-09T00%3A00%3A00.000Z&adt=1&chd=0&inf=0&trip=RT&cabin=Economy&redemption=true&sort=PRICE%2Casc,41079.8
130,JOI,Joinville,Brazil,2026-10-30,booking,31366,1640.38,3,Felissimo 5 Star (17km),https://www.booking.com/searchresults.pt-br.html?ss=Felissimo+Exclusive+Hotel%2C+Balne%C3%A1rio+Cambori%C3%BA%2C+Santa+Catarina&checkin=2026-10-30&checkout=2026-11-02&group_adults=8&no_rooms=4&group_children=1&age=4&selected_currency=BRL,https://www.latamairlines.com/br/pt/oferta-voos?origin=SAO&outbound=2026-11-06T00%3A00%3A00.000Z&destination=SDU&inbound=2026-11-09T00%3A00%3A00.000Z&adt=1&chd=0&inf=0&trip=RT&cabin=Economy&redemption=true&sort=PRICE%2Casc,41208.28
180,SDU,Rio de Janeiro,Brasil,2026-10-30,booking,30720,1809.3,3,Hotel Portobello Resort & Safari,https://www.booking.com/searchresults.pt-br.html?ss=Hotel+Portobello+Resort+%26+Safari%2C+Mangaratiba%2C+Estado+do+Rio+de+Janeiro%2C+Brasil&checkin=2026-10-30&checkout=2026-11-02&group_adults=8&no_rooms=4&group_children=1&age=4&selected_currency=BRL,https://www.latamairlines.com/br/pt/oferta-voos?origin=SAO&outbound=2026-11-06T00%3A00%3A00.000Z&destination=SDU&inbound=2026-11-09T00%3A00%3A00.000Z&adt=1&chd=0&inf=0&trip=RT&cabin=Economy&redemption=true&sort=PRICE%2Casc,41575.8
177,MCZ,Maceió,Brazil,2026-10-31,booking,33934,1325.3,2,Japaratinga,https://www.booking.com/searchresults.pt-br.html?ss=Japaratinga+Lounge+Resort+-+All+Inclusive&checkin=2026-10-31&checkout=2026-11-02&group_adults=8&no_rooms=4&group_children=1&age=4&selected_currency=BRL,https://www.latamairlines.com/br/pt/oferta-voos?origin=SAO&outbound=2026-11-06T00%3A00%3A00.000Z&destination=SDU&inbound=2026-11-09T00%3A00%3A00.000Z&adt=1&chd=0&inf=0&trip=RT&cabin=Economy&redemption=true&sort=PRICE%2Casc,41885.8
205,BBA,Balmaceda,Chile,2026-10-30,booking,20266,3609.58,3,NÓMADES Hotel Boutique,https://www.booking.com/searchresults.pt-br.html?ss=N%C3%93MADES+Hotel+Boutique%2C+Coihaique%2C+Aysen%2C+Chile&checkin=2026-10-30&checkout=2026-11-02&group_adults=8&no_rooms=4&group_children=1&age=4&selected_currency=BRL,https://www.latamairlines.com/br/pt/oferta-voos?origin=SAO&outbound=2026-11-06T00%3A00%3A00.000Z&destination=SDU&inbound=2026-11-09T00%3A00%3A00.000Z&adt=1&chd=0&inf=0&trip=RT&cabin=Economy&redemption=true&sort=PRICE%2Casc,41923.479999999996
860,MVD,Montevidéu,Uruguay,2026-10-31,booking,25637,2749.12,2,Chacra La Madrugada,https://www.booking.com/searchresults.pt-br.html?ss=Chacra+La+Madrugada%2C+San+Carlos%2C+Maldonado%2C+Uruguai&checkin=2026-10-31&checkout=2026-11-02&group_adults=8&no_rooms=4&group_children=1&age=4&selected_currency=BRL,https://www.latamairlines.com/br/pt/oferta-voos?origin=SAO&outbound=2026-11-06T00%3A00%3A00.000Z&destination=SDU&inbound=2026-11-09T00%3A00%3A00.000Z&adt=1&chd=0&inf=0&trip=RT&cabin=Economy&redemption=true&sort=PRICE%2Casc,42131.72
97,NVT,Navegantes,Brazil,2026-10-30,booking,33048,1536.08,3,Fazzenda Park Resort (42km),https://www.booking.com/searchresults.pt-br.html?ss=Fazzenda+Park+Resort%2C+Gaspar%2C+Santa+Catarina&checkin=2026-10-30&checkout=2026-11-02&group_adults=8&no_rooms=4&group_children=1&age=4&selected_currency=BRL,https://www.latamairlines.com/br/pt/oferta-voos?origin=SAO&outbound=2026-11-06T00%3A00%3A00.000Z&destination=SDU&inbound=2026-11-09T00%3A00%3A00.000Z&adt=1&chd=0&inf=0&trip=RT&cabin=Economy&redemption=true&sort=PRICE%2Casc,42264.479999999996
20,EZE,Unknown,Unknown,2026-10-31,booking,23645,3147.3,2,Faena Hotel Buenos Aires,https://www.booking.com/searchresults.pt-br.html?ss=Faena+Hotel+Buenos+Aires%2C+Buenos+Aires%2C+Argentina&checkin=2026-10-31&checkout=2026-11-02&group_adults=8&no_rooms=4&group_children=1&age=4&selected_currency=BRL,https://www.latamairlines.com/br/pt/oferta-voos?origin=SAO&outbound=2026-11-06T00%3A00%3A00.000Z&destination=PFB&inbound=2026-11-09T00%3A00%3A00.000Z&adt=1&chd=0&inf=0&trip=RT&cabin=Economy&redemption=true&sort=PRICE%2Casc,42528.8
3,AEP,Buenos Aires,Argentina,2026-10-31,booking,23645,3147.3,2,Faena Hotel Buenos Aires,https://www.booking.com/searchresults.pt-br.html?ss=Faena+Hotel+Buenos+Aires%2C+Buenos+Aires%2C+Argentina&checkin=2026-10-31&checkout=2026-11-02&group_adults=8&no_rooms=4&group_children=1&age=4&selected_currency=BRL,https://www.latamairlines.com/br/pt/oferta-voos?origin=SAO&outbound=2026-11-06T00%3A00%3A00.000Z&destination=DOU&inbound=2026-11-09T00%3A00%3A00.000Z&adt=1&chd=0&inf=0&trip=RT&cabin=Economy&redemption=true&sort=PRICE%2Casc,42528.8
130,JOI,Joinville,Brazil,2026-10-30,booking,33048,1640.38,3,Fazzenda Park Resort (42km),https://www.booking.com/searchresults.pt-br.html?ss=Fazzenda+Park+Resort%2C+Gaspar%2C+Santa+Catarina&checkin=2026-10-30&checkout=2026-11-02&group_adults=8&no_rooms=4&group_children=1&age=4&selected_currency=BRL,https://www.latamairlines.com/br/pt/oferta-voos?origin=SAO&outbound=2026-11-06T00%3A00%3A00.000Z&destination=SDU&inbound=2026-11-09T00%3A00%3A00.000Z&adt=1&chd=0&inf=0&trip=RT&cabin=Economy&redemption=true&sort=PRICE%2Casc,42890.28
18,BUE,Unknown,Unknown,2026-10-31,booking,18676,4149.08,2,SLS Buenos Aires Puerto Madero,https://www.booking.com/searchresults.pt-br.html?ss=SLS+Buenos+Aires+Puerto+Madero%2C+Buenos+Aires%2C+Argentina&checkin=2026-10-31&checkout=2026-11-02&group_adults=8&no_rooms=4&group_children=1&age=4&selected_currency=BRL,https://www.latamairlines.com/br/pt/oferta-voos?origin=SAO&outbound=2026-11-06T00%3A00%3A00.000Z&destination=PMW&inbound=2026-11-09T00%3A00%3A00.000Z&adt=1&chd=0&inf=0&trip=RT&cabin=Economy&redemption=true&sort=PRICE%2Casc,43570.479999999996
101,CXJ,Caxias do Sul,Brazil,2026-10-30,booking,22425,3629.3,3,Celeiro Lake Village,https://www.booking.com/searchresults.pt-br.html?ss=Celeiro+Lake+Village%2C+S%C3%A3o+Francisco+de+Paula&checkin=2026-10-30&checkout=2026-11-02&group_adults=8&no_rooms=4&group_children=1&age=4&selected_currency=BRL,https://www.latamairlines.com/br/pt/oferta-voos?origin=SAO&outbound=2026-11-06T00%3A00%3A00.000Z&destination=SDU&inbound=2026-11-09T00%3A00%3A00.000Z&adt=1&chd=0&inf=0&trip=RT&cabin=Economy&redemption=true&sort=PRICE%2Casc,44200.8
218,PUQ,Punta Arenas,Chile,2026-10-31,booking,26369,2991.28,2,Hotel Lago Grey,https://www.booking.com/searchresults.pt-br.html?ss=Hotel+Lago+Grey%2C+Torres+del+Paine%2C+Magallanes%2C+Chile&checkin=2026-10-31&checkout=2026-11-02&group_adults=8&no_rooms=4&group_children=1&age=4&selected_currency=BRL,https://www.latamairlines.com/br/pt/oferta-voos?origin=SAO&outbound=2026-11-06T00%3A00%3A00.000Z&destination=SDU&inbound=2026-11-09T00%3A00%3A00.000Z&adt=1&chd=0&inf=0&trip=RT&cabin=Economy&redemption=true&sort=PRICE%2Casc,44316.68
18,BUE,Unknown,Unknown,2026-10-31,booking,19552,4149.08,2,"Recoleta Grand, Buenos Aires, a Tribute Portfolio Hotel",https://www.booking.com/searchresults.pt-br.html?ss=Recoleta+Grand%2C+Buenos+Aires%2C+a+Tribute+Portfolio+Hotel%2C+Buenos+Aires%2C+Argentina&checkin=2026-10-31&checkout=2026-11-02&group_adults=8&no_rooms=4&group_children=1&age=4&selected_currency=BRL,https://www.latamairlines.com/br/pt/oferta-voos?origin=SAO&outbound=2026-11-06T00%3A00%3A00.000Z&destination=PMW&inbound=2026-11-09T00%3A00%3A00.000Z&adt=1&chd=0&inf=0&trip=RT&cabin=Economy&redemption=true&sort=PRICE%2Casc,44446.479999999996
137,RIO,Rio de Janeiro,Brasil,2026-10-31,booking,38253,1071.3,2,Fairmont Rio de Janeiro Copacabana,https://www.booking.com/searchresults.pt-br.html?ss=Fairmont+Rio+de+Janeiro+Copacabana%2C+Rio+de+Janeiro%2C+Estado+do+Rio+de+Janeiro%2C+Brasil&checkin=2026-10-31&checkout=2026-11-02&group_adults=8&no_rooms=4&group_children=1&age=4&selected_currency=BRL,https://www.latamairlines.com/br/pt/oferta-voos?origin=SAO&outbound=2026-11-06T00%3A00%3A00.000Z&destination=SDU&inbound=2026-11-09T00%3A00%3A00.000Z&adt=1&chd=0&inf=0&trip=RT&cabin=Economy&redemption=true&sort=PRICE%2Casc,44680.8
122,GIG,Rio de Janeiro,Brasil,2026-10-31,booking,38253,1071.3,2,Fairmont Rio de Janeiro Copacabana,https://www.booking.com/searchresults.pt-br.html?ss=Fairmont+Rio+de+Janeiro+Copacabana%2C+Rio+de+Janeiro%2C+Estado+do+Rio+de+Janeiro%2C+Brasil&checkin=2026-10-31&checkout=2026-11-02&group_adults=8&no_rooms=4&group_children=1&age=4&selected_currency=BRL,https://www.latamairlines.com/br/pt/oferta-voos?origin=SAO&outbound=2026-11-06T00%3A00%3A00.000Z&destination=SDU&inbound=2026-11-09T00%3A00%3A00.000Z&adt=1&chd=0&inf=0&trip=RT&cabin=Economy&redemption=true&sort=PRICE%2Casc,44680.8
166,JPA,João Pessoa,Brazil,2026-10-30,booking,33027,1964.86,3,Tauá Resort João Pessoa,https://www.booking.com/searchresults.pt-br.html?ss=Tau%C3%A1+Resort+e+Convention+Jo%C3%A3o+Pessoa%2C+Jo%C3%A3o+Pessoa%2C+Para%C3%ADba+%28Nordeste+do+Brasil%29%2C+Brasil&checkin=2026-10-30&checkout=2026-11-02&group_adults=8&no_rooms=4&group_children=1&age=4&selected_currency=BRL,https://www.latamairlines.com/br/pt/oferta-voos?origin=SAO&outbound=2026-11-06T00%3A00%3A00.000Z&destination=SDU&inbound=2026-11-09T00%3A00%3A00.000Z&adt=1&chd=0&inf=0&trip=RT&cabin=Economy&redemption=true&sort=PRICE%2Casc,44816.16
134,LDB,Londrina,Brazil,2026-10-30,booking,37202,1302.52,3,Daj Resort & Marina (199km),https://www.booking.com/searchresults.pt-br.html?ss=Daj+Resort+%26+Marina%2C+Ribeir%C3%A3o+Claro&checkin=2026-10-30&checkout=2026-11-02&group_adults=8&no_rooms=4&group_children=1&age=4&selected_currency=BRL,https://www.latamairlines.com/br/pt/oferta-voos?origin=SAO&outbound=2026-11-06T00%3A00%3A00.000Z&destination=SDU&inbound=2026-11-09T00%3A00%3A00.000Z&adt=1&chd=0&inf=0&trip=RT&cabin=Economy&redemption=true&sort=PRICE%2Casc,45017.12
117,REC,Recife,Brazil,2026-10-30,booking,36234,1527.3,3,Pontal dos Carneiros,https://www.booking.com/searchresults.pt-br.html?ss=Pontal+dos+Carneiros+Beach+Bungalows&checkin=2026-10-30&checkout=2026-11-02&group_adults=8&no_rooms=4&group_children=1&age=4&selected_currency=BRL,https://www.latamairlines.com/br/pt/oferta-voos?origin=SAO&outbound=2026-11-06T00%3A00%3A00.000Z&destination=SDU&inbound=2026-11-09T00%3A00%3A00.000Z&adt=1&chd=0&inf=0&trip=RT&cabin=Economy&redemption=true&sort=PRICE%2Casc,45397.8
2,AEP,Buenos Aires,Argentina,2026-10-30,booking,23690,3637.16,3,Hilton Buenos Aires,https://www.booking.com/searchresults.pt-br.html?ss=Hilton+Buenos+Aires%2C+Buenos+Aires%2C+Argentina&checkin=2026-10-30&checkout=2026-11-02&group_adults=8&no_rooms=4&group_children=1&age=4&selected_currency=BRL,https://www.latamairlines.com/br/pt/oferta-voos?origin=SAO&outbound=2026-11-06T00%3A00%3A00.000Z&destination=CAC&inbound=2026-11-09T00%3A00%3A00.000Z&adt=1&chd=0&inf=0&trip=RT&cabin=Economy&redemption=true&sort=PRICE%2Casc,45512.96
17,BUE,Unknown,Unknown,2026-10-30,booking,23690,3637.16,3,Hilton Buenos Aires,https://www.booking.com/searchresults.pt-br.html?ss=Hilton+Buenos+Aires%2C+Buenos+Aires%2C+Argentina&checkin=2026-10-30&checkout=2026-11-02&group_adults=8&no_rooms=4&group_children=1&age=4&selected_currency=BRL,https://www.latamairlines.com/br/pt/oferta-voos?origin=SAO&outbound=2026-11-06T00%3A00%3A00.000Z&destination=NVT&inbound=2026-11-09T00%3A00%3A00.000Z&adt=1&chd=0&inf=0&trip=RT&cabin=Economy&redemption=true&sort=PRICE%2Casc,45512.96
19,EZE,Unknown,Unknown,2026-10-30,booking,23690,3637.16,3,Hilton Buenos Aires,https://www.booking.com/searchresults.pt-br.html?ss=Hilton+Buenos+Aires%2C+Buenos+Aires%2C+Argentina&checkin=2026-10-30&checkout=2026-11-02&group_adults=8&no_rooms=4&group_children=1&age=4&selected_currency=BRL,https://www.latamairlines.com/br/pt/oferta-voos?origin=SAO&outbound=2026-11-06T00%3A00%3A00.000Z&destination=CXJ&inbound=2026-11-09T00%3A00%3A00.000Z&adt=1&chd=0&inf=0&trip=RT&cabin=Economy&redemption=true&sort=PRICE%2Casc,45512.96
3,AEP,Buenos Aires,Argentina,2026-10-31,booking,26713,3147.3,2,Alvear Palace Hotel - Leading Hotels of the World,https://www.booking.com/searchresults.pt-br.html?ss=Alvear+Palace+Hotel+-+Leading+Hotels+of+the+World%2C+Buenos+Aires%2C+Argentina&checkin=2026-10-31&checkout=2026-11-02&group_adults=8&no_rooms=4&group_children=1&age=4&selected_currency=BRL,https://www.latamairlines.com/br/pt/oferta-voos?origin=SAO&outbound=2026-11-06T00%3A00%3A00.000Z&destination=DOU&inbound=2026-11-09T00%3A00%3A00.000Z&adt=1&chd=0&inf=0&trip=RT&cabin=Economy&redemption=true&sort=PRICE%2Casc,45596.8
20,EZE,Unknown,Unknown,2026-10-31,booking,26713,3147.3,2,Alvear Palace Hotel - Leading Hotels of the World,https://www.booking.com/searchresults.pt-br.html?ss=Alvear+Palace+Hotel+-+Leading+Hotels+of+the+World%2C+Buenos+Aires%2C+Argentina&checkin=2026-10-31&checkout=2026-11-02&group_adults=8&no_rooms=4&group_children=1&age=4&selected_currency=BRL,https://www.latamairlines.com/br/pt/oferta-voos?origin=SAO&outbound=2026-11-06T00%3A00%3A00.000Z&destination=PFB&inbound=2026-11-09T00%3A00%3A00.000Z&adt=1&chd=0&inf=0&trip=RT&cabin=Economy&redemption=true&sort=PRICE%2Casc,45596.8
181,SDU,Rio de Janeiro,Brasil,2026-10-31,booking,38253,1230.08,2,Fairmont Rio de Janeiro Copacabana,https://www.booking.com/searchresults.pt-br.html?ss=Fairmont+Rio+de+Janeiro+Copacabana%2C+Rio+de+Janeiro%2C+Estado+do+Rio+de+Janeiro%2C+Brasil&checkin=2026-10-31&checkout=2026-11-02&group_adults=8&no_rooms=4&group_children=1&age=4&selected_currency=BRL,https://www.latamairlines.com/br/pt/oferta-voos?origin=SAO&outbound=2026-11-06T00%3A00%3A00.000Z&destination=SDU&inbound=2026-11-09T00%3A00%3A00.000Z&adt=1&chd=0&inf=0&trip=RT&cabin=Economy&redemption=true&sort=PRICE%2Casc,45633.479999999996
262,MDE,Medelín,Colombia,2026-10-30,booking,30712,2498.36,3,"The Brown, Guatape, Autograph Collection",https://www.booking.com/searchresults.pt-br.html?ss=The+Brown%2C+Guatape%2C+Autograph+Collection%2C+Guatap%C3%A9%2C+Antioquia%2C+Col%C3%B4mbia&checkin=2026-10-30&checkout=2026-11-02&group_adults=8&no_rooms=4&group_children=1&age=4&selected_currency=BRL,https://www.latamairlines.com/br/pt/oferta-voos?origin=SAO&outbound=2026-11-06T00%3A00%3A00.000Z&destination=SDU&inbound=2026-11-09T00%3A00%3A00.000Z&adt=1&chd=0&inf=0&trip=RT&cabin=Economy&redemption=true&sort=PRICE%2Casc,45702.16
115,BPS,Porto Seguro,Brazil,2026-10-30,booking,36060,1633.72,3,Campo Bahia,https://www.booking.com/searchresults.pt-br.html?ss=Campo+Bahia+Hotel+Villas+Spa&checkin=2026-10-30&checkout=2026-11-02&group_adults=8&no_rooms=4&group_children=1&age=4&selected_currency=BRL,https://www.latamairlines.com/br/pt/oferta-voos?origin=SAO&outbound=2026-11-06T00%3A00%3A00.000Z&destination=SDU&inbound=2026-11-09T00%3A00%3A00.000Z&adt=1&chd=0&inf=0&trip=RT&cabin=Economy&redemption=true&sort=PRICE%2Casc,45862.32
20,EZE,Unknown,Unknown,2026-10-31,booking,27165,3147.3,2,Palacio Duhau - Park Hyatt Buenos Aires,https://www.booking.com/searchresults.pt-br.html?ss=Palacio+Duhau+-+Park+Hyatt+Buenos+Aires%2C+Buenos+Aires%2C+Argentina&checkin=2026-10-31&checkout=2026-11-02&group_adults=8&no_rooms=4&group_children=1&age=4&selected_currency=BRL,https://www.latamairlines.com/br/pt/oferta-voos?origin=SAO&outbound=2026-11-06T00%3A00%3A00.000Z&destination=PFB&inbound=2026-11-09T00%3A00%3A00.000Z&adt=1&chd=0&inf=0&trip=RT&cabin=Economy&redemption=true&sort=PRICE%2Casc,46048.8
3,AEP,Buenos Aires,Argentina,2026-10-31,booking,27165,3147.3,2,Palacio Duhau - Park Hyatt Buenos Aires,https://www.booking.com/searchresults.pt-br.html?ss=Palacio+Duhau+-+Park+Hyatt+Buenos+Aires%2C+Buenos+Aires%2C+Argentina&checkin=2026-10-31&checkout=2026-11-02&group_adults=8&no_rooms=4&group_children=1&age=4&selected_currency=BRL,https://www.latamairlines.com/br/pt/oferta-voos?origin=SAO&outbound=2026-11-06T00%3A00%3A00.000Z&destination=DOU&inbound=2026-11-09T00%3A00%3A00.000Z&adt=1&chd=0&inf=0&trip=RT&cabin=Economy&redemption=true&sort=PRICE%2Casc,46048.8
18,BUE,Unknown,Unknown,2026-10-31,booking,21425,4149.08,2,Casa Lucia Member of Melia Collection,https://www.booking.com/searchresults.pt-br.html?ss=Casa+Lucia+Member+of+Melia+Collection%2C+Buenos+Aires%2C+Argentina&checkin=2026-10-31&checkout=2026-11-02&group_adults=8&no_rooms=4&group_children=1&age=4&selected_currency=BRL,https://www.latamairlines.com/br/pt/oferta-voos?origin=SAO&outbound=2026-11-06T00%3A00%3A00.000Z&destination=PMW&inbound=2026-11-09T00%3A00%3A00.000Z&adt=1&chd=0&inf=0&trip=RT&cabin=Economy&redemption=true&sort=PRICE%2Casc,46319.479999999996
77,FOR,Fortaleza,Brazil,2026-10-30,booking,32760,2280.96,3,Vila Selvagem,https://www.booking.com/searchresults.pt-br.html?ss=Vila+Selvagem+Hotel+Contemporaneo&checkin=2026-10-30&checkout=2026-11-02&group_adults=8&no_rooms=4&group_children=1&age=4&selected_currency=BRL,https://www.latamairlines.com/br/pt/oferta-voos?origin=SAO&outbound=2026-11-06T00%3A00%3A00.000Z&destination=SDU&inbound=2026-11-09T00%3A00%3A00.000Z&adt=1&chd=0&inf=0&trip=RT&cabin=Economy&redemption=true&sort=PRICE%2Casc,46445.76
101,CXJ,Caxias do Sul,Brazil,2026-10-30,booking,24749,3629.3,3,Hubertus (Gramado),https://www.booking.com/searchresults.pt-br.html?ss=Hotel+Estalagem+St.+Hubertus%2C+Gramado&checkin=2026-10-30&checkout=2026-11-02&group_adults=8&no_rooms=4&group_children=1&age=4&selected_currency=BRL,https://www.latamairlines.com/br/pt/oferta-voos?origin=SAO&outbound=2026-11-06T00%3A00%3A00.000Z&destination=SDU&inbound=2026-11-09T00%3A00%3A00.000Z&adt=1&chd=0&inf=0&trip=RT&cabin=Economy&redemption=true&sort=PRICE%2Casc,46524.8
152,CGB,Cuiabá,Brazil,2026-10-30,booking,41256,892.08,3,Aymara + Jeep 9.6 (134km),https://www.booking.com/searchresults.pt-br.html?ss=Aymara+Lodge%2C+Pocon%C3%A9%2C+Mato+Grosso&checkin=2026-10-30&checkout=2026-11-02&group_adults=8&no_rooms=4&group_children=1&age=4&selected_currency=BRL,https://www.latamairlines.com/br/pt/oferta-voos?origin=SAO&outbound=2026-11-06T00%3A00%3A00.000Z&destination=SDU&inbound=2026-11-09T00%3A00%3A00.000Z&adt=1&chd=0&inf=0&trip=RT&cabin=Economy&redemption=true&sort=PRICE%2Casc,46608.48
210,PMC,Puerto Montt,Chile,2026-10-31,booking,29979,2786.68,2,Hotel AWA,https://www.booking.com/searchresults.pt-br.html?ss=Hotel+AWA%2C+Puerto+Varas%2C+Prov%C3%ADncia+de+Los+Lagos%2C+Chile&checkin=2026-10-31&checkout=2026-11-02&group_adults=8&no_rooms=4&group_children=1&age=4&selected_currency=BRL,https://www.latamairlines.com/br/pt/oferta-voos?origin=SAO&outbound=2026-11-06T00%3A00%3A00.000Z&destination=SDU&inbound=2026-11-09T00%3A00%3A00.000Z&adt=1&chd=0&inf=0&trip=RT&cabin=Economy&redemption=true&sort=PRICE%2Casc,46699.08
137,RIO,Rio de Janeiro,Brasil,2026-10-31,booking,40549,1071.3,2,Hotel Fasano Angra dos Reis,https://www.booking.com/searchresults.pt-br.html?ss=Hotel+Fasano+Angra+dos+Reis%2C+Angra+dos+Reis%2C+Estado+do+Rio+de+Janeiro%2C+Brasil&checkin=2026-10-31&checkout=2026-11-02&group_adults=8&no_rooms=4&group_children=1&age=4&selected_currency=BRL,https://www.latamairlines.com/br/pt/oferta-voos?origin=SAO&outbound=2026-11-06T00%3A00%3A00.000Z&destination=SDU&inbound=2026-11-09T00%3A00%3A00.000Z&adt=1&chd=0&inf=0&trip=RT&cabin=Economy&redemption=true&sort=PRICE%2Casc,46976.8
122,GIG,Rio de Janeiro,Brasil,2026-10-31,booking,40549,1071.3,2,Hotel Fasano Angra dos Reis,https://www.booking.com/searchresults.pt-br.html?ss=Hotel+Fasano+Angra+dos+Reis%2C+Angra+dos+Reis%2C+Estado+do+Rio+de+Janeiro%2C+Brasil&checkin=2026-10-31&checkout=2026-11-02&group_adults=8&no_rooms=4&group_children=1&age=4&selected_currency=BRL,https://www.latamairlines.com/br/pt/oferta-voos?origin=SAO&outbound=2026-11-06T00%3A00%3A00.000Z&destination=SDU&inbound=2026-11-09T00%3A00%3A00.000Z&adt=1&chd=0&inf=0&trip=RT&cabin=Economy&redemption=true&sort=PRICE%2Casc,46976.8
219,ZCO,Temuco,Chile,2026-10-30,booking,32961,2364.42,3,Hotel Antumalal,https://www.booking.com/searchresults.pt-br.html?ss=Hotel+Antumalal%2C+Puc%C3%B3n%2C+Araucania%2C+Chile&checkin=2026-10-30&checkout=2026-11-02&group_adults=8&no_rooms=4&group_children=1&age=4&selected_currency=BRL,https://www.latamairlines.com/br/pt/oferta-voos?origin=SAO&outbound=2026-11-06T00%3A00%3A00.000Z&destination=SDU&inbound=2026-11-09T00%3A00%3A00.000Z&adt=1&chd=0&inf=0&trip=RT&cabin=Economy&redemption=true&sort=PRICE%2Casc,47147.520000000004
115,BPS,Porto Seguro,Brazil,2026-10-30,booking,37580,1633.72,3,Aketá Hotel Boutique,https://www.booking.com/searchresults.pt-br.html?ss=Aket%C3%A1+Hotel+Boutique%2C+Trancoso%2C+Bahia%2C+Brasil&checkin=2026-10-30&checkout=2026-11-02&group_adults=8&no_rooms=4&group_children=1&age=4&selected_currency=BRL,https://www.latamairlines.com/br/pt/oferta-voos?origin=SAO&outbound=2026-11-06T00%3A00%3A00.000Z&destination=SDU&inbound=2026-11-09T00%3A00%3A00.000Z&adt=1&chd=0&inf=0&trip=RT&cabin=Economy&redemption=true&sort=PRICE%2Casc,47382.32
19,EZE,Unknown,Unknown,2026-10-30,booking,25592,3637.16,3,"Recoleta Grand, Buenos Aires, a Tribute Portfolio Hotel",https://www.booking.com/searchresults.pt-br.html?ss=Recoleta+Grand%2C+Buenos+Aires%2C+a+Tribute+Portfolio+Hotel%2C+Buenos+Aires%2C+Argentina&checkin=2026-10-30&checkout=2026-11-02&group_adults=8&no_rooms=4&group_children=1&age=4&selected_currency=BRL,https://www.latamairlines.com/br/pt/oferta-voos?origin=SAO&outbound=2026-11-06T00%3A00%3A00.000Z&destination=CXJ&inbound=2026-11-09T00%3A00%3A00.000Z&adt=1&chd=0&inf=0&trip=RT&cabin=Economy&redemption=true&sort=PRICE%2Casc,47414.96
2,AEP,Buenos Aires,Argentina,2026-10-30,booking,25592,3637.16,3,"Recoleta Grand, Buenos Aires, a Tribute Portfolio Hotel",https://www.booking.com/searchresults.pt-br.html?ss=Recoleta+Grand%2C+Buenos+Aires%2C+a+Tribute+Portfolio+Hotel%2C+Buenos+Aires%2C+Argentina&checkin=2026-10-30&checkout=2026-11-02&group_adults=8&no_rooms=4&group_children=1&age=4&selected_currency=BRL,https://www.latamairlines.com/br/pt/oferta-voos?origin=SAO&outbound=2026-11-06T00%3A00%3A00.000Z&destination=CAC&inbound=2026-11-09T00%3A00%3A00.000Z&adt=1&chd=0&inf=0&trip=RT&cabin=Economy&redemption=true&sort=PRICE%2Casc,47414.96
17,BUE,Unknown,Unknown,2026-10-30,booking,25592,3637.16,3,"Recoleta Grand, Buenos Aires, a Tribute Portfolio Hotel",https://www.booking.com/searchresults.pt-br.html?ss=Recoleta+Grand%2C+Buenos+Aires%2C+a+Tribute+Portfolio+Hotel%2C+Buenos+Aires%2C+Argentina&checkin=2026-10-30&checkout=2026-11-02&group_adults=8&no_rooms=4&group_children=1&age=4&selected_currency=BRL,https://www.latamairlines.com/br/pt/oferta-voos?origin=SAO&outbound=2026-11-06T00%3A00%3A00.000Z&destination=NVT&inbound=2026-11-09T00%3A00%3A00.000Z&adt=1&chd=0&inf=0&trip=RT&cabin=Economy&redemption=true&sort=PRICE%2Casc,47414.96
121,GIG,Rio de Janeiro,Brasil,2026-10-30,booking,38400,1523.3,3,Hotel Portobello Resort & Safari,https://www.booking.com/searchresults.pt-br.html?ss=Hotel+Portobello+Resort+%26+Safari%2C+Mangaratiba%2C+Estado+do+Rio+de+Janeiro%2C+Brasil&checkin=2026-10-30&checkout=2026-11-02&group_adults=8&no_rooms=4&group_children=1&age=4&selected_currency=BRL,https://www.latamairlines.com/br/pt/oferta-voos?origin=SAO&outbound=2026-11-06T00%3A00%3A00.000Z&destination=SDU&inbound=2026-11-09T00%3A00%3A00.000Z&adt=1&chd=0&inf=0&trip=RT&cabin=Economy&redemption=true&sort=PRICE%2Casc,47539.8
122,GIG,Rio de Janeiro,Brasil,2026-10-31,booking,41366,1071.3,2,Emiliano Rio,https://www.booking.com/searchresults.pt-br.html?ss=Emiliano+Rio%2C+Rio+de+Janeiro%2C+Estado+do+Rio+de+Janeiro%2C+Brasil&checkin=2026-10-31&checkout=2026-11-02&group_adults=8&no_rooms=4&group_children=1&age=4&selected_currency=BRL,https://www.latamairlines.com/br/pt/oferta-voos?origin=SAO&outbound=2026-11-06T00%3A00%3A00.000Z&destination=SDU&inbound=2026-11-09T00%3A00%3A00.000Z&adt=1&chd=0&inf=0&trip=RT&cabin=Economy&redemption=true&sort=PRICE%2Casc,47793.8
137,RIO,Rio de Janeiro,Brasil,2026-10-31,booking,41366,1071.3,2,Emiliano Rio,https://www.booking.com/searchresults.pt-br.html?ss=Emiliano+Rio%2C+Rio+de+Janeiro%2C+Estado+do+Rio+de+Janeiro%2C+Brasil&checkin=2026-10-31&checkout=2026-11-02&group_adults=8&no_rooms=4&group_children=1&age=4&selected_currency=BRL,https://www.latamairlines.com/br/pt/oferta-voos?origin=SAO&outbound=2026-11-06T00%3A00%3A00.000Z&destination=SDU&inbound=2026-11-09T00%3A00%3A00.000Z&adt=1&chd=0&inf=0&trip=RT&cabin=Economy&redemption=true&sort=PRICE%2Casc,47793.8
181,SDU,Rio de Janeiro,Brasil,2026-10-31,booking,40549,1230.08,2,Hotel Fasano Angra dos Reis,https://www.booking.com/searchresults.pt-br.html?ss=Hotel+Fasano+Angra+dos+Reis%2C+Angra+dos+Reis%2C+Estado+do+Rio+de+Janeiro%2C+Brasil&checkin=2026-10-31&checkout=2026-11-02&group_adults=8&no_rooms=4&group_children=1&age=4&selected_currency=BRL,https://www.latamairlines.com/br/pt/oferta-voos?origin=SAO&outbound=2026-11-06T00%3A00%3A00.000Z&destination=SDU&inbound=2026-11-09T00%3A00%3A00.000Z&adt=1&chd=0&inf=0&trip=RT&cabin=Economy&redemption=true&sort=PRICE%2Casc,47929.479999999996
79,SSA,Salvador,Brazil,2026-10-30,booking,36325,2024.08,3,Tivoli,https://www.booking.com/searchresults.pt-br.html?ss=Tivoli+Ecoresort+Praia+do+Forte&checkin=2026-10-30&checkout=2026-11-02&group_adults=8&no_rooms=4&group_children=1&age=4&selected_currency=BRL,https://www.latamairlines.com/br/pt/oferta-voos?origin=SAO&outbound=2026-11-06T00%3A00%3A00.000Z&destination=SDU&inbound=2026-11-09T00%3A00%3A00.000Z&adt=1&chd=0&inf=0&trip=RT&cabin=Economy&redemption=true&sort=PRICE%2Casc,48469.479999999996
18,BUE,Unknown,Unknown,2026-10-31,booking,23645,4149.08,2,Faena Hotel Buenos Aires,https://www.booking.com/searchresults.pt-br.html?ss=Faena+Hotel+Buenos+Aires%2C+Buenos+Aires%2C+Argentina&checkin=2026-10-31&checkout=2026-11-02&group_adults=8&no_rooms=4&group_children=1&age=4&selected_currency=BRL,https://www.latamairlines.com/br/pt/oferta-voos?origin=SAO&outbound=2026-11-06T00%3A00%3A00.000Z&destination=PMW&inbound=2026-11-09T00%3A00%3A00.000Z&adt=1&chd=0&inf=0&trip=RT&cabin=Economy&redemption=true&sort=PRICE%2Casc,48539.479999999996
181,SDU,Rio de Janeiro,Brasil,2026-10-31,booking,41366,1230.08,2,Emiliano Rio,https://www.booking.com/searchresults.pt-br.html?ss=Emiliano+Rio%2C+Rio+de+Janeiro%2C+Estado+do+Rio+de+Janeiro%2C+Brasil&checkin=2026-10-31&checkout=2026-11-02&group_adults=8&no_rooms=4&group_children=1&age=4&selected_currency=BRL,https://www.latamairlines.com/br/pt/oferta-voos?origin=SAO&outbound=2026-11-06T00%3A00%3A00.000Z&destination=SDU&inbound=2026-11-09T00%3A00%3A00.000Z&adt=1&chd=0&inf=0&trip=RT&cabin=Economy&redemption=true&sort=PRICE%2Casc,48746.479999999996
214,PNT,Puerto Natales,Chile,2026-10-31,booking,26369,3753.96,2,Hotel Lago Grey,https://www.booking.com/searchresults.pt-br.html?ss=Hotel+Lago+Grey%2C+Torres+del+Paine%2C+Magallanes%2C+Chile&checkin=2026-10-31&checkout=2026-11-02&group_adults=8&no_rooms=4&group_children=1&age=4&selected_currency=BRL,https://www.latamairlines.com/br/pt/oferta-voos?origin=SAO&outbound=2026-11-06T00%3A00%3A00.000Z&destination=SDU&inbound=2026-11-09T00%3A00%3A00.000Z&adt=1&chd=0&inf=0&trip=RT&cabin=Economy&redemption=true&sort=PRICE%2Casc,48892.76
87,MAO,Manaus,Brazil,2026-10-30,booking,36859,2031.3,3,Juma Opera,https://www.booking.com/searchresults.pt-br.html?ss=Juma+%C3%93pera+Boutique+Hotel+%26+Spa&checkin=2026-10-30&checkout=2026-11-02&group_adults=8&no_rooms=4&group_children=1&age=4&selected_currency=BRL,https://www.latamairlines.com/br/pt/oferta-voos?origin=SAO&outbound=2026-11-06T00%3A00%3A00.000Z&destination=SDU&inbound=2026-11-09T00%3A00%3A00.000Z&adt=1&chd=0&inf=0&trip=RT&cabin=Economy&redemption=true&sort=PRICE%2Casc,49046.8
102,CXJ,Caxias do Sul,Brazil,2026-10-31,booking,41784,1223.3,2,Castelo Saint Andrews,https://www.booking.com/searchresults.pt-br.html?ss=Castelo+Saint+Andrews%2C+Gramado%2C+Rio+Grande+do+Sul%2C+Brasil&checkin=2026-10-31&checkout=2026-11-02&group_adults=8&no_rooms=4&group_children=1&age=4&selected_currency=BRL,https://www.latamairlines.com/br/pt/oferta-voos?origin=SAO&outbound=2026-11-06T00%3A00%3A00.000Z&destination=SDU&inbound=2026-11-09T00%3A00%3A00.000Z&adt=1&chd=0&inf=0&trip=RT&cabin=Economy&redemption=true&sort=PRICE%2Casc,49123.8
205,BBA,Balmaceda,Chile,2026-10-30,booking,27622,3609.58,3,Puyuhuapi Lodge & Spa (4s),https://www.booking.com/searchresults.pt-br.html?ss=Puyuhuapi+Lodge+%26+Spa%2C+Puyuhuapi%2C+Aysen%2C+Chile&checkin=2026-10-30&checkout=2026-11-02&group_adults=8&no_rooms=4&group_children=1&age=4&selected_currency=BRL,https://www.latamairlines.com/br/pt/oferta-voos?origin=SAO&outbound=2026-11-06T00%3A00%3A00.000Z&destination=SDU&inbound=2026-11-09T00%3A00%3A00.000Z&adt=1&chd=0&inf=0&trip=RT&cabin=Economy&redemption=true&sort=PRICE%2Casc,49279.479999999996
19,EZE,Unknown,Unknown,2026-10-30,booking,27687,3637.16,3,SLS Buenos Aires Puerto Madero,https://www.booking.com/searchresults.pt-br.html?ss=SLS+Buenos+Aires+Puerto+Madero%2C+Buenos+Aires%2C+Argentina&checkin=2026-10-30&checkout=2026-11-02&group_adults=8&no_rooms=4&group_children=1&age=4&selected_currency=BRL,https://www.latamairlines.com/br/pt/oferta-voos?origin=SAO&outbound=2026-11-06T00%3A00%3A00.000Z&destination=CXJ&inbound=2026-11-09T00%3A00%3A00.000Z&adt=1&chd=0&inf=0&trip=RT&cabin=Economy&redemption=true&sort=PRICE%2Casc,49509.96
2,AEP,Buenos Aires,Argentina,2026-10-30,booking,27687,3637.16,3,SLS Buenos Aires Puerto Madero,https://www.booking.com/searchresults.pt-br.html?ss=SLS+Buenos+Aires+Puerto+Madero%2C+Buenos+Aires%2C+Argentina&checkin=2026-10-30&checkout=2026-11-02&group_adults=8&no_rooms=4&group_children=1&age=4&selected_currency=BRL,https://www.latamairlines.com/br/pt/oferta-voos?origin=SAO&outbound=2026-11-06T00%3A00%3A00.000Z&destination=CAC&inbound=2026-11-09T00%3A00%3A00.000Z&adt=1&chd=0&inf=0&trip=RT&cabin=Economy&redemption=true&sort=PRICE%2Casc,49509.96
17,BUE,Unknown,Unknown,2026-10-30,booking,27687,3637.16,3,SLS Buenos Aires Puerto Madero,https://www.booking.com/searchresults.pt-br.html?ss=SLS+Buenos+Aires+Puerto+Madero%2C+Buenos+Aires%2C+Argentina&checkin=2026-10-30&checkout=2026-11-02&group_adults=8&no_rooms=4&group_children=1&age=4&selected_currency=BRL,https://www.latamairlines.com/br/pt/oferta-voos?origin=SAO&outbound=2026-11-06T00%3A00%3A00.000Z&destination=NVT&inbound=2026-11-09T00%3A00%3A00.000Z&adt=1&chd=0&inf=0&trip=RT&cabin=Economy&redemption=true&sort=PRICE%2Casc,49509.96
117,REC,Recife,Brazil,2026-10-30,booking,40892,1527.3,3,Enotel,https://www.booking.com/searchresults.pt-br.html?ss=Enotel+Porto+de+Galinhas+All+Inclusive&checkin=2026-10-30&checkout=2026-11-02&group_adults=8&no_rooms=4&group_children=1&age=4&selected_currency=BRL,https://www.latamairlines.com/br/pt/oferta-voos?origin=SAO&outbound=2026-11-06T00%3A00%3A00.000Z&destination=SDU&inbound=2026-11-09T00%3A00%3A00.000Z&adt=1&chd=0&inf=0&trip=RT&cabin=Economy&redemption=true&sort=PRICE%2Casc,50055.8
14,COR,Córdoba,Argentina,2026-10-31,booking,10039,6698.3,2,"Get Hotel Molvento, AKEN SOUL Collection",https://www.booking.com/searchresults.pt-br.html?ss=Get+Hotel+Molvento%2C+AKEN+SOUL+Collection%2C+Villa+General+Belgrano%2C+Prov%C3%ADncia+de+C%C3%B3rdoba%2C+Argentina&checkin=2026-10-31&checkout=2026-11-02&group_adults=8&no_rooms=4&group_children=1&age=4&selected_currency=BRL,https://www.latamairlines.com/br/pt/oferta-voos?origin=SAO&outbound=2026-11-06T00%3A00%3A00.000Z&destination=CPV&inbound=2026-11-09T00%3A00%3A00.000Z&adt=1&chd=0&inf=0&trip=RT&cabin=Economy&redemption=true&sort=PRICE%2Casc,50228.8
161,IOS,Ilhéus,Brazil,2026-10-31,booking,41208,1532.08,2,Barracuda,https://www.booking.com/searchresults.pt-br.html?ss=Barracuda+Hotel+%26+Villas&checkin=2026-10-31&checkout=2026-11-02&group_adults=8&no_rooms=4&group_children=1&age=4&selected_currency=BRL,https://www.latamairlines.com/br/pt/oferta-voos?origin=SAO&outbound=2026-11-06T00%3A00%3A00.000Z&destination=SDU&inbound=2026-11-09T00%3A00%3A00.000Z&adt=1&chd=0&inf=0&trip=RT&cabin=Economy&redemption=true&sort=PRICE%2Casc,50400.479999999996
509,BCN,Barcelona,Spain,2026-10-31,booking,15343,5865.22,2,Hotel America,https://www.booking.com/searchresults.pt-br.html?ss=Hotel+America+Barcelona%2C+Barcelona%2C+Catalunha+%28Prov%C3%ADncia+de+Barcelona%29%2C+Espanha&checkin=2026-10-31&checkout=2026-11-02&group_adults=8&no_rooms=4&group_children=1&age=4&selected_currency=BRL,https://www.latamairlines.com/br/pt/oferta-voos?origin=SAO&outbound=2026-11-06T00%3A00%3A00.000Z&destination=SDU&inbound=2026-11-09T00%3A00%3A00.000Z&adt=1&chd=0&inf=0&trip=RT&cabin=Economy&redemption=true&sort=PRICE%2Casc,50534.32
212,LSC,La Serena,Chile,2026-10-31,booking,37322,2291.3,2,Hotel Dorys de Lourdes,https://sp.booking.com/searchresults.pt-br.html?ss=Hotel+Dorys+de+Lourdes%2C+Pisco+Elqui%2C+Coquimbo+Region%2C+Chile&checkin=2026-10-31&checkout=2026-11-02&group_adults=8&no_rooms=4&group_children=1&age=4&selected_currency=BRL,https://www.latamairlines.com/br/pt/oferta-voos?origin=SAO&outbound=2026-11-06T00%3A00%3A00.000Z&destination=SDU&inbound=2026-11-09T00%3A00%3A00.000Z&adt=1&chd=0&inf=0&trip=RT&cabin=Economy&redemption=true&sort=PRICE%2Casc,51069.8
254,AXM,Armênia,Colombia,2026-10-30,booking,34791,2750.58,3,Hacienda Bambusa,https://www.booking.com/searchresults.pt-br.html?ss=Hacienda+Bambusa%2C+El+Caimo%2C+Quindio%2C+Col%C3%B4mbia&checkin=2026-10-30&checkout=2026-11-02&group_adults=8&no_rooms=4&group_children=1&age=4&selected_currency=BRL,https://www.latamairlines.com/br/pt/oferta-voos?origin=SAO&outbound=2026-11-06T00%3A00%3A00.000Z&destination=SDU&inbound=2026-11-09T00%3A00%3A00.000Z&adt=1&chd=0&inf=0&trip=RT&cabin=Economy&redemption=true&sort=PRICE%2Casc,51294.479999999996
859,MVD,Montevidéu,Uruguay,2026-10-30,booking,38455,2143.14,3,Chacra La Madrugada,https://www.booking.com/searchresults.pt-br.html?ss=Chacra+La+Madrugada%2C+San+Carlos%2C+Maldonado%2C+Uruguai&checkin=2026-10-30&checkout=2026-11-02&group_adults=8&no_rooms=4&group_children=1&age=4&selected_currency=BRL,https://www.latamairlines.com/br/pt/oferta-voos?origin=SAO&outbound=2026-11-06T00%3A00%3A00.000Z&destination=SDU&inbound=2026-11-09T00%3A00%3A00.000Z&adt=1&chd=0&inf=0&trip=RT&cabin=Economy&redemption=true&sort=PRICE%2Casc,51313.84
176,MCZ,Maceió,Brazil,2026-10-30,booking,38073,2213.3,3,Monan,https://www.booking.com/searchresults.pt-br.html?ss=MONAN+BOUTIQUE+HOTEL&checkin=2026-10-30&checkout=2026-11-02&group_adults=8&no_rooms=4&group_children=1&age=4&selected_currency=BRL,https://www.latamairlines.com/br/pt/oferta-voos?origin=SAO&outbound=2026-11-06T00%3A00%3A00.000Z&destination=SDU&inbound=2026-11-09T00%3A00%3A00.000Z&adt=1&chd=0&inf=0&trip=RT&cabin=Economy&redemption=true&sort=PRICE%2Casc,51352.8
18,BUE,Unknown,Unknown,2026-10-31,booking,26713,4149.08,2,Alvear Palace Hotel - Leading Hotels of the World,https://www.booking.com/searchresults.pt-br.html?ss=Alvear+Palace+Hotel+-+Leading+Hotels+of+the+World%2C+Buenos+Aires%2C+Argentina&checkin=2026-10-31&checkout=2026-11-02&group_adults=8&no_rooms=4&group_children=1&age=4&selected_currency=BRL,https://www.latamairlines.com/br/pt/oferta-voos?origin=SAO&outbound=2026-11-06T00%3A00%3A00.000Z&destination=PMW&inbound=2026-11-09T00%3A00%3A00.000Z&adt=1&chd=0&inf=0&trip=RT&cabin=Economy&redemption=true&sort=PRICE%2Casc,51607.479999999996
14,COR,Córdoba,Argentina,2026-10-31,booking,11796,6698.3,2,"Böden Hotel & Spa, AKEN SOUL",https://www.booking.com/searchresults.pt-br.html?ss=B%C3%B6den+Hotel+%26+Spa%2C+AKEN+SOUL%2C+Villa+General+Belgrano%2C+Prov%C3%ADncia+de+C%C3%B3rdoba%2C+Argentina&checkin=2026-10-31&checkout=2026-11-02&group_adults=8&no_rooms=4&group_children=1&age=4&selected_currency=BRL,https://www.latamairlines.com/br/pt/oferta-voos?origin=SAO&outbound=2026-11-06T00%3A00%3A00.000Z&destination=CPV&inbound=2026-11-09T00%3A00%3A00.000Z&adt=1&chd=0&inf=0&trip=RT&cabin=Economy&redemption=true&sort=PRICE%2Casc,51985.8
199,CCP,Unknown,Unknown,2026-10-30,booking,38219,2301.74,3,Hotel Termas Chillán (170km),https://www.booking.com/searchresults.pt-br.html?ss=Hotel+Termas+Chill%C3%A1n%2C+Nevados+de+Chillan%2C+Nuble+%28Nevados+de+Chillan%29%2C+Chile&checkin=2026-10-30&checkout=2026-11-02&group_adults=8&no_rooms=4&group_children=1&age=4&selected_currency=BRL,https://www.latamairlines.com/br/pt/oferta-voos?origin=SAO&outbound=2026-11-06T00%3A00%3A00.000Z&destination=SDU&inbound=2026-11-09T00%3A00%3A00.000Z&adt=1&chd=0&inf=0&trip=RT&cabin=Economy&redemption=true&sort=PRICE%2Casc,52029.44
18,BUE,Unknown,Unknown,2026-10-31,booking,27165,4149.08,2,Palacio Duhau - Park Hyatt Buenos Aires,https://www.booking.com/searchresults.pt-br.html?ss=Palacio+Duhau+-+Park+Hyatt+Buenos+Aires%2C+Buenos+Aires%2C+Argentina&checkin=2026-10-31&checkout=2026-11-02&group_adults=8&no_rooms=4&group_children=1&age=4&selected_currency=BRL,https://www.latamairlines.com/br/pt/oferta-voos?origin=SAO&outbound=2026-11-06T00%3A00%3A00.000Z&destination=PMW&inbound=2026-11-09T00%3A00%3A00.000Z&adt=1&chd=0&inf=0&trip=RT&cabin=Economy&redemption=true&sort=PRICE%2Casc,52059.479999999996
110,POA,Porto Alegre,Brazil,2026-10-31,booking,41784,1735.3,2,Castelo Saint Andrews,https://www.booking.com/searchresults.pt-br.html?ss=Castelo+Saint+Andrews%2C+Gramado%2C+Rio+Grande+do+Sul%2C+Brasil&checkin=2026-10-31&checkout=2026-11-02&group_adults=8&no_rooms=4&group_children=1&age=4&selected_currency=BRL,https://www.latamairlines.com/br/pt/oferta-voos?origin=SAO&outbound=2026-11-06T00%3A00%3A00.000Z&destination=SDU&inbound=2026-11-09T00%3A00%3A00.000Z&adt=1&chd=0&inf=0&trip=RT&cabin=Economy&redemption=true&sort=PRICE%2Casc,52195.8
519,VLC,Valência,Spain,2026-10-31,booking,16959,5875.66,2,Only YOU Hotel Valencia,https://www.booking.com/searchresults.pt-br.html?ss=Only+YOU+Hotel+Valencia%2C+Val%C3%AAncia%2C+Comunidade+de+Valencia%2C+Espanha&checkin=2026-10-31&checkout=2026-11-02&group_adults=8&no_rooms=4&group_children=1&age=4&selected_currency=BRL,https://www.latamairlines.com/br/pt/oferta-voos?origin=SAO&outbound=2026-11-06T00%3A00%3A00.000Z&destination=SDU&inbound=2026-11-09T00%3A00%3A00.000Z&adt=1&chd=0&inf=0&trip=RT&cabin=Economy&redemption=true&sort=PRICE%2Casc,52212.96
509,BCN,Barcelona,Spain,2026-10-31,booking,17098,5865.22,2,Icon BCN,https://www.booking.com/searchresults.pt-br.html?ss=ICON+Bcn%2C+Barcelona%2C+Catalunha%2C+Espanha&ssne=Barcelona&checkin=2026-10-31&checkout=2026-11-02&group_adults=8&no_rooms=4&group_children=1&age=4&selected_currency=BRL,https://www.latamairlines.com/br/pt/oferta-voos?origin=SAO&outbound=2026-11-06T00%3A00%3A00.000Z&destination=SDU&inbound=2026-11-09T00%3A00%3A00.000Z&adt=1&chd=0&inf=0&trip=RT&cabin=Economy&redemption=true&sort=PRICE%2Casc,52289.32
166,JPA,João Pessoa,Brazil,2026-10-30,booking,40503,1964.86,3,Filha da Lua Ecolodge (145km),https://www.booking.com/searchresults.pt-br.html?ss=Filha+Da+Lua+Ecolodge&checkin=2026-10-30&checkout=2026-11-02&group_adults=8&no_rooms=4&group_children=1&age=4&selected_currency=BRL,https://www.latamairlines.com/br/pt/oferta-voos?origin=SAO&outbound=2026-11-06T00%3A00%3A00.000Z&destination=SDU&inbound=2026-11-09T00%3A00%3A00.000Z&adt=1&chd=0&inf=0&trip=RT&cabin=Economy&redemption=true&sort=PRICE%2Casc,52292.16
93,NAT,Natal,Brazil,2026-10-30,booking,40503,1969.3,3,Filha da Lua Ecolodge (94km),https://www.booking.com/searchresults.pt-br.html?ss=Filha+Da+Lua+Ecolodge%2C+Pipa&checkin=2026-10-30&checkout=2026-11-02&group_adults=8&no_rooms=4&group_children=1&age=4&selected_currency=BRL,https://www.latamairlines.com/br/pt/oferta-voos?origin=SAO&outbound=2026-11-06T00%3A00%3A00.000Z&destination=SDU&inbound=2026-11-09T00%3A00%3A00.000Z&adt=1&chd=0&inf=0&trip=RT&cabin=Economy&redemption=true&sort=PRICE%2Casc,52318.8
153,CGB,Cuiabá,Brazil,2026-10-31,booking,47435,917.4,2,Araras Pantanal Eco Lodge,https://www.booking.com/searchresults.pt-br.html?ss=Pousada+Araras+Pantanal+Eco+Lodge%2C+Carvoalzinho%2C+Mato+Grosso&checkin=2026-10-31&checkout=2026-11-02&group_adults=8&no_rooms=4&group_children=1&age=4&selected_currency=BRL,https://www.latamairlines.com/br/pt/oferta-voos?origin=SAO&outbound=2026-11-06T00%3A00%3A00.000Z&destination=SDU&inbound=2026-11-09T00%3A00%3A00.000Z&adt=1&chd=0&inf=0&trip=RT&cabin=Economy&redemption=true&sort=PRICE%2Casc,52939.4
209,PMC,Puerto Montt,Chile,2026-10-30,booking,39554,2259.96,3,Hotel AWA,https://www.booking.com/searchresults.pt-br.html?ss=Hotel+AWA%2C+Puerto+Varas%2C+Prov%C3%ADncia+de+Los+Lagos%2C+Chile&checkin=2026-10-30&checkout=2026-11-02&group_adults=8&no_rooms=4&group_children=1&age=4&selected_currency=BRL,https://www.latamairlines.com/br/pt/oferta-voos?origin=SAO&outbound=2026-11-06T00%3A00%3A00.000Z&destination=SDU&inbound=2026-11-09T00%3A00%3A00.000Z&adt=1&chd=0&inf=0&trip=RT&cabin=Economy&redemption=true&sort=PRICE%2Casc,53113.76
92,CPV,Campina Grande,Brazil,2026-10-30,booking,40503,2101.82,3,Filha da Lua Ecolodge (145km),https://www.booking.com/searchresults.pt-br.html?ss=Filha+Da+Lua+Ecolodge&checkin=2026-10-30&checkout=2026-11-02&group_adults=8&no_rooms=4&group_children=1&age=4&selected_currency=BRL,https://www.latamairlines.com/br/pt/oferta-voos?origin=SAO&outbound=2026-11-06T00%3A00%3A00.000Z&destination=SDU&inbound=2026-11-09T00%3A00%3A00.000Z&adt=1&chd=0&inf=0&trip=RT&cabin=Economy&redemption=true&sort=PRICE%2Casc,53113.92
5,MDZ,Mendoza,Argentina,2026-10-31,booking,38572,2460.94,2,Chozos Resort,https://www.booking.com/searchresults.pt-br.html?ss=Chozos+Resort%2C+Agrelo%2C+Prov%C3%ADncia+de+Mendoza%2C+Argentina&checkin=2026-10-31&checkout=2026-11-02&group_adults=8&no_rooms=4&group_children=1&age=4&selected_currency=BRL,https://www.latamairlines.com/br/pt/oferta-voos?origin=SAO&outbound=2026-11-06T00%3A00%3A00.000Z&destination=FEN&inbound=2026-11-09T00%3A00%3A00.000Z&adt=1&chd=0&inf=0&trip=RT&cabin=Economy&redemption=true&sort=PRICE%2Casc,53337.64
77,FOR,Fortaleza,Brazil,2026-10-30,booking,40092,2280.96,3,Jaguarindia,https://www.booking.com/searchresults.pt-br.html?ss=Jaguar%C3%ADndia+Village&checkin=2026-10-30&checkout=2026-11-02&group_adults=8&no_rooms=4&group_children=1&age=4&selected_currency=BRL,https://www.latamairlines.com/br/pt/oferta-voos?origin=SAO&outbound=2026-11-06T00%3A00%3A00.000Z&destination=SDU&inbound=2026-11-09T00%3A00%3A00.000Z&adt=1&chd=0&inf=0&trip=RT&cabin=Economy&redemption=true&sort=PRICE%2Casc,53777.76
218,PUQ,Punta Arenas,Chile,2026-10-31,booking,36257,2991.28,2,The Singular Patagonia Hotel,https://www.booking.com/searchresults.pt-br.html?ss=The+Singular+Patagonia+Hotel%2C+Puerto+Natales%2C+Magallanes%2C+Chile&checkin=2026-10-31&checkout=2026-11-02&group_adults=8&no_rooms=4&group_children=1&age=4&selected_currency=BRL,https://www.latamairlines.com/br/pt/oferta-voos?origin=SAO&outbound=2026-11-06T00%3A00%3A00.000Z&destination=SDU&inbound=2026-11-09T00%3A00%3A00.000Z&adt=1&chd=0&inf=0&trip=RT&cabin=Economy&redemption=true&sort=PRICE%2Casc,54204.68
177,MCZ,Maceió,Brazil,2026-10-31,booking,47045,1325.3,2,Paru Boutique,https://www.booking.com/searchresults.pt-br.html?ss=Paru+Boutique+Hotel&checkin=2026-10-31&checkout=2026-11-02&group_adults=8&no_rooms=4&group_children=1&age=4&selected_currency=BRL,https://www.latamairlines.com/br/pt/oferta-voos?origin=SAO&outbound=2026-11-06T00%3A00%3A00.000Z&destination=SDU&inbound=2026-11-09T00%3A00%3A00.000Z&adt=1&chd=0&inf=0&trip=RT&cabin=Economy&redemption=true&sort=PRICE%2Casc,54996.8
88,MAO,Manaus,Brazil,2026-10-31,booking,43910,2031.3,2,Amazon Ecopark Jungle Lodge,https://www.booking.com/searchresults.pt-br.html?ss=Amazon+Ecopark+Jungle+Lodge%2C+Manaus&checkin=2026-10-31&checkout=2026-11-02&group_adults=8&no_rooms=4&group_children=1&age=4&selected_currency=BRL,https://www.latamairlines.com/br/pt/oferta-voos?origin=SAO&outbound=2026-11-06T00%3A00%3A00.000Z&destination=SDU&inbound=2026-11-09T00%3A00%3A00.000Z&adt=1&chd=0&inf=0&trip=RT&cabin=Economy&redemption=true&sort=PRICE%2Casc,56097.8
518,VLC,Valência,Spain,2026-10-30,booking,26639,4969.74,3,Only YOU Hotel Valencia,https://www.booking.com/searchresults.pt-br.html?ss=Only+YOU+Hotel+Valencia%2C+Val%C3%AAncia%2C+Comunidade+de+Valencia%2C+Espanha&checkin=2026-10-30&checkout=2026-11-02&group_adults=8&no_rooms=4&group_children=1&age=4&selected_currency=BRL,https://www.latamairlines.com/br/pt/oferta-voos?origin=SAO&outbound=2026-11-06T00%3A00%3A00.000Z&destination=SDU&inbound=2026-11-09T00%3A00%3A00.000Z&adt=1&chd=0&inf=0&trip=RT&cabin=Economy&redemption=true&sort=PRICE%2Casc,56457.44
137,RIO,Rio de Janeiro,Brasil,2026-10-31,booking,50738,1071.3,2,Santa Teresa Hotel Rio de Janeiro,https://www.booking.com/searchresults.pt-br.html?ss=Santa+Teresa+Hotel+Rio+de+Janeiro+-+MGallery+Collection%2C+Rio+de+Janeiro%2C+Estado+do+Rio+de+Janeiro%2C+Brasil&checkin=2026-10-31&checkout=2026-11-02&group_adults=8&no_rooms=4&group_children=1&age=4&selected_currency=BRL,https://www.latamairlines.com/br/pt/oferta-voos?origin=SAO&outbound=2026-11-06T00%3A00%3A00.000Z&destination=SDU&inbound=2026-11-09T00%3A00%3A00.000Z&adt=1&chd=0&inf=0&trip=RT&cabin=Economy&redemption=true&sort=PRICE%2Casc,57165.8
122,GIG,Rio de Janeiro,Brasil,2026-10-31,booking,50738,1071.3,2,Santa Teresa Hotel Rio de Janeiro,https://www.booking.com/searchresults.pt-br.html?ss=Santa+Teresa+Hotel+Rio+de+Janeiro+-+MGallery+Collection%2C+Rio+de+Janeiro%2C+Estado+do+Rio+de+Janeiro%2C+Brasil&checkin=2026-10-31&checkout=2026-11-02&group_adults=8&no_rooms=4&group_children=1&age=4&selected_currency=BRL,https://www.latamairlines.com/br/pt/oferta-voos?origin=SAO&outbound=2026-11-06T00%3A00%3A00.000Z&destination=SDU&inbound=2026-11-09T00%3A00%3A00.000Z&adt=1&chd=0&inf=0&trip=RT&cabin=Economy&redemption=true&sort=PRICE%2Casc,57165.8
17,BUE,Unknown,Unknown,2026-10-30,booking,35466,3637.16,3,Faena Hotel Buenos Aires,https://www.booking.com/searchresults.pt-br.html?ss=Faena+Hotel+Buenos+Aires%2C+Buenos+Aires%2C+Argentina&checkin=2026-10-30&checkout=2026-11-02&group_adults=8&no_rooms=4&group_children=1&age=4&selected_currency=BRL,https://www.latamairlines.com/br/pt/oferta-voos?origin=SAO&outbound=2026-11-06T00%3A00%3A00.000Z&destination=NVT&inbound=2026-11-09T00%3A00%3A00.000Z&adt=1&chd=0&inf=0&trip=RT&cabin=Economy&redemption=true&sort=PRICE%2Casc,57288.96
19,EZE,Unknown,Unknown,2026-10-30,booking,35466,3637.16,3,Faena Hotel Buenos Aires,https://www.booking.com/searchresults.pt-br.html?ss=Faena+Hotel+Buenos+Aires%2C+Buenos+Aires%2C+Argentina&checkin=2026-10-30&checkout=2026-11-02&group_adults=8&no_rooms=4&group_children=1&age=4&selected_currency=BRL,https://www.latamairlines.com/br/pt/oferta-voos?origin=SAO&outbound=2026-11-06T00%3A00%3A00.000Z&destination=CXJ&inbound=2026-11-09T00%3A00%3A00.000Z&adt=1&chd=0&inf=0&trip=RT&cabin=Economy&redemption=true&sort=PRICE%2Casc,57288.96
2,AEP,Buenos Aires,Argentina,2026-10-30,booking,35466,3637.16,3,Faena Hotel Buenos Aires,https://www.booking.com/searchresults.pt-br.html?ss=Faena+Hotel+Buenos+Aires%2C+Buenos+Aires%2C+Argentina&checkin=2026-10-30&checkout=2026-11-02&group_adults=8&no_rooms=4&group_children=1&age=4&selected_currency=BRL,https://www.latamairlines.com/br/pt/oferta-voos?origin=SAO&outbound=2026-11-06T00%3A00%3A00.000Z&destination=CAC&inbound=2026-11-09T00%3A00%3A00.000Z&adt=1&chd=0&inf=0&trip=RT&cabin=Economy&redemption=true&sort=PRICE%2Casc,57288.96
75,PET,Pelotas,Brazil,2026-10-31,booking,15999,6909.7,2,Giardino 8.3 (Rio Quente Resort),https://www.booking.com/searchresults.pt-br.html?ss=Rio+Quente+Resorts+-+Hotel+Giardino%2C+Rio+Quente%2C+Goi%C3%A1s%2C+Brasil&ssne=Rio+Quente&checkin=2026-10-31&checkout=2026-11-02&group_adults=8&no_rooms=4&group_children=1&age=4&selected_currency=BRL,https://www.latamairlines.com/br/pt/oferta-voos?origin=SAO&outbound=2026-11-06T00%3A00%3A00.000Z&destination=SDU&inbound=2026-11-09T00%3A00%3A00.000Z&adt=1&chd=0&inf=0&trip=RT&cabin=Economy&redemption=true&sort=PRICE%2Casc,57457.2
116,BPS,Porto Seguro,Brazil,2026-10-31,booking,47482,1669.3,2,Uxua Spa,https://www.booking.com/searchresults.pt-br.html?ss=UXUA+Casa+Hotel+%26+Spa&checkin=2026-10-31&checkout=2026-11-02&group_adults=8&no_rooms=4&group_children=1&age=4&selected_currency=BRL,https://www.latamairlines.com/br/pt/oferta-voos?origin=SAO&outbound=2026-11-06T00%3A00%3A00.000Z&destination=SDU&inbound=2026-11-09T00%3A00%3A00.000Z&adt=1&chd=0&inf=0&trip=RT&cabin=Economy&redemption=true&sort=PRICE%2Casc,57497.8
74,PET,Pelotas,Brazil,2026-10-30,booking,18984,6445.12,3,Pirineus (128km),https://www.booking.com/searchresults.pt-br.html?ss=Pousada+dos+Pireneus%2C+Piren%C3%B3polis%2C+Goi%C3%A1s&checkin=2026-10-30&checkout=2026-11-02&group_adults=8&no_rooms=4&group_children=1&age=4&selected_currency=BRL,https://www.latamairlines.com/br/pt/oferta-voos?origin=SAO&outbound=2026-11-06T00%3A00%3A00.000Z&destination=SDU&inbound=2026-11-09T00%3A00%3A00.000Z&adt=1&chd=0&inf=0&trip=RT&cabin=Economy&redemption=true&sort=PRICE%2Casc,57654.72
181,SDU,Rio de Janeiro,Brasil,2026-10-31,booking,50738,1230.08,2,Santa Teresa Hotel Rio de Janeiro,https://www.booking.com/searchresults.pt-br.html?ss=Santa+Teresa+Hotel+Rio+de+Janeiro+-+MGallery+Collection%2C+Rio+de+Janeiro%2C+Estado+do+Rio+de+Janeiro%2C+Brasil&checkin=2026-10-31&checkout=2026-11-02&group_adults=8&no_rooms=4&group_children=1&age=4&selected_currency=BRL,https://www.latamairlines.com/br/pt/oferta-voos?origin=SAO&outbound=2026-11-06T00%3A00%3A00.000Z&destination=SDU&inbound=2026-11-09T00%3A00%3A00.000Z&adt=1&chd=0&inf=0&trip=RT&cabin=Economy&redemption=true&sort=PRICE%2Casc,58118.479999999996
508,BCN,Barcelona,Spain,2026-10-30,booking,23014,5930.92,3,Hotel America,https://www.booking.com/searchresults.pt-br.html?ss=Hotel+America+Barcelona%2C+Barcelona%2C+Catalunha+%28Prov%C3%ADncia+de+Barcelona%29%2C+Espanha&checkin=2026-10-30&checkout=2026-11-02&group_adults=8&no_rooms=4&group_children=1&age=4&selected_currency=BRL,https://www.latamairlines.com/br/pt/oferta-voos?origin=SAO&outbound=2026-11-06T00%3A00%3A00.000Z&destination=SDU&inbound=2026-11-09T00%3A00%3A00.000Z&adt=1&chd=0&inf=0&trip=RT&cabin=Economy&redemption=true&sort=PRICE%2Casc,58599.520000000004
214,PNT,Puerto Natales,Chile,2026-10-31,booking,36257,3753.96,2,The Singular Patagonia Hotel,https://www.booking.com/searchresults.pt-br.html?ss=The+Singular+Patagonia+Hotel%2C+Puerto+Natales%2C+Magallanes%2C+Chile&checkin=2026-10-31&checkout=2026-11-02&group_adults=8&no_rooms=4&group_children=1&age=4&selected_currency=BRL,https://www.latamairlines.com/br/pt/oferta-voos?origin=SAO&outbound=2026-11-06T00%3A00%3A00.000Z&destination=SDU&inbound=2026-11-09T00%3A00%3A00.000Z&adt=1&chd=0&inf=0&trip=RT&cabin=Economy&redemption=true&sort=PRICE%2Casc,58780.76
125,JJG,Jaguaruna,Brazil,2026-10-30,booking,40602,3030.94,3,Cerro Azul (300km),https://www.booking.com/searchresults.pt-br.html?ss=Cerro+Azul+Hotel+Fazenda%2C+Cap%C3%A3o+Alto%2C+Santa+Catarina&checkin=2026-10-30&checkout=2026-11-02&group_adults=8&no_rooms=4&group_children=1&age=4&selected_currency=BRL,https://www.latamairlines.com/br/pt/oferta-voos?origin=SAO&outbound=2026-11-06T00%3A00%3A00.000Z&destination=SDU&inbound=2026-11-09T00%3A00%3A00.000Z&adt=1&chd=0&inf=0&trip=RT&cabin=Economy&redemption=true&sort=PRICE%2Casc,58787.64
105,JJD,Cruz (Jericoacoara),Brazil,2026-10-30,booking,34707,4045.3,3,Casa Siará (5s),https://www.booking.com/searchresults.pt-br.html?ss=Casa+Siar%C3%A1+-+Hotel+%26+Vilas%2C+Praia+do+Pre%C3%A1%2C+Cear%C3%A1%2C+Brasil&checkin=2026-10-30&checkout=2026-11-02&group_adults=8&no_rooms=4&group_children=1&age=4&selected_currency=BRL,https://www.latamairlines.com/br/pt/oferta-voos?origin=SAO&outbound=2026-11-06T00%3A00%3A00.000Z&destination=SDU&inbound=2026-11-09T00%3A00%3A00.000Z&adt=1&chd=0&inf=0&trip=RT&cabin=Economy&redemption=true&sort=PRICE%2Casc,58978.8
161,IOS,Ilhéus,Brazil,2026-10-31,booking,49968,1532.08,2,Txai,https://www.booking.com/searchresults.pt-br.html?ss=Txai+Resort%2C+Itacar%C3%A9&checkin=2026-10-31&checkout=2026-11-02&group_adults=8&no_rooms=4&group_children=1&age=4&selected_currency=BRL,https://www.latamairlines.com/br/pt/oferta-voos?origin=SAO&outbound=2026-11-06T00%3A00%3A00.000Z&destination=SDU&inbound=2026-11-09T00%3A00%3A00.000Z&adt=1&chd=0&inf=0&trip=RT&cabin=Economy&redemption=true&sort=PRICE%2Casc,59160.479999999996
76,FEN,Fernando de Noronha,Brazil,2026-10-30,booking,38952,3417.3,3,Pousada Topázio by Amana,https://www.booking.com/searchresults.pt-br.html?ss=Pousada+Top%C3%A1zio+by+Amana%2C+Fernando+de+Noronha&checkin=2026-10-30&checkout=2026-11-02&group_adults=8&no_rooms=4&group_children=1&age=4&selected_currency=BRL,https://www.latamairlines.com/br/pt/oferta-voos?origin=SAO&outbound=2026-11-06T00%3A00%3A00.000Z&destination=SDU&inbound=2026-11-09T00%3A00%3A00.000Z&adt=1&chd=0&inf=0&trip=RT&cabin=Economy&redemption=true&sort=PRICE%2Casc,59455.8
74,PET,Pelotas,Brazil,2026-10-30,booking,21280,6445.12,3,Cavaleiro dos Pireneus,https://www.booking.com/searchresults.pt-br.html?ss=Pousada+Cavaleiro+dos+Pireneus%2C+Piren%C3%B3polis&checkin=2026-10-30&checkout=2026-11-02&group_adults=8&no_rooms=4&group_children=1&age=4&selected_currency=BRL,https://www.latamairlines.com/br/pt/oferta-voos?origin=SAO&outbound=2026-11-06T00%3A00%3A00.000Z&destination=SDU&inbound=2026-11-09T00%3A00%3A00.000Z&adt=1&chd=0&inf=0&trip=RT&cabin=Economy&redemption=true&sort=PRICE%2Casc,59950.72
10,BRC,Bariloche,Argentina,2026-10-31,booking,8646,8559.14,2,La Cascada Casa Patagónica by DON,https://www.booking.com/searchresults.pt-br.html?ss=La+Cascada+Casa+Patag%C3%B3nica+by+DON%2C+San+Carlos+de+Bariloche&checkin=2026-10-31&checkout=2026-11-02&group_adults=8&no_rooms=4&group_children=1&age=4&selected_currency=BRL,https://www.latamairlines.com/br/pt/oferta-voos?origin=SAO&outbound=2026-11-06T00%3A00%3A00.000Z&destination=CNF&inbound=2026-11-09T00%3A00%3A00.000Z&adt=1&chd=0&inf=0&trip=RT&cabin=Economy&redemption=true&sort=PRICE%2Casc,60000.84
2,AEP,Buenos Aires,Argentina,2026-10-30,booking,38503,3637.16,3,Alvear Palace Hotel - Leading Hotels of the World,https://www.booking.com/searchresults.pt-br.html?ss=Alvear+Palace+Hotel+-+Leading+Hotels+of+the+World%2C+Buenos+Aires%2C+Argentina&checkin=2026-10-30&checkout=2026-11-02&group_adults=8&no_rooms=4&group_children=1&age=4&selected_currency=BRL,https://www.latamairlines.com/br/pt/oferta-voos?origin=SAO&outbound=2026-11-06T00%3A00%3A00.000Z&destination=CAC&inbound=2026-11-09T00%3A00%3A00.000Z&adt=1&chd=0&inf=0&trip=RT&cabin=Economy&redemption=true&sort=PRICE%2Casc,60325.96
19,EZE,Unknown,Unknown,2026-10-30,booking,38503,3637.16,3,Alvear Palace Hotel - Leading Hotels of the World,https://www.booking.com/searchresults.pt-br.html?ss=Alvear+Palace+Hotel+-+Leading+Hotels+of+the+World%2C+Buenos+Aires%2C+Argentina&checkin=2026-10-30&checkout=2026-11-02&group_adults=8&no_rooms=4&group_children=1&age=4&selected_currency=BRL,https://www.latamairlines.com/br/pt/oferta-voos?origin=SAO&outbound=2026-11-06T00%3A00%3A00.000Z&destination=CXJ&inbound=2026-11-09T00%3A00%3A00.000Z&adt=1&chd=0&inf=0&trip=RT&cabin=Economy&redemption=true&sort=PRICE%2Casc,60325.96
17,BUE,Unknown,Unknown,2026-10-30,booking,38503,3637.16,3,Alvear Palace Hotel - Leading Hotels of the World,https://www.booking.com/searchresults.pt-br.html?ss=Alvear+Palace+Hotel+-+Leading+Hotels+of+the+World%2C+Buenos+Aires%2C+Argentina&checkin=2026-10-30&checkout=2026-11-02&group_adults=8&no_rooms=4&group_children=1&age=4&selected_currency=BRL,https://www.latamairlines.com/br/pt/oferta-voos?origin=SAO&outbound=2026-11-06T00%3A00%3A00.000Z&destination=NVT&inbound=2026-11-09T00%3A00%3A00.000Z&adt=1&chd=0&inf=0&trip=RT&cabin=Economy&redemption=true&sort=PRICE%2Casc,60325.96
122,GIG,Rio de Janeiro,Brasil,2026-10-31,booking,53919,1071.3,2,Hotel Fasano Rio de Janeiro,https://www.booking.com/searchresults.pt-br.html?ss=Hotel+Fasano+Rio+de+Janeiro%2C+Rio+de+Janeiro%2C+Estado+do+Rio+de+Janeiro%2C+Brasil&checkin=2026-10-31&checkout=2026-11-02&group_adults=8&no_rooms=4&group_children=1&age=4&selected_currency=BRL,https://www.latamairlines.com/br/pt/oferta-voos?origin=SAO&outbound=2026-11-06T00%3A00%3A00.000Z&destination=SDU&inbound=2026-11-09T00%3A00%3A00.000Z&adt=1&chd=0&inf=0&trip=RT&cabin=Economy&redemption=true&sort=PRICE%2Casc,60346.8
137,RIO,Rio de Janeiro,Brasil,2026-10-31,booking,53919,1071.3,2,Hotel Fasano Rio de Janeiro,https://www.booking.com/searchresults.pt-br.html?ss=Hotel+Fasano+Rio+de+Janeiro%2C+Rio+de+Janeiro%2C+Estado+do+Rio+de+Janeiro%2C+Brasil&checkin=2026-10-31&checkout=2026-11-02&group_adults=8&no_rooms=4&group_children=1&age=4&selected_currency=BRL,https://www.latamairlines.com/br/pt/oferta-voos?origin=SAO&outbound=2026-11-06T00%3A00%3A00.000Z&destination=SDU&inbound=2026-11-09T00%3A00%3A00.000Z&adt=1&chd=0&inf=0&trip=RT&cabin=Economy&redemption=true&sort=PRICE%2Casc,60346.8
10,BRC,Bariloche,Argentina,2026-10-31,booking,9272,8559.14,2,Nido del Condor Hotel & Spa,https://www.booking.com/searchresults.pt-br.html?ss=Nido+del+C%C3%B3ndor+Hotel+%26+Spa%2C+San+Carlos+de+Bariloche&checkin=2026-10-31&checkout=2026-11-02&group_adults=8&no_rooms=4&group_children=1&age=4&selected_currency=BRL,https://www.latamairlines.com/br/pt/oferta-voos?origin=SAO&outbound=2026-11-06T00%3A00%3A00.000Z&destination=CNF&inbound=2026-11-09T00%3A00%3A00.000Z&adt=1&chd=0&inf=0&trip=RT&cabin=Economy&redemption=true&sort=PRICE%2Casc,60626.84
3,AEP,Buenos Aires,Argentina,2026-10-31,booking,41772,3147.3,2,Four Seasons Hotel Buenos Aires,https://www.booking.com/searchresults.pt-br.html?ss=Four+Seasons+Hotel+Buenos+Aires%2C+Buenos+Aires%2C+Argentina&checkin=2026-10-31&checkout=2026-11-02&group_adults=8&no_rooms=4&group_children=1&age=4&selected_currency=BRL,https://www.latamairlines.com/br/pt/oferta-voos?origin=SAO&outbound=2026-11-06T00%3A00%3A00.000Z&destination=DOU&inbound=2026-11-09T00%3A00%3A00.000Z&adt=1&chd=0&inf=0&trip=RT&cabin=Economy&redemption=true&sort=PRICE%2Casc,60655.8
20,EZE,Unknown,Unknown,2026-10-31,booking,41772,3147.3,2,Four Seasons Hotel Buenos Aires,https://www.booking.com/searchresults.pt-br.html?ss=Four+Seasons+Hotel+Buenos+Aires%2C+Buenos+Aires%2C+Argentina&checkin=2026-10-31&checkout=2026-11-02&group_adults=8&no_rooms=4&group_children=1&age=4&selected_currency=BRL,https://www.latamairlines.com/br/pt/oferta-voos?origin=SAO&outbound=2026-11-06T00%3A00%3A00.000Z&destination=PFB&inbound=2026-11-09T00%3A00%3A00.000Z&adt=1&chd=0&inf=0&trip=RT&cabin=Economy&redemption=true&sort=PRICE%2Casc,60655.8
338,GUA,Cidade da Guatemala,Guatemala,2026-10-31,booking,8690,8685.28,2,Adriatika Hotel,https://www.booking.com/searchresults.pt-br.html?ss=Adriatika+Hotel+%26+Residence%2C+Guatemala&checkin=2026-10-31&checkout=2026-11-02&group_adults=8&no_rooms=4&group_children=1&age=4&selected_currency=BRL,https://www.latamairlines.com/br/pt/oferta-voos?origin=SAO&outbound=2026-11-06T00%3A00%3A00.000Z&destination=SDU&inbound=2026-11-09T00%3A00%3A00.000Z&adt=1&chd=0&inf=0&trip=RT&cabin=Economy&redemption=true&sort=PRICE%2Casc,60801.68000000001
338,GUA,Cidade da Guatemala,Guatemala,2026-10-31,booking,8949,8685.28,2,Hyatt Centric Guatemala,https://www.booking.com/searchresults.pt-br.html?ss=Hyatt+Centric+Guatemala+City%2C+Guatemala%2C+Guatemala&checkin=2026-10-31&checkout=2026-11-02&group_adults=8&no_rooms=4&group_children=1&age=4&selected_currency=BRL,https://www.latamairlines.com/br/pt/oferta-voos?origin=SAO&outbound=2026-11-06T00%3A00%3A00.000Z&destination=SDU&inbound=2026-11-09T00%3A00%3A00.000Z&adt=1&chd=0&inf=0&trip=RT&cabin=Economy&redemption=true&sort=PRICE%2Casc,61060.68000000001
338,GUA,Cidade da Guatemala,Guatemala,2026-10-31,booking,8988,8685.28,2,Tikal Futura Hotel ,https://www.booking.com/searchresults.pt-br.html?ss=Tikal+Futura+Hotel+%26+Convention+Center%2C+Guatemala&checkin=2026-10-31&checkout=2026-11-02&group_adults=8&no_rooms=4&group_children=1&age=4&selected_currency=BRL,https://www.latamairlines.com/br/pt/oferta-voos?origin=SAO&outbound=2026-11-06T00%3A00%3A00.000Z&destination=SDU&inbound=2026-11-09T00%3A00%3A00.000Z&adt=1&chd=0&inf=0&trip=RT&cabin=Economy&redemption=true&sort=PRICE%2Casc,61099.68000000001
181,SDU,Rio de Janeiro,Brasil,2026-10-31,booking,53919,1230.08,2,Hotel Fasano Rio de Janeiro,https://www.booking.com/searchresults.pt-br.html?ss=Hotel+Fasano+Rio+de+Janeiro%2C+Rio+de+Janeiro%2C+Estado+do+Rio+de+Janeiro%2C+Brasil&checkin=2026-10-31&checkout=2026-11-02&group_adults=8&no_rooms=4&group_children=1&age=4&selected_currency=BRL,https://www.latamairlines.com/br/pt/oferta-voos?origin=SAO&outbound=2026-11-06T00%3A00%3A00.000Z&destination=SDU&inbound=2026-11-09T00%3A00%3A00.000Z&adt=1&chd=0&inf=0&trip=RT&cabin=Economy&redemption=true&sort=PRICE%2Casc,61299.479999999996
508,BCN,Barcelona,Spain,2026-10-30,booking,26236,5930.92,3,Icon BCN,https://www.booking.com/searchresults.pt-br.html?ss=ICON+Bcn%2C+Barcelona%2C+Catalunha%2C+Espanha&ssne=Barcelona&checkin=2026-10-30&checkout=2026-11-02&group_adults=8&no_rooms=4&group_children=1&age=4&selected_currency=BRL,https://www.latamairlines.com/br/pt/oferta-voos?origin=SAO&outbound=2026-11-06T00%3A00%3A00.000Z&destination=SDU&inbound=2026-11-09T00%3A00%3A00.000Z&adt=1&chd=0&inf=0&trip=RT&cabin=Economy&redemption=true&sort=PRICE%2Casc,61821.520000000004
80,SSA,Salvador,Brazil,2026-10-31,booking,52000,1663.3,2,Mansão de Luxo em Praia do Forte,https://www.booking.com/searchresults.pt-br.html?ss=Mans%C3%A3o+de+Luxo+em+Praia+do+Forte+com+Acesso+%C3%A0+Praia%2C+Mata+de+S%C3%A3o+Jo%C3%A3o%2C+Bahia+%28Nordeste+do+Brasil%29%2C+Brasil&checkin=2026-10-31&checkout=2026-11-02&group_adults=8&no_rooms=4&group_children=1&age=4&selected_currency=BRL,https://www.latamairlines.com/br/pt/oferta-voos?origin=SAO&outbound=2026-11-06T00%3A00%3A00.000Z&destination=SDU&inbound=2026-11-09T00%3A00%3A00.000Z&adt=1&chd=0&inf=0&trip=RT&cabin=Economy&redemption=true&sort=PRICE%2Casc,61979.8
74,PET,Pelotas,Brazil,2026-10-30,booking,23773,6445.12,3,Giardino 8.3 (Rio Quente Resort),https://www.booking.com/searchresults.pt-br.html?ss=Rio+Quente+Resorts+-+Hotel+Giardino%2C+Rio+Quente%2C+Goi%C3%A1s%2C+Brasil&ssne=Rio+Quente&checkin=2026-10-30&checkout=2026-11-02&group_adults=8&no_rooms=4&group_children=1&age=4&selected_currency=BRL,https://www.latamairlines.com/br/pt/oferta-voos?origin=SAO&outbound=2026-11-06T00%3A00%3A00.000Z&destination=SDU&inbound=2026-11-09T00%3A00%3A00.000Z&adt=1&chd=0&inf=0&trip=RT&cabin=Economy&redemption=true&sort=PRICE%2Casc,62443.72
121,GIG,Rio de Janeiro,Brasil,2026-10-30,booking,53347,1523.3,3,Fairmont Rio de Janeiro Copacabana,https://www.booking.com/searchresults.pt-br.html?ss=Fairmont+Rio+de+Janeiro+Copacabana%2C+Rio+de+Janeiro%2C+Estado+do+Rio+de+Janeiro%2C+Brasil&checkin=2026-10-30&checkout=2026-11-02&group_adults=8&no_rooms=4&group_children=1&age=4&selected_currency=BRL,https://www.latamairlines.com/br/pt/oferta-voos?origin=SAO&outbound=2026-11-06T00%3A00%3A00.000Z&destination=SDU&inbound=2026-11-09T00%3A00%3A00.000Z&adt=1&chd=0&inf=0&trip=RT&cabin=Economy&redemption=true&sort=PRICE%2Casc,62486.8
136,RIO,Rio de Janeiro,Brasil,2026-10-30,booking,53347,1523.3,3,Fairmont Rio de Janeiro Copacabana,https://www.booking.com/searchresults.pt-br.html?ss=Fairmont+Rio+de+Janeiro+Copacabana%2C+Rio+de+Janeiro%2C+Estado+do+Rio+de+Janeiro%2C+Brasil&checkin=2026-10-30&checkout=2026-11-02&group_adults=8&no_rooms=4&group_children=1&age=4&selected_currency=BRL,https://www.latamairlines.com/br/pt/oferta-voos?origin=SAO&outbound=2026-11-06T00%3A00%3A00.000Z&destination=SDU&inbound=2026-11-09T00%3A00%3A00.000Z&adt=1&chd=0&inf=0&trip=RT&cabin=Economy&redemption=true&sort=PRICE%2Casc,62486.8
559,CNQ,Corrientes,Argentina,2026-10-31,booking,29315,5603.62,2,El Tránsito Hotel Boutique,https://www.booking.com/searchresults.pt-br.html?ss=El+Tr%C3%A1nsito+Hotel+Boutique%2C+Concepci%C3%B3n&checkin=2026-10-31&checkout=2026-11-02&group_adults=8&no_rooms=4&group_children=1&age=4&selected_currency=BRL,https://www.latamairlines.com/br/pt/oferta-voos?origin=SAO&outbound=2026-11-06T00%3A00%3A00.000Z&destination=SDU&inbound=2026-11-09T00%3A00%3A00.000Z&adt=1&chd=0&inf=0&trip=RT&cabin=Economy&redemption=true&sort=PRICE%2Casc,62936.72
101,CXJ,Caxias do Sul,Brazil,2026-10-30,booking,41553,3629.3,3,Hotel Valle D'incanto,https://www.booking.com/searchresults.pt-br.html?ss=Hotel+Valle+Dincanto%2C+Gramado&checkin=2026-10-30&checkout=2026-11-02&group_adults=8&no_rooms=4&group_children=1&age=4&selected_currency=BRL,https://www.latamairlines.com/br/pt/oferta-voos?origin=SAO&outbound=2026-11-06T00%3A00%3A00.000Z&destination=SDU&inbound=2026-11-09T00%3A00%3A00.000Z&adt=1&chd=0&inf=0&trip=RT&cabin=Economy&redemption=true&sort=PRICE%2Casc,63328.8
2,AEP,Buenos Aires,Argentina,2026-10-30,booking,41834,3637.16,3,Four Seasons Hotel Buenos Aires,https://www.booking.com/searchresults.pt-br.html?ss=Four+Seasons+Hotel+Buenos+Aires%2C+Buenos+Aires%2C+Argentina&checkin=2026-10-30&checkout=2026-11-02&group_adults=8&no_rooms=4&group_children=1&age=4&selected_currency=BRL,https://www.latamairlines.com/br/pt/oferta-voos?origin=SAO&outbound=2026-11-06T00%3A00%3A00.000Z&destination=CAC&inbound=2026-11-09T00%3A00%3A00.000Z&adt=1&chd=0&inf=0&trip=RT&cabin=Economy&redemption=true&sort=PRICE%2Casc,63656.96
17,BUE,Unknown,Unknown,2026-10-30,booking,41834,3637.16,3,Four Seasons Hotel Buenos Aires,https://www.booking.com/searchresults.pt-br.html?ss=Four+Seasons+Hotel+Buenos+Aires%2C+Buenos+Aires%2C+Argentina&checkin=2026-10-30&checkout=2026-11-02&group_adults=8&no_rooms=4&group_children=1&age=4&selected_currency=BRL,https://www.latamairlines.com/br/pt/oferta-voos?origin=SAO&outbound=2026-11-06T00%3A00%3A00.000Z&destination=NVT&inbound=2026-11-09T00%3A00%3A00.000Z&adt=1&chd=0&inf=0&trip=RT&cabin=Economy&redemption=true&sort=PRICE%2Casc,63656.96
19,EZE,Unknown,Unknown,2026-10-30,booking,41834,3637.16,3,Four Seasons Hotel Buenos Aires,https://www.booking.com/searchresults.pt-br.html?ss=Four+Seasons+Hotel+Buenos+Aires%2C+Buenos+Aires%2C+Argentina&checkin=2026-10-30&checkout=2026-11-02&group_adults=8&no_rooms=4&group_children=1&age=4&selected_currency=BRL,https://www.latamairlines.com/br/pt/oferta-voos?origin=SAO&outbound=2026-11-06T00%3A00%3A00.000Z&destination=CXJ&inbound=2026-11-09T00%3A00%3A00.000Z&adt=1&chd=0&inf=0&trip=RT&cabin=Economy&redemption=true&sort=PRICE%2Casc,63656.96
180,SDU,Rio de Janeiro,Brasil,2026-10-30,booking,53347,1809.3,3,Fairmont Rio de Janeiro Copacabana,https://www.booking.com/searchresults.pt-br.html?ss=Fairmont+Rio+de+Janeiro+Copacabana%2C+Rio+de+Janeiro%2C+Estado+do+Rio+de+Janeiro%2C+Brasil&checkin=2026-10-30&checkout=2026-11-02&group_adults=8&no_rooms=4&group_children=1&age=4&selected_currency=BRL,https://www.latamairlines.com/br/pt/oferta-voos?origin=SAO&outbound=2026-11-06T00%3A00%3A00.000Z&destination=SDU&inbound=2026-11-09T00%3A00%3A00.000Z&adt=1&chd=0&inf=0&trip=RT&cabin=Economy&redemption=true&sort=PRICE%2Casc,64202.8
6,USH,Ushuaia,Argentina,2026-10-30,booking,20377,7391.66,3,Las Hayas Ushuaia Resort,https://www.booking.com/searchresults.pt-br.html?ss=Las+Hayas+Ushuaia+Resort%2C+Ushuaia%2C+Terra+do+Fogo+%28Ushuaia+Ski%29%2C+Argentina&checkin=2026-10-30&checkout=2026-11-02&group_adults=8&no_rooms=4&group_children=1&age=4&selected_currency=BRL,https://www.latamairlines.com/br/pt/oferta-voos?origin=SAO&outbound=2026-11-06T00%3A00%3A00.000Z&destination=FOR&inbound=2026-11-09T00%3A00%3A00.000Z&adt=1&chd=0&inf=0&trip=RT&cabin=Economy&redemption=true&sort=PRICE%2Casc,64726.96
71,CAC,Cascavel,Brazil,2026-10-31,booking,58431,1121.3,2,Gran Melia (ARG),https://www.booking.com/searchresults.pt-br.html?ss=Gran+Meli%C3%A1+Iguaz%C3%BA%2C+Puerto+Iguaz%C3%BA%2C+Misiones%2C+Argentina&checkin=2026-10-31&checkout=2026-11-02&group_adults=8&no_rooms=4&group_children=1&age=4&selected_currency=BRL,https://www.latamairlines.com/br/pt/oferta-voos?origin=SAO&outbound=2026-11-06T00%3A00%3A00.000Z&destination=SDU&inbound=2026-11-09T00%3A00%3A00.000Z&adt=1&chd=0&inf=0&trip=RT&cabin=Economy&redemption=true&sort=PRICE%2Casc,65158.8
117,REC,Recife,Brazil,2026-10-30,booking,56390,1527.3,3,Nannai,https://www.booking.com/searchresults.pt-br.html?ss=NANNAI+Muro+Alto&checkin=2026-10-30&checkout=2026-11-02&group_adults=8&no_rooms=4&group_children=1&age=4&selected_currency=BRL,https://www.latamairlines.com/br/pt/oferta-voos?origin=SAO&outbound=2026-11-06T00%3A00%3A00.000Z&destination=SDU&inbound=2026-11-09T00%3A00%3A00.000Z&adt=1&chd=0&inf=0&trip=RT&cabin=Economy&redemption=true&sort=PRICE%2Casc,65553.8
76,FEN,Fernando de Noronha,Brazil,2026-10-30,booking,45299,3417.3,3,Maria Bonita 4s,https://www.booking.com/searchresults.pt-br.html?ss=Pousada+Maria+Bonita+Noronha&checkin=2026-10-30&checkout=2026-11-02&group_adults=8&no_rooms=4&group_children=1&age=4&selected_currency=BRL,https://www.latamairlines.com/br/pt/oferta-voos?origin=SAO&outbound=2026-11-06T00%3A00%3A00.000Z&destination=SDU&inbound=2026-11-09T00%3A00%3A00.000Z&adt=1&chd=0&inf=0&trip=RT&cabin=Economy&redemption=true&sort=PRICE%2Casc,65802.8
176,MCZ,Maceió,Brazil,2026-10-30,booking,52636,2213.3,3,Pousada da Amendoeira,https://www.booking.com/searchresults.pt-br.html?ss=Pousada+da+Amendoeira%2C+S%C3%A3o+Miguel+dos+Milagres&checkin=2026-10-30&checkout=2026-11-02&group_adults=8&no_rooms=4&group_children=1&age=4&selected_currency=BRL,https://www.latamairlines.com/br/pt/oferta-voos?origin=SAO&outbound=2026-11-06T00%3A00%3A00.000Z&destination=SDU&inbound=2026-11-09T00%3A00%3A00.000Z&adt=1&chd=0&inf=0&trip=RT&cabin=Economy&redemption=true&sort=PRICE%2Casc,65915.8
18,BUE,Unknown,Unknown,2026-10-31,booking,41772,4149.08,2,Four Seasons Hotel Buenos Aires,https://www.booking.com/searchresults.pt-br.html?ss=Four+Seasons+Hotel+Buenos+Aires%2C+Buenos+Aires%2C+Argentina&checkin=2026-10-31&checkout=2026-11-02&group_adults=8&no_rooms=4&group_children=1&age=4&selected_currency=BRL,https://www.latamairlines.com/br/pt/oferta-voos?origin=SAO&outbound=2026-11-06T00%3A00%3A00.000Z&destination=PMW&inbound=2026-11-09T00%3A00%3A00.000Z&adt=1&chd=0&inf=0&trip=RT&cabin=Economy&redemption=true&sort=PRICE%2Casc,66666.48
116,BPS,Porto Seguro,Brazil,2026-10-31,booking,56692,1669.3,2,Fasano Trancoso,https://www.booking.com/searchresults.pt-br.html?ss=Hotel+Fasano+Trancoso&checkin=2026-10-31&checkout=2026-11-02&group_adults=8&no_rooms=4&group_children=1&age=4&selected_currency=BRL,https://www.latamairlines.com/br/pt/oferta-voos?origin=SAO&outbound=2026-11-06T00%3A00%3A00.000Z&destination=SDU&inbound=2026-11-09T00%3A00%3A00.000Z&adt=1&chd=0&inf=0&trip=RT&cabin=Economy&redemption=true&sort=PRICE%2Casc,66707.8
860,MVD,Montevidéu,Uruguay,2026-10-31,booking,50488,2749.12,2,Hotel Fasano Punta del Este,https://www.booking.com/searchresults.pt-br.html?ss=Hotel+Fasano+Punta+del+Este%2C+Punta+del+Este%2C+Maldonado%2C+Uruguai&checkin=2026-10-31&checkout=2026-11-02&group_adults=8&no_rooms=4&group_children=1&age=4&selected_currency=BRL,https://www.latamairlines.com/br/pt/oferta-voos?origin=SAO&outbound=2026-11-06T00%3A00%3A00.000Z&destination=SDU&inbound=2026-11-09T00%3A00%3A00.000Z&adt=1&chd=0&inf=0&trip=RT&cabin=Economy&redemption=true&sort=PRICE%2Casc,66982.72
87,MAO,Manaus,Brazil,2026-10-30,booking,54861,2031.3,3,Amazon Ecopark Jungle Lodge,https://www.booking.com/searchresults.pt-br.html?ss=Amazon+Ecopark+Jungle+Lodge%2C+Manaus&checkin=2026-10-30&checkout=2026-11-02&group_adults=8&no_rooms=4&group_children=1&age=4&selected_currency=BRL,https://www.latamairlines.com/br/pt/oferta-voos?origin=SAO&outbound=2026-11-06T00%3A00%3A00.000Z&destination=SDU&inbound=2026-11-09T00%3A00%3A00.000Z&adt=1&chd=0&inf=0&trip=RT&cabin=Economy&redemption=true&sort=PRICE%2Casc,67048.8
218,PUQ,Punta Arenas,Chile,2026-10-31,booking,49285,2991.28,2,Río Serrano Hotel + Spa,https://www.booking.com/searchresults.pt-br.html?ss=R%C3%ADo+Serrano+Hotel+%2B+Spa%2C+Torres+del+Paine%2C+Magallanes%2C+Chile&checkin=2026-10-31&checkout=2026-11-02&group_adults=8&no_rooms=4&group_children=1&age=4&selected_currency=BRL,https://www.latamairlines.com/br/pt/oferta-voos?origin=SAO&outbound=2026-11-06T00%3A00%3A00.000Z&destination=SDU&inbound=2026-11-09T00%3A00%3A00.000Z&adt=1&chd=0&inf=0&trip=RT&cabin=Economy&redemption=true&sort=PRICE%2Casc,67232.68
143,IGU,Foz do Iguaçu,Brazil,2026-10-31,booking,58431,1520.08,2,Gran Melia (ARG),https://www.booking.com/searchresults.pt-br.html?ss=Gran+Meli%C3%A1+Iguaz%C3%BA%2C+Puerto+Iguaz%C3%BA%2C+Misiones%2C+Argentina&checkin=2026-10-31&checkout=2026-11-02&group_adults=8&no_rooms=4&group_children=1&age=4&selected_currency=BRL,https://www.latamairlines.com/br/pt/oferta-voos?origin=SAO&outbound=2026-11-06T00%3A00%3A00.000Z&destination=SDU&inbound=2026-11-09T00%3A00%3A00.000Z&adt=1&chd=0&inf=0&trip=RT&cabin=Economy&redemption=true&sort=PRICE%2Casc,67551.48
218,PUQ,Punta Arenas,Chile,2026-10-31,booking,49756,2991.28,2,Kau Rio Serrano,https://www.booking.com/searchresults.pt-br.html?ss=Kau+Rio+Serrano%2C+Torres+del+Paine%2C+Magallanes%2C+Chile&checkin=2026-10-31&checkout=2026-11-02&group_adults=8&no_rooms=4&group_children=1&age=4&selected_currency=BRL,https://www.latamairlines.com/br/pt/oferta-voos?origin=SAO&outbound=2026-11-06T00%3A00%3A00.000Z&destination=SDU&inbound=2026-11-09T00%3A00%3A00.000Z&adt=1&chd=0&inf=0&trip=RT&cabin=Economy&redemption=true&sort=PRICE%2Casc,67703.68
338,GUA,Cidade da Guatemala,Guatemala,2026-10-31,booking,16147,8685.28,2,Bolontiku Boutique Hotel,https://www.booking.com/searchresults.pt-br.html?ss=Bolontiku+Boutique+Hotel+Member+of+the+Cayuga+Collection%2C+Flores%2C+Peten%2C+Guatemala&checkin=2026-10-31&checkout=2026-11-02&group_adults=8&no_rooms=4&group_children=1&age=4&selected_currency=BRL,https://www.latamairlines.com/br/pt/oferta-voos?origin=SAO&outbound=2026-11-06T00%3A00%3A00.000Z&destination=SDU&inbound=2026-11-09T00%3A00%3A00.000Z&adt=1&chd=0&inf=0&trip=RT&cabin=Economy&redemption=true&sort=PRICE%2Casc,68258.68000000001
136,RIO,Rio de Janeiro,Brasil,2026-10-30,booking,60824,1523.3,3,Hotel Fasano Angra dos Reis,https://www.booking.com/searchresults.pt-br.html?ss=Hotel+Fasano+Angra+dos+Reis%2C+Angra+dos+Reis%2C+Estado+do+Rio+de+Janeiro%2C+Brasil&checkin=2026-10-30&checkout=2026-11-02&group_adults=8&no_rooms=4&group_children=1&age=4&selected_currency=BRL,https://www.latamairlines.com/br/pt/oferta-voos?origin=SAO&outbound=2026-11-06T00%3A00%3A00.000Z&destination=SDU&inbound=2026-11-09T00%3A00%3A00.000Z&adt=1&chd=0&inf=0&trip=RT&cabin=Economy&redemption=true&sort=PRICE%2Casc,69963.8
121,GIG,Rio de Janeiro,Brasil,2026-10-30,booking,60824,1523.3,3,Hotel Fasano Angra dos Reis,https://www.booking.com/searchresults.pt-br.html?ss=Hotel+Fasano+Angra+dos+Reis%2C+Angra+dos+Reis%2C+Estado+do+Rio+de+Janeiro%2C+Brasil&checkin=2026-10-30&checkout=2026-11-02&group_adults=8&no_rooms=4&group_children=1&age=4&selected_currency=BRL,https://www.latamairlines.com/br/pt/oferta-voos?origin=SAO&outbound=2026-11-06T00%3A00%3A00.000Z&destination=SDU&inbound=2026-11-09T00%3A00%3A00.000Z&adt=1&chd=0&inf=0&trip=RT&cabin=Economy&redemption=true&sort=PRICE%2Casc,69963.8
7,USH,Ushuaia,Argentina,2026-10-31,booking,12159,9635.24,2,Las Hayas Ushuaia Resort,https://www.booking.com/searchresults.pt-br.html?ss=Las+Hayas+Ushuaia+Resort%2C+Ushuaia%2C+Terra+do+Fogo+%28Ushuaia+Ski%29%2C+Argentina&checkin=2026-10-31&checkout=2026-11-02&group_adults=8&no_rooms=4&group_children=1&age=4&selected_currency=BRL,https://www.latamairlines.com/br/pt/oferta-voos?origin=SAO&outbound=2026-11-06T00%3A00%3A00.000Z&destination=SSA&inbound=2026-11-09T00%3A00%3A00.000Z&adt=1&chd=0&inf=0&trip=RT&cabin=Economy&redemption=true&sort=PRICE%2Casc,69970.44
2,AEP,Buenos Aires,Argentina,2026-10-30,booking,48573,3637.16,3,Palacio Duhau - Park Hyatt Buenos Aires,https://www.booking.com/searchresults.pt-br.html?ss=Palacio+Duhau+-+Park+Hyatt+Buenos+Aires%2C+Buenos+Aires%2C+Argentina&checkin=2026-10-30&checkout=2026-11-02&group_adults=8&no_rooms=4&group_children=1&age=4&selected_currency=BRL,https://www.latamairlines.com/br/pt/oferta-voos?origin=SAO&outbound=2026-11-06T00%3A00%3A00.000Z&destination=CAC&inbound=2026-11-09T00%3A00%3A00.000Z&adt=1&chd=0&inf=0&trip=RT&cabin=Economy&redemption=true&sort=PRICE%2Casc,70395.95999999999
17,BUE,Unknown,Unknown,2026-10-30,booking,48573,3637.16,3,Palacio Duhau - Park Hyatt Buenos Aires,https://www.booking.com/searchresults.pt-br.html?ss=Palacio+Duhau+-+Park+Hyatt+Buenos+Aires%2C+Buenos+Aires%2C+Argentina&checkin=2026-10-30&checkout=2026-11-02&group_adults=8&no_rooms=4&group_children=1&age=4&selected_currency=BRL,https://www.latamairlines.com/br/pt/oferta-voos?origin=SAO&outbound=2026-11-06T00%3A00%3A00.000Z&destination=NVT&inbound=2026-11-09T00%3A00%3A00.000Z&adt=1&chd=0&inf=0&trip=RT&cabin=Economy&redemption=true&sort=PRICE%2Casc,70395.95999999999
19,EZE,Unknown,Unknown,2026-10-30,booking,48573,3637.16,3,Palacio Duhau - Park Hyatt Buenos Aires,https://www.booking.com/searchresults.pt-br.html?ss=Palacio+Duhau+-+Park+Hyatt+Buenos+Aires%2C+Buenos+Aires%2C+Argentina&checkin=2026-10-30&checkout=2026-11-02&group_adults=8&no_rooms=4&group_children=1&age=4&selected_currency=BRL,https://www.latamairlines.com/br/pt/oferta-voos?origin=SAO&outbound=2026-11-06T00%3A00%3A00.000Z&destination=CXJ&inbound=2026-11-09T00%3A00%3A00.000Z&adt=1&chd=0&inf=0&trip=RT&cabin=Economy&redemption=true&sort=PRICE%2Casc,70395.95999999999
176,MCZ,Maceió,Brazil,2026-10-30,booking,57354,2213.3,3,Ritz Barra,https://www.booking.com/searchresults.pt-br.html?ss=Ritz+Barra+de+S%C3%A3o+Miguel%2C+Barra+de+S%C3%A3o+Miguel&checkin=2026-10-30&checkout=2026-11-02&group_adults=8&no_rooms=4&group_children=1&age=4&selected_currency=BRL,https://www.latamairlines.com/br/pt/oferta-voos?origin=SAO&outbound=2026-11-06T00%3A00%3A00.000Z&destination=SDU&inbound=2026-11-09T00%3A00%3A00.000Z&adt=1&chd=0&inf=0&trip=RT&cabin=Economy&redemption=true&sort=PRICE%2Casc,70633.8
214,PNT,Puerto Natales,Chile,2026-10-31,booking,48265,3753.96,2,Río Serrano Hotel + Spa,https://www.booking.com/searchresults.pt-br.html?ss=R%C3%ADo+Serrano+Hotel+%2B+Spa%2C+Torres+del+Paine%2C+Magallanes%2C+Chile&checkin=2026-10-31&checkout=2026-11-02&group_adults=8&no_rooms=4&group_children=1&age=4&selected_currency=BRL,https://www.latamairlines.com/br/pt/oferta-voos?origin=SAO&outbound=2026-11-06T00%3A00%3A00.000Z&destination=SDU&inbound=2026-11-09T00%3A00%3A00.000Z&adt=1&chd=0&inf=0&trip=RT&cabin=Economy&redemption=true&sort=PRICE%2Casc,70788.76000000001
70,CAC,Cascavel,Brazil,2026-10-30,booking,64267,1095.3,3,Belmond Cataratas,https://www.booking.com/searchresults.pt-br.html?ss=Hotel+das+Cataratas%2C+A+Belmond+Hotel&checkin=2026-10-30&checkout=2026-11-02&group_adults=8&no_rooms=4&group_children=1&age=4&selected_currency=BRL,https://www.latamairlines.com/br/pt/oferta-voos?origin=SAO&outbound=2026-11-06T00%3A00%3A00.000Z&destination=SDU&inbound=2026-11-09T00%3A00%3A00.000Z&adt=1&chd=0&inf=0&trip=RT&cabin=Economy&redemption=true&sort=PRICE%2Casc,70838.8
10,BRC,Bariloche,Argentina,2026-10-31,booking,19739,8559.14,2,Correntoso Lake & River Hotel,https://www.booking.com/searchresults.pt-br.html?ss=Correntoso+Lake+%26+River+Hotel%2C+Villa+La+Angostura%2C+Prov%C3%ADncia+de+Neuqu%C3%A9n+%28Road+of+the+7+Lakes%29%2C+Argentina&checkin=2026-10-31&checkout=2026-11-02&group_adults=8&no_rooms=4&group_children=1&age=4&selected_currency=BRL,https://www.latamairlines.com/br/pt/oferta-voos?origin=SAO&outbound=2026-11-06T00%3A00%3A00.000Z&destination=CNF&inbound=2026-11-09T00%3A00%3A00.000Z&adt=1&chd=0&inf=0&trip=RT&cabin=Economy&redemption=true&sort=PRICE%2Casc,71093.84
121,GIG,Rio de Janeiro,Brasil,2026-10-30,booking,62049,1523.3,3,Emiliano Rio,https://www.booking.com/searchresults.pt-br.html?ss=Emiliano+Rio%2C+Rio+de+Janeiro%2C+Estado+do+Rio+de+Janeiro%2C+Brasil&checkin=2026-10-30&checkout=2026-11-02&group_adults=8&no_rooms=4&group_children=1&age=4&selected_currency=BRL,https://www.latamairlines.com/br/pt/oferta-voos?origin=SAO&outbound=2026-11-06T00%3A00%3A00.000Z&destination=SDU&inbound=2026-11-09T00%3A00%3A00.000Z&adt=1&chd=0&inf=0&trip=RT&cabin=Economy&redemption=true&sort=PRICE%2Casc,71188.8
136,RIO,Rio de Janeiro,Brasil,2026-10-30,booking,62049,1523.3,3,Emiliano Rio,https://www.booking.com/searchresults.pt-br.html?ss=Emiliano+Rio%2C+Rio+de+Janeiro%2C+Estado+do+Rio+de+Janeiro%2C+Brasil&checkin=2026-10-30&checkout=2026-11-02&group_adults=8&no_rooms=4&group_children=1&age=4&selected_currency=BRL,https://www.latamairlines.com/br/pt/oferta-voos?origin=SAO&outbound=2026-11-06T00%3A00%3A00.000Z&destination=SDU&inbound=2026-11-09T00%3A00%3A00.000Z&adt=1&chd=0&inf=0&trip=RT&cabin=Economy&redemption=true&sort=PRICE%2Casc,71188.8
109,POA,Porto Alegre,Brazil,2026-10-30,booking,61238,1735.3,3,Castelo Saint Andrews,https://www.booking.com/searchresults.pt-br.html?ss=Castelo+Saint+Andrews%2C+Gramado%2C+Rio+Grande+do+Sul%2C+Brasil&checkin=2026-10-30&checkout=2026-11-02&group_adults=8&no_rooms=4&group_children=1&age=4&selected_currency=BRL,https://www.latamairlines.com/br/pt/oferta-voos?origin=SAO&outbound=2026-11-06T00%3A00%3A00.000Z&destination=SDU&inbound=2026-11-09T00%3A00%3A00.000Z&adt=1&chd=0&inf=0&trip=RT&cabin=Economy&redemption=true&sort=PRICE%2Casc,71649.8
180,SDU,Rio de Janeiro,Brasil,2026-10-30,booking,60824,1809.3,3,Hotel Fasano Angra dos Reis,https://www.booking.com/searchresults.pt-br.html?ss=Hotel+Fasano+Angra+dos+Reis%2C+Angra+dos+Reis%2C+Estado+do+Rio+de+Janeiro%2C+Brasil&checkin=2026-10-30&checkout=2026-11-02&group_adults=8&no_rooms=4&group_children=1&age=4&selected_currency=BRL,https://www.latamairlines.com/br/pt/oferta-voos?origin=SAO&outbound=2026-11-06T00%3A00%3A00.000Z&destination=SDU&inbound=2026-11-09T00%3A00%3A00.000Z&adt=1&chd=0&inf=0&trip=RT&cabin=Economy&redemption=true&sort=PRICE%2Casc,71679.8
125,JJG,Jaguaruna,Brazil,2026-10-30,booking,54022,3030.94,3,Rio do Rastro Eco (92km),https://www.booking.com/searchresults.pt-br.html?ss=Rio+do+Rastro+Eco+Resort%2C+Bom+Jardim+da+Serra%2C+Santa+Catarina&checkin=2026-10-30&checkout=2026-11-02&group_adults=8&no_rooms=4&group_children=1&age=4&selected_currency=BRL,https://www.latamairlines.com/br/pt/oferta-voos?origin=SAO&outbound=2026-11-06T00%3A00%3A00.000Z&destination=SDU&inbound=2026-11-09T00%3A00%3A00.000Z&adt=1&chd=0&inf=0&trip=RT&cabin=Economy&redemption=true&sort=PRICE%2Casc,72207.64
10,BRC,Bariloche,Argentina,2026-10-31,booking,20985,8559.14,2,Llao Llao Resort Golf & Spa,https://www.booking.com/searchresults.pt-br.html?ss=Llao+Llao+Resort%2C+Golf-Spa%2C+San+Carlos+de+Bariloche&checkin=2026-10-31&checkout=2026-11-02&group_adults=8&no_rooms=4&group_children=1&age=4&selected_currency=BRL,https://www.latamairlines.com/br/pt/oferta-voos?origin=SAO&outbound=2026-11-06T00%3A00%3A00.000Z&destination=CNF&inbound=2026-11-09T00%3A00%3A00.000Z&adt=1&chd=0&inf=0&trip=RT&cabin=Economy&redemption=true&sort=PRICE%2Casc,72339.84
125,JJG,Jaguaruna,Brazil,2026-10-30,booking,54418,3030.94,3,Parador Cambará (146km),https://www.booking.com/searchresults.pt-br.html?ss=Parador+Cambar%C3%A1+do+Sul%2C+Cambar%C3%A1%2C+Rio+Grande+do+Sul&checkin=2026-10-30&checkout=2026-11-02&group_adults=8&no_rooms=4&group_children=1&age=4&selected_currency=BRL,https://www.latamairlines.com/br/pt/oferta-voos?origin=SAO&outbound=2026-11-06T00%3A00%3A00.000Z&destination=SDU&inbound=2026-11-09T00%3A00%3A00.000Z&adt=1&chd=0&inf=0&trip=RT&cabin=Economy&redemption=true&sort=PRICE%2Casc,72603.64
204,CJC,Calama,Chile,2026-10-31,booking,55574,2845.02,2,Nayara Alto Atacama,https://www.booking.com/searchresults.pt-br.html?ss=Nayara+Alto+Atacama%2C+San+Pedro+de+Atacama&checkin=2026-10-31&checkout=2026-11-02&group_adults=8&no_rooms=4&group_children=1&age=4&selected_currency=BRL,https://www.latamairlines.com/br/pt/oferta-voos?origin=SAO&outbound=2026-11-06T00%3A00%3A00.000Z&destination=SDU&inbound=2026-11-09T00%3A00%3A00.000Z&adt=1&chd=0&inf=0&trip=RT&cabin=Economy&redemption=true&sort=PRICE%2Casc,72644.12
180,SDU,Rio de Janeiro,Brasil,2026-10-30,booking,62049,1809.3,3,Emiliano Rio,https://www.booking.com/searchresults.pt-br.html?ss=Emiliano+Rio%2C+Rio+de+Janeiro%2C+Estado+do+Rio+de+Janeiro%2C+Brasil&checkin=2026-10-30&checkout=2026-11-02&group_adults=8&no_rooms=4&group_children=1&age=4&selected_currency=BRL,https://www.latamairlines.com/br/pt/oferta-voos?origin=SAO&outbound=2026-11-06T00%3A00%3A00.000Z&destination=SDU&inbound=2026-11-09T00%3A00%3A00.000Z&adt=1&chd=0&inf=0&trip=RT&cabin=Economy&redemption=true&sort=PRICE%2Casc,72904.8
9,BRC,Bariloche,Argentina,2026-10-30,booking,14042,9844.2,3,Nido del Condor Hotel & Spa,https://www.booking.com/searchresults.pt-br.html?ss=Nido+del+C%C3%B3ndor+Hotel+%26+Spa%2C+San+Carlos+de+Bariloche&checkin=2026-10-30&checkout=2026-11-02&group_adults=8&no_rooms=4&group_children=1&age=4&selected_currency=BRL,https://www.latamairlines.com/br/pt/oferta-voos?origin=SAO&outbound=2026-11-06T00%3A00%3A00.000Z&destination=IZA&inbound=2026-11-09T00%3A00%3A00.000Z&adt=1&chd=0&inf=0&trip=RT&cabin=Economy&redemption=true&sort=PRICE%2Casc,73107.20000000001
115,BPS,Porto Seguro,Brazil,2026-10-30,booking,63531,1633.72,3,Uxua Spa,https://www.booking.com/searchresults.pt-br.html?ss=UXUA+Casa+Hotel+%26+Spa&checkin=2026-10-30&checkout=2026-11-02&group_adults=8&no_rooms=4&group_children=1&age=4&selected_currency=BRL,https://www.latamairlines.com/br/pt/oferta-voos?origin=SAO&outbound=2026-11-06T00%3A00%3A00.000Z&destination=SDU&inbound=2026-11-09T00%3A00%3A00.000Z&adt=1&chd=0&inf=0&trip=RT&cabin=Economy&redemption=true&sort=PRICE%2Casc,73333.32
9,BRC,Bariloche,Argentina,2026-10-30,booking,14996,9844.2,3,La Cascada Casa Patagónica by DON,https://www.booking.com/searchresults.pt-br.html?ss=La+Cascada+Casa+Patag%C3%B3nica+by+DON%2C+San+Carlos+de+Bariloche&checkin=2026-10-30&checkout=2026-11-02&group_adults=8&no_rooms=4&group_children=1&age=4&selected_currency=BRL,https://www.latamairlines.com/br/pt/oferta-voos?origin=SAO&outbound=2026-11-06T00%3A00%3A00.000Z&destination=IZA&inbound=2026-11-09T00%3A00%3A00.000Z&adt=1&chd=0&inf=0&trip=RT&cabin=Economy&redemption=true&sort=PRICE%2Casc,74061.20000000001
214,PNT,Puerto Natales,Chile,2026-10-31,booking,51849,3753.96,2,Kau Rio Serrano,https://www.booking.com/searchresults.pt-br.html?ss=Kau+Rio+Serrano%2C+Torres+del+Paine%2C+Magallanes%2C+Chile&checkin=2026-10-31&checkout=2026-11-02&group_adults=8&no_rooms=4&group_children=1&age=4&selected_currency=BRL,https://www.latamairlines.com/br/pt/oferta-voos?origin=SAO&outbound=2026-11-06T00%3A00%3A00.000Z&destination=SDU&inbound=2026-11-09T00%3A00%3A00.000Z&adt=1&chd=0&inf=0&trip=RT&cabin=Economy&redemption=true&sort=PRICE%2Casc,74372.76000000001
338,GUA,Cidade da Guatemala,Guatemala,2026-10-31,booking,22283,8685.28,2,Las Lagunas Boutique Hotel,https://www.booking.com/searchresults.pt-br.html?ss=Las+Lagunas+Boutique+Hotel%2C+Flores%2C+Peten%2C+Guatemala&checkin=2026-10-31&checkout=2026-11-02&group_adults=8&no_rooms=4&group_children=1&age=4&selected_currency=BRL,https://www.latamairlines.com/br/pt/oferta-voos?origin=SAO&outbound=2026-11-06T00%3A00%3A00.000Z&destination=SDU&inbound=2026-11-09T00%3A00%3A00.000Z&adt=1&chd=0&inf=0&trip=RT&cabin=Economy&redemption=true&sort=PRICE%2Casc,74394.68000000001
211,LSC,La Serena,Chile,2026-10-30,booking,60843,2291.3,3,Hotel Dorys de Lourdes,https://sp.booking.com/searchresults.pt-br.html?ss=Hotel+Dorys+de+Lourdes%2C+Pisco+Elqui%2C+Coquimbo+Region%2C+Chile&checkin=2026-10-30&checkout=2026-11-02&group_adults=8&no_rooms=4&group_children=1&age=4&selected_currency=BRL,https://www.latamairlines.com/br/pt/oferta-voos?origin=SAO&outbound=2026-11-06T00%3A00%3A00.000Z&destination=SDU&inbound=2026-11-09T00%3A00%3A00.000Z&adt=1&chd=0&inf=0&trip=RT&cabin=Economy&redemption=true&sort=PRICE%2Casc,74590.8
160,IOS,Ilhéus,Brazil,2026-10-30,booking,61811,2263.3,3,Barracuda,https://www.booking.com/searchresults.pt-br.html?ss=Barracuda+Hotel+%26+Villas&checkin=2026-10-30&checkout=2026-11-02&group_adults=8&no_rooms=4&group_children=1&age=4&selected_currency=BRL,https://www.latamairlines.com/br/pt/oferta-voos?origin=SAO&outbound=2026-11-06T00%3A00%3A00.000Z&destination=SDU&inbound=2026-11-09T00%3A00%3A00.000Z&adt=1&chd=0&inf=0&trip=RT&cabin=Economy&redemption=true&sort=PRICE%2Casc,75390.8
144,UDI,Uberlândia,Brazil,2026-10-30,booking,68731,1144.56,3,Hotel Turismo 8.7 (Rio Quente Resort),https://www.booking.com/searchresults.pt-br.html?ss=Rio+Quente+Resorts+-+Hotel+Turismo%2C+Rio+Quente&checkin=2026-10-30&checkout=2026-11-02&group_adults=8&no_rooms=4&group_children=1&age=4&selected_currency=BRL,https://www.latamairlines.com/br/pt/oferta-voos?origin=SAO&outbound=2026-11-06T00%3A00%3A00.000Z&destination=SDU&inbound=2026-11-09T00%3A00%3A00.000Z&adt=1&chd=0&inf=0&trip=RT&cabin=Economy&redemption=true&sort=PRICE%2Casc,75598.36
142,IGU,Foz do Iguaçu,Brazil,2026-10-30,booking,64267,1890.08,3,Belmond Cataratas,https://www.booking.com/searchresults.pt-br.html?ss=Hotel+das+Cataratas%2C+A+Belmond+Hotel&checkin=2026-10-30&checkout=2026-11-02&group_adults=8&no_rooms=4&group_children=1&age=4&selected_currency=BRL,https://www.latamairlines.com/br/pt/oferta-voos?origin=SAO&outbound=2026-11-06T00%3A00%3A00.000Z&destination=SDU&inbound=2026-11-09T00%3A00%3A00.000Z&adt=1&chd=0&inf=0&trip=RT&cabin=Economy&redemption=true&sort=PRICE%2Casc,75607.48
6,USH,Ushuaia,Argentina,2026-10-30,booking,31289,7391.66,3,Los Cauquenes Resort,https://www.booking.com/searchresults.pt-br.html?ss=Los+Cauquenes+Resort+%2B+Spa+%2B+Experiences%2C+Ushuaia%2C+Terra+do+Fogo%2C+Argentina&checkin=2026-10-30&checkout=2026-11-02&group_adults=8&no_rooms=4&group_children=1&age=4&selected_currency=BRL,https://www.latamairlines.com/br/pt/oferta-voos?origin=SAO&outbound=2026-11-06T00%3A00%3A00.000Z&destination=FOR&inbound=2026-11-09T00%3A00%3A00.000Z&adt=1&chd=0&inf=0&trip=RT&cabin=Economy&redemption=true&sort=PRICE%2Casc,75638.95999999999
176,MCZ,Maceió,Brazil,2026-10-30,booking,62845,2213.3,3,Kenoa,https://www.booking.com/searchresults.pt-br.html?ss=Kenoa+Exclusive+Beach+Spa+%26+Resort&checkin=2026-10-30&checkout=2026-11-02&group_adults=8&no_rooms=4&group_children=1&age=4&selected_currency=BRL,https://www.latamairlines.com/br/pt/oferta-voos?origin=SAO&outbound=2026-11-06T00%3A00%3A00.000Z&destination=SDU&inbound=2026-11-09T00%3A00%3A00.000Z&adt=1&chd=0&inf=0&trip=RT&cabin=Economy&redemption=true&sort=PRICE%2Casc,76124.8
158,GYN,Goiânia,Brazil,2026-10-30,booking,68731,1268.08,3,Hotel Turismo 8.7 (Rio Quente Resort),https://www.booking.com/searchresults.pt-br.html?ss=Rio+Quente+Resorts+-+Hotel+Turismo%2C+Rio+Quente&checkin=2026-10-30&checkout=2026-11-02&group_adults=8&no_rooms=4&group_children=1&age=4&selected_currency=BRL,https://www.latamairlines.com/br/pt/oferta-voos?origin=SAO&outbound=2026-11-06T00%3A00%3A00.000Z&destination=SDU&inbound=2026-11-09T00%3A00%3A00.000Z&adt=1&chd=0&inf=0&trip=RT&cabin=Economy&redemption=true&sort=PRICE%2Casc,76339.48
4,MDZ,Mendoza,Argentina,2026-10-30,booking,58329,3083.44,3,Chozos Resort,https://www.booking.com/searchresults.pt-br.html?ss=Chozos+Resort%2C+Agrelo%2C+Prov%C3%ADncia+de+Mendoza%2C+Argentina&checkin=2026-10-30&checkout=2026-11-02&group_adults=8&no_rooms=4&group_children=1&age=4&selected_currency=BRL,https://www.latamairlines.com/br/pt/oferta-voos?origin=SAO&outbound=2026-11-06T00%3A00%3A00.000Z&destination=PET&inbound=2026-11-09T00%3A00%3A00.000Z&adt=1&chd=0&inf=0&trip=RT&cabin=Economy&redemption=true&sort=PRICE%2Casc,76829.64
88,MAO,Manaus,Brazil,2026-10-31,booking,64773,2031.3,2,Juma Amazon,https://www.booking.com/searchresults.pt-br.html?ss=Juma+Amazon+Lodge&checkin=2026-10-31&checkout=2026-11-02&group_adults=8&no_rooms=4&group_children=1&age=4&selected_currency=BRL,https://www.latamairlines.com/br/pt/oferta-voos?origin=SAO&outbound=2026-11-06T00%3A00%3A00.000Z&destination=SDU&inbound=2026-11-09T00%3A00%3A00.000Z&adt=1&chd=0&inf=0&trip=RT&cabin=Economy&redemption=true&sort=PRICE%2Casc,76960.8
558,CNQ,Corrientes,Argentina,2026-10-30,booking,43972,5644.24,3,El Tránsito Hotel Boutique,https://www.booking.com/searchresults.pt-br.html?ss=El+Tr%C3%A1nsito+Hotel+Boutique%2C+Concepci%C3%B3n&checkin=2026-10-30&checkout=2026-11-02&group_adults=8&no_rooms=4&group_children=1&age=4&selected_currency=BRL,https://www.latamairlines.com/br/pt/oferta-voos?origin=SAO&outbound=2026-11-06T00%3A00%3A00.000Z&destination=SDU&inbound=2026-11-09T00%3A00%3A00.000Z&adt=1&chd=0&inf=0&trip=RT&cabin=Economy&redemption=true&sort=PRICE%2Casc,77837.44
7,USH,Ushuaia,Argentina,2026-10-31,booking,20526,9635.24,2,Los Cauquenes Resort,https://www.booking.com/searchresults.pt-br.html?ss=Los+Cauquenes+Resort+%2B+Spa+%2B+Experiences%2C+Ushuaia%2C+Terra+do+Fogo%2C+Argentina&checkin=2026-10-31&checkout=2026-11-02&group_adults=8&no_rooms=4&group_children=1&age=4&selected_currency=BRL,https://www.latamairlines.com/br/pt/oferta-voos?origin=SAO&outbound=2026-11-06T00%3A00%3A00.000Z&destination=SSA&inbound=2026-11-09T00%3A00%3A00.000Z&adt=1&chd=0&inf=0&trip=RT&cabin=Economy&redemption=true&sort=PRICE%2Casc,78337.44
17,BUE,Unknown,Unknown,2026-10-30,booking,56780,3637.16,3,Casa Lucia Member of Melia Collection,https://www.booking.com/searchresults.pt-br.html?ss=Casa+Lucia+Member+of+Melia+Collection%2C+Buenos+Aires%2C+Argentina&checkin=2026-10-30&checkout=2026-11-02&group_adults=8&no_rooms=4&group_children=1&age=4&selected_currency=BRL,https://www.latamairlines.com/br/pt/oferta-voos?origin=SAO&outbound=2026-11-06T00%3A00%3A00.000Z&destination=NVT&inbound=2026-11-09T00%3A00%3A00.000Z&adt=1&chd=0&inf=0&trip=RT&cabin=Economy&redemption=true&sort=PRICE%2Casc,78602.95999999999
19,EZE,Unknown,Unknown,2026-10-30,booking,56780,3637.16,3,Casa Lucia Member of Melia Collection,https://www.booking.com/searchresults.pt-br.html?ss=Casa+Lucia+Member+of+Melia+Collection%2C+Buenos+Aires%2C+Argentina&checkin=2026-10-30&checkout=2026-11-02&group_adults=8&no_rooms=4&group_children=1&age=4&selected_currency=BRL,https://www.latamairlines.com/br/pt/oferta-voos?origin=SAO&outbound=2026-11-06T00%3A00%3A00.000Z&destination=CXJ&inbound=2026-11-09T00%3A00%3A00.000Z&adt=1&chd=0&inf=0&trip=RT&cabin=Economy&redemption=true&sort=PRICE%2Casc,78602.95999999999
2,AEP,Buenos Aires,Argentina,2026-10-30,booking,56780,3637.16,3,Casa Lucia Member of Melia Collection,https://www.booking.com/searchresults.pt-br.html?ss=Casa+Lucia+Member+of+Melia+Collection%2C+Buenos+Aires%2C+Argentina&checkin=2026-10-30&checkout=2026-11-02&group_adults=8&no_rooms=4&group_children=1&age=4&selected_currency=BRL,https://www.latamairlines.com/br/pt/oferta-voos?origin=SAO&outbound=2026-11-06T00%3A00%3A00.000Z&destination=CAC&inbound=2026-11-09T00%3A00%3A00.000Z&adt=1&chd=0&inf=0&trip=RT&cabin=Economy&redemption=true&sort=PRICE%2Casc,78602.95999999999
87,MAO,Manaus,Brazil,2026-10-30,booking,67518,2031.3,3,Poranga Jungle,https://www.booking.com/searchresults.pt-br.html?ss=Ponta+Poranga+Jungle+Lodge&checkin=2026-10-30&checkout=2026-11-02&group_adults=8&no_rooms=4&group_children=1&age=4&selected_currency=BRL,https://www.latamairlines.com/br/pt/oferta-voos?origin=SAO&outbound=2026-11-06T00%3A00%3A00.000Z&destination=SDU&inbound=2026-11-09T00%3A00%3A00.000Z&adt=1&chd=0&inf=0&trip=RT&cabin=Economy&redemption=true&sort=PRICE%2Casc,79705.8
7,USH,Ushuaia,Argentina,2026-10-31,booking,24917,9635.24,2,Arakur Ushuaia Resort & Spa,https://www.booking.com/searchresults.pt-br.html?ss=Arakur+Ushuaia+Resort+%26+Spa%2C+Ushuaia%2C+Terra+do+Fogo+%28Ushuaia+Ski%29%2C+Argentina&checkin=2026-10-31&checkout=2026-11-02&group_adults=8&no_rooms=4&group_children=1&age=4&selected_currency=BRL,https://www.latamairlines.com/br/pt/oferta-voos?origin=SAO&outbound=2026-11-06T00%3A00%3A00.000Z&destination=SSA&inbound=2026-11-09T00%3A00%3A00.000Z&adt=1&chd=0&inf=0&trip=RT&cabin=Economy&redemption=true&sort=PRICE%2Casc,82728.44
6,USH,Ushuaia,Argentina,2026-10-30,booking,38467,7391.66,3,Arakur Ushuaia Resort & Spa,https://www.booking.com/searchresults.pt-br.html?ss=Arakur+Ushuaia+Resort+%26+Spa%2C+Ushuaia%2C+Terra+do+Fogo+%28Ushuaia+Ski%29%2C+Argentina&checkin=2026-10-30&checkout=2026-11-02&group_adults=8&no_rooms=4&group_children=1&age=4&selected_currency=BRL,https://www.latamairlines.com/br/pt/oferta-voos?origin=SAO&outbound=2026-11-06T00%3A00%3A00.000Z&destination=FOR&inbound=2026-11-09T00%3A00%3A00.000Z&adt=1&chd=0&inf=0&trip=RT&cabin=Economy&redemption=true&sort=PRICE%2Casc,82816.95999999999
101,CXJ,Caxias do Sul,Brazil,2026-10-30,booking,61238,3629.3,3,Castelo Saint Andrews,https://www.booking.com/searchresults.pt-br.html?ss=Castelo+Saint+Andrews%2C+Gramado%2C+Rio+Grande+do+Sul%2C+Brasil&checkin=2026-10-30&checkout=2026-11-02&group_adults=8&no_rooms=4&group_children=1&age=4&selected_currency=BRL,https://www.latamairlines.com/br/pt/oferta-voos?origin=SAO&outbound=2026-11-06T00%3A00%3A00.000Z&destination=SDU&inbound=2026-11-09T00%3A00%3A00.000Z&adt=1&chd=0&inf=0&trip=RT&cabin=Economy&redemption=true&sort=PRICE%2Casc,83013.8
337,GUA,Cidade da Guatemala,Guatemala,2026-10-30,booking,13035,11694.18,3,Adriatika Hotel,https://www.booking.com/searchresults.pt-br.html?ss=Adriatika+Hotel+%26+Residence%2C+Guatemala&checkin=2026-10-30&checkout=2026-11-02&group_adults=8&no_rooms=4&group_children=1&age=4&selected_currency=BRL,https://www.latamairlines.com/br/pt/oferta-voos?origin=SAO&outbound=2026-11-06T00%3A00%3A00.000Z&destination=SDU&inbound=2026-11-09T00%3A00%3A00.000Z&adt=1&chd=0&inf=0&trip=RT&cabin=Economy&redemption=true&sort=PRICE%2Casc,83200.08
337,GUA,Cidade da Guatemala,Guatemala,2026-10-30,booking,13424,11694.18,3,Hyatt Centric Guatemala,https://www.booking.com/searchresults.pt-br.html?ss=Hyatt+Centric+Guatemala+City%2C+Guatemala%2C+Guatemala&checkin=2026-10-30&checkout=2026-11-02&group_adults=8&no_rooms=4&group_children=1&age=4&selected_currency=BRL,https://www.latamairlines.com/br/pt/oferta-voos?origin=SAO&outbound=2026-11-06T00%3A00%3A00.000Z&destination=SDU&inbound=2026-11-09T00%3A00%3A00.000Z&adt=1&chd=0&inf=0&trip=RT&cabin=Economy&redemption=true&sort=PRICE%2Casc,83589.08
176,MCZ,Maceió,Brazil,2026-10-30,booking,70567,2213.3,3,Paru Boutique,https://www.booking.com/searchresults.pt-br.html?ss=Paru+Boutique+Hotel&checkin=2026-10-30&checkout=2026-11-02&group_adults=8&no_rooms=4&group_children=1&age=4&selected_currency=BRL,https://www.latamairlines.com/br/pt/oferta-voos?origin=SAO&outbound=2026-11-06T00%3A00%3A00.000Z&destination=SDU&inbound=2026-11-09T00%3A00%3A00.000Z&adt=1&chd=0&inf=0&trip=RT&cabin=Economy&redemption=true&sort=PRICE%2Casc,83846.8
337,GUA,Cidade da Guatemala,Guatemala,2026-10-30,booking,14762,11694.18,3,Tikal Futura Hotel ,https://www.booking.com/searchresults.pt-br.html?ss=Tikal+Futura+Hotel+%26+Convention+Center%2C+Guatemala&checkin=2026-10-30&checkout=2026-11-02&group_adults=8&no_rooms=4&group_children=1&age=4&selected_currency=BRL,https://www.latamairlines.com/br/pt/oferta-voos?origin=SAO&outbound=2026-11-06T00%3A00%3A00.000Z&destination=SDU&inbound=2026-11-09T00%3A00%3A00.000Z&adt=1&chd=0&inf=0&trip=RT&cabin=Economy&redemption=true&sort=PRICE%2Casc,84927.08
76,FEN,Fernando de Noronha,Brazil,2026-10-30,booking,64450,3417.3,3,Morena 3s,https://www.booking.com/searchresults.pt-br.html?ss=Pousada+Morena%2C+Fernando+de+Noronha&checkin=2026-10-30&checkout=2026-11-02&group_adults=8&no_rooms=4&group_children=1&age=4&selected_currency=BRL,https://www.latamairlines.com/br/pt/oferta-voos?origin=SAO&outbound=2026-11-06T00%3A00%3A00.000Z&destination=SDU&inbound=2026-11-09T00%3A00%3A00.000Z&adt=1&chd=0&inf=0&trip=RT&cabin=Economy&redemption=true&sort=PRICE%2Casc,84953.8
217,PUQ,Punta Arenas,Chile,2026-10-30,booking,70971,2374.88,3,Río Serrano Hotel + Spa,https://www.booking.com/searchresults.pt-br.html?ss=R%C3%ADo+Serrano+Hotel+%2B+Spa%2C+Torres+del+Paine%2C+Magallanes%2C+Chile&checkin=2026-10-30&checkout=2026-11-02&group_adults=8&no_rooms=4&group_children=1&age=4&selected_currency=BRL,https://www.latamairlines.com/br/pt/oferta-voos?origin=SAO&outbound=2026-11-06T00%3A00%3A00.000Z&destination=SDU&inbound=2026-11-09T00%3A00%3A00.000Z&adt=1&chd=0&inf=0&trip=RT&cabin=Economy&redemption=true&sort=PRICE%2Casc,85220.28
136,RIO,Rio de Janeiro,Brasil,2026-10-30,booking,76970,1523.3,3,Santa Teresa Hotel Rio de Janeiro,https://www.booking.com/searchresults.pt-br.html?ss=Santa+Teresa+Hotel+Rio+de+Janeiro+-+MGallery+Collection%2C+Rio+de+Janeiro%2C+Estado+do+Rio+de+Janeiro%2C+Brasil&checkin=2026-10-30&checkout=2026-11-02&group_adults=8&no_rooms=4&group_children=1&age=4&selected_currency=BRL,https://www.latamairlines.com/br/pt/oferta-voos?origin=SAO&outbound=2026-11-06T00%3A00%3A00.000Z&destination=SDU&inbound=2026-11-09T00%3A00%3A00.000Z&adt=1&chd=0&inf=0&trip=RT&cabin=Economy&redemption=true&sort=PRICE%2Casc,86109.8
121,GIG,Rio de Janeiro,Brasil,2026-10-30,booking,76970,1523.3,3,Santa Teresa Hotel Rio de Janeiro,https://www.booking.com/searchresults.pt-br.html?ss=Santa+Teresa+Hotel+Rio+de+Janeiro+-+MGallery+Collection%2C+Rio+de+Janeiro%2C+Estado+do+Rio+de+Janeiro%2C+Brasil&checkin=2026-10-30&checkout=2026-11-02&group_adults=8&no_rooms=4&group_children=1&age=4&selected_currency=BRL,https://www.latamairlines.com/br/pt/oferta-voos?origin=SAO&outbound=2026-11-06T00%3A00%3A00.000Z&destination=SDU&inbound=2026-11-09T00%3A00%3A00.000Z&adt=1&chd=0&inf=0&trip=RT&cabin=Economy&redemption=true&sort=PRICE%2Casc,86109.8
136,RIO,Rio de Janeiro,Brasil,2026-10-30,booking,77995,1523.3,3,Hotel Fasano Rio de Janeiro,https://www.booking.com/searchresults.pt-br.html?ss=Hotel+Fasano+Rio+de+Janeiro%2C+Rio+de+Janeiro%2C+Estado+do+Rio+de+Janeiro%2C+Brasil&checkin=2026-10-30&checkout=2026-11-02&group_adults=8&no_rooms=4&group_children=1&age=4&selected_currency=BRL,https://www.latamairlines.com/br/pt/oferta-voos?origin=SAO&outbound=2026-11-06T00%3A00%3A00.000Z&destination=SDU&inbound=2026-11-09T00%3A00%3A00.000Z&adt=1&chd=0&inf=0&trip=RT&cabin=Economy&redemption=true&sort=PRICE%2Casc,87134.8
121,GIG,Rio de Janeiro,Brasil,2026-10-30,booking,77995,1523.3,3,Hotel Fasano Rio de Janeiro,https://www.booking.com/searchresults.pt-br.html?ss=Hotel+Fasano+Rio+de+Janeiro%2C+Rio+de+Janeiro%2C+Estado+do+Rio+de+Janeiro%2C+Brasil&checkin=2026-10-30&checkout=2026-11-02&group_adults=8&no_rooms=4&group_children=1&age=4&selected_currency=BRL,https://www.latamairlines.com/br/pt/oferta-voos?origin=SAO&outbound=2026-11-06T00%3A00%3A00.000Z&destination=SDU&inbound=2026-11-09T00%3A00%3A00.000Z&adt=1&chd=0&inf=0&trip=RT&cabin=Economy&redemption=true&sort=PRICE%2Casc,87134.8
9,BRC,Bariloche,Argentina,2026-10-30,booking,28683,9844.2,3,Correntoso Lake & River Hotel,https://www.booking.com/searchresults.pt-br.html?ss=Correntoso+Lake+%26+River+Hotel%2C+Villa+La+Angostura%2C+Prov%C3%ADncia+de+Neuqu%C3%A9n+%28Road+of+the+7+Lakes%29%2C+Argentina&checkin=2026-10-30&checkout=2026-11-02&group_adults=8&no_rooms=4&group_children=1&age=4&selected_currency=BRL,https://www.latamairlines.com/br/pt/oferta-voos?origin=SAO&outbound=2026-11-06T00%3A00%3A00.000Z&destination=IZA&inbound=2026-11-09T00%3A00%3A00.000Z&adt=1&chd=0&inf=0&trip=RT&cabin=Economy&redemption=true&sort=PRICE%2Casc,87748.20000000001
180,SDU,Rio de Janeiro,Brasil,2026-10-30,booking,76970,1809.3,3,Santa Teresa Hotel Rio de Janeiro,https://www.booking.com/searchresults.pt-br.html?ss=Santa+Teresa+Hotel+Rio+de+Janeiro+-+MGallery+Collection%2C+Rio+de+Janeiro%2C+Estado+do+Rio+de+Janeiro%2C+Brasil&checkin=2026-10-30&checkout=2026-11-02&group_adults=8&no_rooms=4&group_children=1&age=4&selected_currency=BRL,https://www.latamairlines.com/br/pt/oferta-voos?origin=SAO&outbound=2026-11-06T00%3A00%3A00.000Z&destination=SDU&inbound=2026-11-09T00%3A00%3A00.000Z&adt=1&chd=0&inf=0&trip=RT&cabin=Economy&redemption=true&sort=PRICE%2Casc,87825.8
160,IOS,Ilhéus,Brazil,2026-10-30,booking,74952,2263.3,3,Txai,https://www.booking.com/searchresults.pt-br.html?ss=Txai+Resort%2C+Itacar%C3%A9&checkin=2026-10-30&checkout=2026-11-02&group_adults=8&no_rooms=4&group_children=1&age=4&selected_currency=BRL,https://www.latamairlines.com/br/pt/oferta-voos?origin=SAO&outbound=2026-11-06T00%3A00%3A00.000Z&destination=SDU&inbound=2026-11-09T00%3A00%3A00.000Z&adt=1&chd=0&inf=0&trip=RT&cabin=Economy&redemption=true&sort=PRICE%2Casc,88531.8
180,SDU,Rio de Janeiro,Brasil,2026-10-30,booking,77995,1809.3,3,Hotel Fasano Rio de Janeiro,https://www.booking.com/searchresults.pt-br.html?ss=Hotel+Fasano+Rio+de+Janeiro%2C+Rio+de+Janeiro%2C+Estado+do+Rio+de+Janeiro%2C+Brasil&checkin=2026-10-30&checkout=2026-11-02&group_adults=8&no_rooms=4&group_children=1&age=4&selected_currency=BRL,https://www.latamairlines.com/br/pt/oferta-voos?origin=SAO&outbound=2026-11-06T00%3A00%3A00.000Z&destination=SDU&inbound=2026-11-09T00%3A00%3A00.000Z&adt=1&chd=0&inf=0&trip=RT&cabin=Economy&redemption=true&sort=PRICE%2Casc,88850.8
213,PNT,Puerto Natales,Chile,2026-10-30,booking,70971,3053.96,3,Río Serrano Hotel + Spa,https://www.booking.com/searchresults.pt-br.html?ss=R%C3%ADo+Serrano+Hotel+%2B+Spa%2C+Torres+del+Paine%2C+Magallanes%2C+Chile&checkin=2026-10-30&checkout=2026-11-02&group_adults=8&no_rooms=4&group_children=1&age=4&selected_currency=BRL,https://www.latamairlines.com/br/pt/oferta-voos?origin=SAO&outbound=2026-11-06T00%3A00%3A00.000Z&destination=SDU&inbound=2026-11-09T00%3A00%3A00.000Z&adt=1&chd=0&inf=0&trip=RT&cabin=Economy&redemption=true&sort=PRICE%2Casc,89294.76000000001
85,CNF,Belo Horizonte,Brazil,2026-10-30,booking,83505,972.08,3,Clara Arte Inhotim,https://www.booking.com/searchresults.pt-br.html?ss=Clara+Arte%2C+Brumadinho%2C+Minas+Gerais&checkin=2026-10-30&checkout=2026-11-02&group_adults=8&no_rooms=4&group_children=1&age=4&selected_currency=BRL,https://www.latamairlines.com/br/pt/oferta-voos?origin=SAO&outbound=2026-11-06T00%3A00%3A00.000Z&destination=SDU&inbound=2026-11-09T00%3A00%3A00.000Z&adt=1&chd=0&inf=0&trip=RT&cabin=Economy&redemption=true&sort=PRICE%2Casc,89337.48
115,BPS,Porto Seguro,Brazil,2026-10-30,booking,80096,1633.72,3,Pousada Estrela D' Água,https://www.booking.com/searchresults.pt-br.html?ss=Pousada+Estrela+D%27+%C3%81gua%2C+Trancoso%2C+Bahia%2C+Brasil&checkin=2026-10-30&checkout=2026-11-02&group_adults=8&no_rooms=4&group_children=1&age=4&selected_currency=BRL,https://www.latamairlines.com/br/pt/oferta-voos?origin=SAO&outbound=2026-11-06T00%3A00%3A00.000Z&destination=SDU&inbound=2026-11-09T00%3A00%3A00.000Z&adt=1&chd=0&inf=0&trip=RT&cabin=Economy&redemption=true&sort=PRICE%2Casc,89898.32
79,SSA,Salvador,Brazil,2026-10-30,booking,78000,2024.08,3,Mansão de Luxo em Praia do Forte,https://www.booking.com/searchresults.pt-br.html?ss=Mans%C3%A3o+de+Luxo+em+Praia+do+Forte+com+Acesso+%C3%A0+Praia%2C+Mata+de+S%C3%A3o+Jo%C3%A3o%2C+Bahia+%28Nordeste+do+Brasil%29%2C+Brasil&checkin=2026-10-30&checkout=2026-11-02&group_adults=8&no_rooms=4&group_children=1&age=4&selected_currency=BRL,https://www.latamairlines.com/br/pt/oferta-voos?origin=SAO&outbound=2026-11-06T00%3A00%3A00.000Z&destination=SDU&inbound=2026-11-09T00%3A00%3A00.000Z&adt=1&chd=0&inf=0&trip=RT&cabin=Economy&redemption=true&sort=PRICE%2Casc,90144.48
859,MVD,Montevidéu,Uruguay,2026-10-30,booking,77485,2143.14,3,Hotel Fasano Punta del Este,https://www.booking.com/searchresults.pt-br.html?ss=Hotel+Fasano+Punta+del+Este%2C+Punta+del+Este%2C+Maldonado%2C+Uruguai&checkin=2026-10-30&checkout=2026-11-02&group_adults=8&no_rooms=4&group_children=1&age=4&selected_currency=BRL,https://www.latamairlines.com/br/pt/oferta-voos?origin=SAO&outbound=2026-11-06T00%3A00%3A00.000Z&destination=SDU&inbound=2026-11-09T00%3A00%3A00.000Z&adt=1&chd=0&inf=0&trip=RT&cabin=Economy&redemption=true&sort=PRICE%2Casc,90343.84
9,BRC,Bariloche,Argentina,2026-10-30,booking,32150,9844.2,3,Llao Llao Resort Golf & Spa,https://www.booking.com/searchresults.pt-br.html?ss=Llao+Llao+Resort%2C+Golf-Spa%2C+San+Carlos+de+Bariloche&checkin=2026-10-30&checkout=2026-11-02&group_adults=8&no_rooms=4&group_children=1&age=4&selected_currency=BRL,https://www.latamairlines.com/br/pt/oferta-voos?origin=SAO&outbound=2026-11-06T00%3A00%3A00.000Z&destination=IZA&inbound=2026-11-09T00%3A00%3A00.000Z&adt=1&chd=0&inf=0&trip=RT&cabin=Economy&redemption=true&sort=PRICE%2Casc,91215.20000000001
115,BPS,Porto Seguro,Brazil,2026-10-30,booking,83790,1633.72,3,Amaia Trancoso Hotel,https://www.booking.com/searchresults.pt-br.html?ss=Amaia+Trancoso+Hotel%2C+Trancoso%2C+Bahia%2C+Brasil&checkin=2026-10-30&checkout=2026-11-02&group_adults=8&no_rooms=4&group_children=1&age=4&selected_currency=BRL,https://www.latamairlines.com/br/pt/oferta-voos?origin=SAO&outbound=2026-11-06T00%3A00%3A00.000Z&destination=SDU&inbound=2026-11-09T00%3A00%3A00.000Z&adt=1&chd=0&inf=0&trip=RT&cabin=Economy&redemption=true&sort=PRICE%2Casc,93592.32
337,GUA,Cidade da Guatemala,Guatemala,2026-10-30,booking,23699,11694.18,3,Bolontiku Boutique Hotel,https://www.booking.com/searchresults.pt-br.html?ss=Bolontiku+Boutique+Hotel+Member+of+the+Cayuga+Collection%2C+Flores%2C+Peten%2C+Guatemala&checkin=2026-10-30&checkout=2026-11-02&group_adults=8&no_rooms=4&group_children=1&age=4&selected_currency=BRL,https://www.latamairlines.com/br/pt/oferta-voos?origin=SAO&outbound=2026-11-06T00%3A00%3A00.000Z&destination=SDU&inbound=2026-11-09T00%3A00%3A00.000Z&adt=1&chd=0&inf=0&trip=RT&cabin=Economy&redemption=true&sort=PRICE%2Casc,93864.08
115,BPS,Porto Seguro,Brazil,2026-10-30,booking,85037,1633.72,3,Fasano Trancoso,https://www.booking.com/searchresults.pt-br.html?ss=Hotel+Fasano+Trancoso&checkin=2026-10-30&checkout=2026-11-02&group_adults=8&no_rooms=4&group_children=1&age=4&selected_currency=BRL,https://www.latamairlines.com/br/pt/oferta-voos?origin=SAO&outbound=2026-11-06T00%3A00%3A00.000Z&destination=SDU&inbound=2026-11-09T00%3A00%3A00.000Z&adt=1&chd=0&inf=0&trip=RT&cabin=Economy&redemption=true&sort=PRICE%2Casc,94839.32
70,CAC,Cascavel,Brazil,2026-10-30,booking,90094,1095.3,3,Gran Melia (ARG),https://www.booking.com/searchresults.pt-br.html?ss=Gran+Meli%C3%A1+Iguaz%C3%BA%2C+Puerto+Iguaz%C3%BA%2C+Misiones%2C+Argentina&checkin=2026-10-30&checkout=2026-11-02&group_adults=8&no_rooms=4&group_children=1&age=4&selected_currency=BRL,https://www.latamairlines.com/br/pt/oferta-voos?origin=SAO&outbound=2026-11-06T00%3A00%3A00.000Z&destination=SDU&inbound=2026-11-09T00%3A00%3A00.000Z&adt=1&chd=0&inf=0&trip=RT&cabin=Economy&redemption=true&sort=PRICE%2Casc,96665.8
337,GUA,Cidade da Guatemala,Guatemala,2026-10-30,booking,26909,11694.18,3,Las Lagunas Boutique Hotel,https://www.booking.com/searchresults.pt-br.html?ss=Las+Lagunas+Boutique+Hotel%2C+Flores%2C+Peten%2C+Guatemala&checkin=2026-10-30&checkout=2026-11-02&group_adults=8&no_rooms=4&group_children=1&age=4&selected_currency=BRL,https://www.latamairlines.com/br/pt/oferta-voos?origin=SAO&outbound=2026-11-06T00%3A00%3A00.000Z&destination=SDU&inbound=2026-11-09T00%3A00%3A00.000Z&adt=1&chd=0&inf=0&trip=RT&cabin=Economy&redemption=true&sort=PRICE%2Casc,97074.08
203,CJC,Calama,Chile,2026-10-30,booking,84616,2468.9,3,Nayara Alto Atacama,https://www.booking.com/searchresults.pt-br.html?ss=Nayara+Alto+Atacama%2C+San+Pedro+de+Atacama&checkin=2026-10-30&checkout=2026-11-02&group_adults=8&no_rooms=4&group_children=1&age=4&selected_currency=BRL,https://www.latamairlines.com/br/pt/oferta-voos?origin=SAO&outbound=2026-11-06T00%3A00%3A00.000Z&destination=SDU&inbound=2026-11-09T00%3A00%3A00.000Z&adt=1&chd=0&inf=0&trip=RT&cabin=Economy&redemption=true&sort=PRICE%2Casc,99429.4
142,IGU,Foz do Iguaçu,Brazil,2026-10-30,booking,90094,1890.08,3,Gran Melia (ARG),https://www.booking.com/searchresults.pt-br.html?ss=Gran+Meli%C3%A1+Iguaz%C3%BA%2C+Puerto+Iguaz%C3%BA%2C+Misiones%2C+Argentina&checkin=2026-10-30&checkout=2026-11-02&group_adults=8&no_rooms=4&group_children=1&age=4&selected_currency=BRL,https://www.latamairlines.com/br/pt/oferta-voos?origin=SAO&outbound=2026-11-06T00%3A00%3A00.000Z&destination=SDU&inbound=2026-11-09T00%3A00%3A00.000Z&adt=1&chd=0&inf=0&trip=RT&cabin=Economy&redemption=true&sort=PRICE%2Casc,101434.48
74,PET,Pelotas,Brazil,2026-10-30,booking,68731,6445.12,3,Hotel Turismo 8.7 (Rio Quente Resort),https://www.booking.com/searchresults.pt-br.html?ss=Rio+Quente+Resorts+-+Hotel+Turismo%2C+Rio+Quente&checkin=2026-10-30&checkout=2026-11-02&group_adults=8&no_rooms=4&group_children=1&age=4&selected_currency=BRL,https://www.latamairlines.com/br/pt/oferta-voos?origin=SAO&outbound=2026-11-06T00%3A00%3A00.000Z&destination=SDU&inbound=2026-11-09T00%3A00%3A00.000Z&adt=1&chd=0&inf=0&trip=RT&cabin=Economy&redemption=true&sort=PRICE%2Casc,107401.72
87,MAO,Manaus,Brazil,2026-10-30,booking,96209,2031.3,3,Juma Amazon,https://www.booking.com/searchresults.pt-br.html?ss=Juma+Amazon+Lodge&checkin=2026-10-30&checkout=2026-11-02&group_adults=8&no_rooms=4&group_children=1&age=4&selected_currency=BRL,https://www.latamairlines.com/br/pt/oferta-voos?origin=SAO&outbound=2026-11-06T00%3A00%3A00.000Z&destination=SDU&inbound=2026-11-09T00%3A00%3A00.000Z&adt=1&chd=0&inf=0&trip=RT&cabin=Economy&redemption=true&sort=PRICE%2Casc,108396.8
204,CJC,Calama,Chile,2026-10-31,booking,98465,2845.02,2,Explora en Atacama - All Inclusive,https://www.booking.com/searchresults.pt-br.html?ss=Explora+en+Atacama+-+All+Inclusive%2C+San+Pedro+de+Atacama&checkin=2026-10-31&checkout=2026-11-02&group_adults=8&no_rooms=4&group_children=1&age=4&selected_currency=BRL,https://www.latamairlines.com/br/pt/oferta-voos?origin=SAO&outbound=2026-11-06T00%3A00%3A00.000Z&destination=SDU&inbound=2026-11-09T00%3A00%3A00.000Z&adt=1&chd=0&inf=0&trip=RT&cabin=Economy&redemption=true&sort=PRICE%2Casc,115535.12
61,UYU,Uyuni,Bolivia,2026-10-31,booking,3955,18650.34,2,Casa de Sal - Salt Hotel,https://www.booking.com/searchresults.pt-br.html?ss=Casa+de+Sal+-+Salt+Hotel%2C+Uyuni%2C+Potosi+Region+%28Salar+de+Uyuni%29%2C+Bol%C3%Advia&checkin=2026-10-31&checkout=2026-11-02&group_adults=8&no_rooms=4&group_children=1&age=4&selected_currency=BRL,https://www.latamairlines.com/br/pt/oferta-voos?origin=SAO&outbound=2026-11-06T00%3A00%3A00.000Z&destination=SDU&inbound=2026-11-09T00%3A00%3A00.000Z&adt=1&chd=0&inf=0&trip=RT&cabin=Economy&redemption=true&sort=PRICE%2Casc,115857.04000000001
117,REC,Recife,Brazil,2026-10-30,booking,106705,1527.3,3,Camurim Grande Pousada & SPA,https://www.booking.com/searchresults.pt-br.html?ss=Camurim+Grande+Pousada+%26+SPA+-+Jantar+Inclu%C3%ADdo%2C+Maragogi%2C+Alagoas%2C+Brasil&checkin=2026-10-30&checkout=2026-11-02&group_adults=8&no_rooms=4&group_children=1&age=4&selected_currency=BRL,https://www.latamairlines.com/br/pt/oferta-voos?origin=SAO&outbound=2026-11-06T00%3A00%3A00.000Z&destination=SDU&inbound=2026-11-09T00%3A00%3A00.000Z&adt=1&chd=0&inf=0&trip=RT&cabin=Economy&redemption=true&sort=PRICE%2Casc,115868.8
60,UYU,Uyuni,Bolivia,2026-10-30,booking,5933,18650.34,3,Casa de Sal - Salt Hotel,https://www.booking.com/searchresults.pt-br.html?ss=Casa+de+Sal+-+Salt+Hotel%2C+Uyuni%2C+Potosi+Region+%28Salar+de+Uyuni%29%2C+Bol%C3%Advia&checkin=2026-10-30&checkout=2026-11-02&group_adults=8&no_rooms=4&group_children=1&age=4&selected_currency=BRL,https://www.latamairlines.com/br/pt/oferta-voos?origin=SAO&outbound=2026-11-06T00%3A00%3A00.000Z&destination=SDU&inbound=2026-11-09T00%3A00%3A00.000Z&adt=1&chd=0&inf=0&trip=RT&cabin=Economy&redemption=true&sort=PRICE%2Casc,117835.04000000001
61,UYU,Uyuni,Bolivia,2026-10-31,booking,8790,18650.34,2,Hotel Rosario Uyuni Collection,https://www.booking.com/searchresults.pt-br.html?ss=Hotel+Rosario+Uyuni+Collection%2C+Uyuni%2C+Potosi+Region+%28Salar+de+Uyuni%29%2C+Bol%C3%Advia&checkin=2026-10-31&checkout=2026-11-02&group_adults=8&no_rooms=4&group_children=1&age=4&selected_currency=BRL,https://www.latamairlines.com/br/pt/oferta-voos?origin=SAO&outbound=2026-11-06T00%3A00%3A00.000Z&destination=SDU&inbound=2026-11-09T00%3A00%3A00.000Z&adt=1&chd=0&inf=0&trip=RT&cabin=Economy&redemption=true&sort=PRICE%2Casc,120692.04000000001
60,UYU,Uyuni,Bolivia,2026-10-30,booking,13185,18650.34,3,Hotel Rosario Uyuni Collection,https://www.booking.com/searchresults.pt-br.html?ss=Hotel+Rosario+Uyuni+Collection%2C+Uyuni%2C+Potosi+Region+%28Salar+de+Uyuni%29%2C+Bol%C3%Advia&checkin=2026-10-30&checkout=2026-11-02&group_adults=8&no_rooms=4&group_children=1&age=4&selected_currency=BRL,https://www.latamairlines.com/br/pt/oferta-voos?origin=SAO&outbound=2026-11-06T00%3A00%3A00.000Z&destination=SDU&inbound=2026-11-09T00%3A00%3A00.000Z&adt=1&chd=0&inf=0&trip=RT&cabin=Economy&redemption=true&sort=PRICE%2Casc,125087.04000000001
152,CGB,Cuiabá,Brazil,2026-10-30,booking,120677,892.08,3,Araras Pantanal Eco Lodge,https://www.booking.com/searchresults.pt-br.html?ss=Pousada+Araras+Pantanal+Eco+Lodge%2C+Carvoalzinho%2C+Mato+Grosso&checkin=2026-10-30&checkout=2026-11-02&group_adults=8&no_rooms=4&group_children=1&age=4&selected_currency=BRL,https://www.latamairlines.com/br/pt/oferta-voos?origin=SAO&outbound=2026-11-06T00%3A00%3A00.000Z&destination=SDU&inbound=2026-11-09T00%3A00%3A00.000Z&adt=1&chd=0&inf=0&trip=RT&cabin=Economy&redemption=true&sort=PRICE%2Casc,126029.48
10,BRC,Bariloche,Argentina,2026-10-31,booking,77349,8559.14,2,Villa Beluno Hotel & Spa,https://www.booking.com/searchresults.pt-br.html?ss=Villa+Beluno+Hotel+%26+Spa%2C+San+Carlos+de+Bariloche%2C+Rio+Negro%2C+Argentina&checkin=2026-10-31&checkout=2026-11-02&group_adults=8&no_rooms=4&group_children=1&age=4&selected_currency=BRL,https://www.latamairlines.com/br/pt/oferta-voos?origin=SAO&outbound=2026-11-06T00%3A00%3A00.000Z&destination=CNF&inbound=2026-11-09T00%3A00%3A00.000Z&adt=1&chd=0&inf=0&trip=RT&cabin=Economy&redemption=true&sort=PRICE%2Casc,128703.84
136,RIO,Rio de Janeiro,Brasil,2026-10-30,booking,122914,1523.3,3,"Copacabana Palace, A Belmond Hotel",https://www.booking.com/searchresults.pt-br.html?ss=Copacabana+Palace%2C+A+Belmond+Hotel%2C+Rio+de+Janeiro%2C+Rio+de+Janeiro%2C+Estado+do+Rio+de+Janeiro%2C+Brasil&checkin=2026-10-30&checkout=2026-11-02&group_adults=8&no_rooms=4&group_children=1&age=4&selected_currency=BRL,https://www.latamairlines.com/br/pt/oferta-voos?origin=SAO&outbound=2026-11-06T00%3A00%3A00.000Z&destination=SDU&inbound=2026-11-09T00%3A00%3A00.000Z&adt=1&chd=0&inf=0&trip=RT&cabin=Economy&redemption=true&sort=PRICE%2Casc,132053.8
121,GIG,Rio de Janeiro,Brasil,2026-10-30,booking,122914,1523.3,3,"Copacabana Palace, A Belmond Hotel",https://www.booking.com/searchresults.pt-br.html?ss=Copacabana+Palace%2C+A+Belmond+Hotel%2C+Rio+de+Janeiro%2C+Rio+de+Janeiro%2C+Estado+do+Rio+de+Janeiro%2C+Brasil&checkin=2026-10-30&checkout=2026-11-02&group_adults=8&no_rooms=4&group_children=1&age=4&selected_currency=BRL,https://www.latamairlines.com/br/pt/oferta-voos?origin=SAO&outbound=2026-11-06T00%3A00%3A00.000Z&destination=SDU&inbound=2026-11-09T00%3A00%3A00.000Z&adt=1&chd=0&inf=0&trip=RT&cabin=Economy&redemption=true&sort=PRICE%2Casc,132053.8
180,SDU,Rio de Janeiro,Brasil,2026-10-30,booking,122914,1809.3,3,"Copacabana Palace, A Belmond Hotel",https://www.booking.com/searchresults.pt-br.html?ss=Copacabana+Palace%2C+A+Belmond+Hotel%2C+Rio+de+Janeiro%2C+Rio+de+Janeiro%2C+Estado+do+Rio+de+Janeiro%2C+Brasil&checkin=2026-10-30&checkout=2026-11-02&group_adults=8&no_rooms=4&group_children=1&age=4&selected_currency=BRL,https://www.latamairlines.com/br/pt/oferta-voos?origin=SAO&outbound=2026-11-06T00%3A00%3A00.000Z&destination=SDU&inbound=2026-11-09T00%3A00%3A00.000Z&adt=1&chd=0&inf=0&trip=RT&cabin=Economy&redemption=true&sort=PRICE%2Casc,133769.8
9,BRC,Bariloche,Argentina,2026-10-30,booking,81217,9844.2,3,Villa Beluno Hotel & Spa,https://www.booking.com/searchresults.pt-br.html?ss=Villa+Beluno+Hotel+%26+Spa%2C+San+Carlos+de+Bariloche%2C+Rio+Negro%2C+Argentina&checkin=2026-10-30&checkout=2026-11-02&group_adults=8&no_rooms=4&group_children=1&age=4&selected_currency=BRL,https://www.latamairlines.com/br/pt/oferta-voos?origin=SAO&outbound=2026-11-06T00%3A00%3A00.000Z&destination=IZA&inbound=2026-11-09T00%3A00%3A00.000Z&adt=1&chd=0&inf=0&trip=RT&cabin=Economy&redemption=true&sort=PRICE%2Casc,140282.2
203,CJC,Calama,Chile,2026-10-30,booking,142011,2468.9,3,Explora en Atacama - All Inclusive,https://www.booking.com/searchresults.pt-br.html?ss=Explora+en+Atacama+-+All+Inclusive%2C+San+Pedro+de+Atacama&checkin=2026-10-30&checkout=2026-11-02&group_adults=8&no_rooms=4&group_children=1&age=4&selected_currency=BRL,https://www.latamairlines.com/br/pt/oferta-voos?origin=SAO&outbound=2026-11-06T00%3A00%3A00.000Z&destination=SDU&inbound=2026-11-09T00%3A00%3A00.000Z&adt=1&chd=0&inf=0&trip=RT&cabin=Economy&redemption=true&sort=PRICE%2Casc,156824.4
